<?xml version="1.0" encoding="UTF-8"?> <kml xmlns="http://www.opengis.net/kml/2.2"  xmlns:xsi="http://www.w3.org/2001/XMLSchema-instance"  xsi:schemaLocation="http://schemas.opengis.net/kml/2.2.0/ogckml22.xsd"   xmlns:tmap="http://tlp.tmap.co.kr/">  <Document>   <Style id="accPoint">    <IconStyle>     <scale>1.5</scale>     <Icon>      <href>http://www.allnew2013altima.com/imggallery/134/icon-poi.png</href>     </Icon>    </IconStyle>   </Style>   <Style id="style0">    <LineStyle>     <color>FF828287</color>     <width>4</width>    </LineStyle>   </Style>   <Style id="style1">    <LineStyle>     <color>FF45D51D</color>     <width>4</width>    </LineStyle>   </Style>   <Style id="style2">    <LineStyle>     <color>FF01C6FF</color>     <width>4</width>    </LineStyle>   </Style>   <Style id="style3">    <LineStyle>     <color>FF0084FF</color>     <width>4</width>    </LineStyle>   </Style>   <Style id="style4">    <LineStyle>     <color>FF1E33FF</color>     <width>4</width>    </LineStyle>   </Style>  <tmap:updateTime>201711261900</tmap:updateTime>   <Placemark>    <tmap:index>0</tmap:index>    <tmap:lineIndex>0</tmap:lineIndex>    <styleUrl>#style2</styleUrl>    <tmap:id>2009271</tmap:id>    <name><![CDATA[서오릉로/2009271/364922]]></name>    <description><![CDATA[고양용두사거리 에서 서오릉입구 방면 서행 / 29]]></description>    <tmap:congestion>2</tmap:congestion>    <tmap:direction>0</tmap:direction>    <tmap:roadType>004</tmap:roadType>    <tmap:startNodeName><![CDATA[고양용두사거리]]></tmap:startNodeName>    <tmap:endNodeName><![CDATA[서오릉입구]]></tmap:endNodeName>    <tmap:distance>732</tmap:distance>    <tmap:time>90.86</tmap:time>    <tmap:speed>29</tmap:speed>    <LineString>     <coordinates>126.881767,37.630346 126.882002,37.630242 126.882261,37.63012 126.882382,37.630068 126.884747,37.629065 126.885361,37.628802 126.887788,37.627777 126.88812,37.627694 126.888457,37.62765 126.888805,37.627632 126.889921,37.627669</coordinates>    </LineString>   </Placemark>   <Placemark>    <tmap:index>1</tmap:index>    <tmap:lineIndex>1</tmap:lineIndex>    <styleUrl>#style2</styleUrl>    <tmap:id>2009272</tmap:id>    <name><![CDATA[서오릉로/2009272/364923]]></name>    <description><![CDATA[서오릉입구 에서 고양용두사거리 방면 서행 / 21]]></description>    <tmap:congestion>2</tmap:congestion>    <tmap:direction>1</tmap:direction>    <tmap:roadType>004</tmap:roadType>    <tmap:startNodeName><![CDATA[서오릉입구]]></tmap:startNodeName>    <tmap:endNodeName><![CDATA[고양용두사거리]]></tmap:endNodeName>    <tmap:distance>732</tmap:distance>    <tmap:time>125.48</tmap:time>    <tmap:speed>21</tmap:speed>    <LineString>     <coordinates>126.889916,37.627754 126.888806,37.627717 126.888469,37.627735 126.888145,37.627777 126.88783,37.627856 126.885412,37.628877 126.884798,37.62914 126.882433,37.630143 126.882314,37.630194 126.882056,37.630316 126.881819,37.63042</coordinates>    </LineString>   </Placemark>   <Placemark>    <tmap:index>2</tmap:index>    <tmap:lineIndex>2</tmap:lineIndex>    <styleUrl>#style1</styleUrl>    <tmap:id>2008701</tmap:id>    <name><![CDATA[화랑로(고양시)/2008701/364860]]></name>    <description><![CDATA[창릉동사무소입구 에서 고양용두사거리 방면 원활 / 44]]></description>    <tmap:congestion>1</tmap:congestion>    <tmap:direction>0</tmap:direction>    <tmap:roadType>004</tmap:roadType>    <tmap:startNodeName><![CDATA[창릉동사무소입구]]></tmap:startNodeName>    <tmap:endNodeName><![CDATA[고양용두사거리]]></tmap:endNodeName>    <tmap:distance>1589</tmap:distance>    <tmap:time>130.00</tmap:time>    <tmap:speed>44</tmap:speed>    <LineString>     <coordinates>126.887556,37.642893 126.887591,37.642757 126.887591,37.642657 126.887528,37.642026 126.887503,37.641774 126.887465,37.641515 126.887408,37.641263 126.887345,37.641045 126.886966,37.640052 126.886718,37.639423 126.886574,37.639139 126.886419,37.638928 126.886178,37.638681 126.886027,37.638549 126.885791,37.63838 126.885131,37.637992 126.885099,37.637972 126.884495,37.637572 126.884107,37.637255 126.88348,37.636623 126.883336,37.636481 126.883182,37.636301 126.882829,37.635783 126.882555,37.63533 126.882487,37.635213 126.881942,37.634322 126.881756,37.63398 126.881591,37.633573 126.881521,37.633313 126.881438,37.632926 126.881395,37.632582 126.881389,37.632369 126.881409,37.631981 126.881443,37.631759 126.881663,37.630752 126.88173,37.630455 126.881739,37.630379</coordinates>    </LineString>   </Placemark>   <Placemark>    <tmap:index>3</tmap:index>    <tmap:lineIndex>3</tmap:lineIndex>    <styleUrl>#style1</styleUrl>    <tmap:id>2008702</tmap:id>    <name><![CDATA[화랑로(고양시)/2008702/364861]]></name>    <description><![CDATA[고양용두사거리 에서 창릉동사무소입구 방면 원활 / 50]]></description>    <tmap:congestion>1</tmap:congestion>    <tmap:direction>1</tmap:direction>    <tmap:roadType>004</tmap:roadType>    <tmap:startNodeName><![CDATA[고양용두사거리]]></tmap:startNodeName>    <tmap:endNodeName><![CDATA[창릉동사무소입구]]></tmap:endNodeName>    <tmap:distance>1589</tmap:distance>    <tmap:time>114.40</tmap:time>    <tmap:speed>50</tmap:speed>    <LineString>     <coordinates>126.881847,37.630387 126.881837,37.630467 126.881769,37.630767 126.881549,37.631772 126.881517,37.631987 126.881497,37.63237 126.881503,37.632576 126.881545,37.632915 126.881627,37.633297 126.881695,37.633551 126.881857,37.63395 126.88204,37.634286 126.882585,37.635177 126.882652,37.635294 126.882925,37.635745 126.883274,37.636257 126.883423,37.636431 126.883565,37.63657 126.884188,37.637199 126.884568,37.637509 126.885167,37.637906 126.885197,37.637925 126.88586,37.638314 126.886103,37.638489 126.886261,37.638626 126.886509,37.638881 126.886671,37.639101 126.88682,37.639394 126.887069,37.640027 126.88745,37.641023 126.887514,37.641246 126.887572,37.641502 126.887611,37.641766 126.887635,37.642019 126.887699,37.642654 126.887699,37.642766 126.887662,37.64291</coordinates>    </LineString>   </Placemark>  </Document> </kml> 