<?xml version="1.0" encoding="UTF-8"?> <kml xmlns="http://www.opengis.net/kml/2.2"  xmlns:xsi="http://www.w3.org/2001/XMLSchema-instance"  xsi:schemaLocation="http://schemas.opengis.net/kml/2.2.0/ogckml22.xsd"   xmlns:tmap="http://tlp.tmap.co.kr/">  <Document>   <Style id="accPoint">    <IconStyle>     <scale>1.5</scale>     <Icon>      <href>http://www.allnew2013altima.com/imggallery/134/icon-poi.png</href>     </Icon>    </IconStyle>   </Style>   <Style id="style0">    <LineStyle>     <color>FF828287</color>     <width>4</width>    </LineStyle>   </Style>   <Style id="style1">    <LineStyle>     <color>FF45D51D</color>     <width>4</width>    </LineStyle>   </Style>   <Style id="style2">    <LineStyle>     <color>FF01C6FF</color>     <width>4</width>    </LineStyle>   </Style>   <Style id="style3">    <LineStyle>     <color>FF0084FF</color>     <width>4</width>    </LineStyle>   </Style>   <Style id="style4">    <LineStyle>     <color>FF1E33FF</color>     <width>4</width>    </LineStyle>   </Style>  <tmap:updateTime>201711261900</tmap:updateTime>   <Placemark>    <tmap:index>0</tmap:index>    <tmap:lineIndex>0</tmap:lineIndex>    <styleUrl>#style1</styleUrl>    <tmap:id>1011711</tmap:id>    <name><![CDATA[/1011711/358589]]></name>    <description><![CDATA[ 에서  방면 원활 / 49]]></description>    <tmap:congestion>1</tmap:congestion>    <tmap:direction>null</tmap:direction>    <tmap:roadType>004</tmap:roadType>    <tmap:startNodeName><![CDATA[]]></tmap:startNodeName>    <tmap:endNodeName><![CDATA[]]></tmap:endNodeName>    <tmap:distance>507</tmap:distance>    <tmap:time>37.24</tmap:time>    <tmap:speed>49</tmap:speed>    <LineString>     <coordinates>126.890426,37.564291 126.890111,37.564127 126.889786,37.563826 126.888957,37.563041 126.888695,37.562798 126.888546,37.562702 126.888369,37.562625 126.88817,37.56258 126.888021,37.562565 126.8879,37.562566 126.887745,37.562587 126.887606,37.562626 126.88747,37.562685 126.887244,37.562801 126.885832,37.563611 126.884285,37.564311</coordinates>    </LineString>   </Placemark>   <Placemark>    <tmap:index>1</tmap:index>    <tmap:lineIndex>1</tmap:lineIndex>    <styleUrl>#style1</styleUrl>    <tmap:id>1011742</tmap:id>    <name><![CDATA[강변북로/1011742/358591]]></name>    <description><![CDATA[성산대교강변북로점(서) 에서 월드컵경기장IC일산방면 방면 원활 / 63]]></description>    <tmap:congestion>1</tmap:congestion>    <tmap:direction>1</tmap:direction>    <tmap:roadType>004</tmap:roadType>    <tmap:startNodeName><![CDATA[성산대교강변북로점(서)]]></tmap:startNodeName>    <tmap:endNodeName><![CDATA[월드컵경기장IC일산방면]]></tmap:endNodeName>    <tmap:distance>452</tmap:distance>    <tmap:time>25.82</tmap:time>    <tmap:speed>63</tmap:speed>    <LineString>     <coordinates>126.891387,37.5602 126.890301,37.560816 126.889922,37.56106 126.886881,37.562814 126.88429,37.564308</coordinates>    </LineString>   </Placemark>   <Placemark>    <tmap:index>2</tmap:index>    <tmap:lineIndex>2</tmap:lineIndex>    <styleUrl>#style3</styleUrl>    <tmap:id>1012881</tmap:id>    <name><![CDATA[/1012881/358714]]></name>    <description><![CDATA[ 에서  방면 지체 / 12]]></description>    <tmap:congestion>3</tmap:congestion>    <tmap:direction>null</tmap:direction>    <tmap:roadType>004</tmap:roadType>    <tmap:startNodeName><![CDATA[]]></tmap:startNodeName>    <tmap:endNodeName><![CDATA[]]></tmap:endNodeName>    <tmap:distance>466</tmap:distance>    <tmap:time>139.80</tmap:time>    <tmap:speed>12</tmap:speed>    <LineString>     <coordinates>126.890185,37.560553 126.891366,37.559997 126.891584,37.559861 126.891794,37.559708 126.892237,37.559362 126.893375,37.558261 126.89369,37.557969 126.893833,37.557824 126.893916,37.557703 126.893954,37.557625 126.893979,37.557545 126.893988,37.557504 126.894012,37.557337 126.894007,37.557191 126.89399,37.557071 126.893892,37.556788 126.89371,37.556423</coordinates>    </LineString>   </Placemark>   <Placemark>    <tmap:index>3</tmap:index>    <tmap:lineIndex>3</tmap:lineIndex>    <styleUrl>#style1</styleUrl>    <tmap:id>1010881</tmap:id>    <name><![CDATA[증산로/1010881/358476]]></name>    <description><![CDATA[월드컵경기장사거리 에서 월드컵경기장입구 방면 원활 / 53]]></description>    <tmap:congestion>1</tmap:congestion>    <tmap:direction>0</tmap:direction>    <tmap:roadType>004</tmap:roadType>    <tmap:startNodeName><![CDATA[월드컵경기장사거리]]></tmap:startNodeName>    <tmap:endNodeName><![CDATA[월드컵경기장입구]]></tmap:endNodeName>    <tmap:distance>429</tmap:distance>    <tmap:time>29.13</tmap:time>    <tmap:speed>53</tmap:speed>    <LineString>     <coordinates>126.89358,37.567688 126.893136,37.567231 126.891021,37.564909</coordinates>    </LineString>   </Placemark>   <Placemark>    <tmap:index>4</tmap:index>    <tmap:lineIndex>4</tmap:lineIndex>    <styleUrl>#style2</styleUrl>    <tmap:id>1010882</tmap:id>    <name><![CDATA[증산로/1010882/358477]]></name>    <description><![CDATA[월드컵경기장입구 에서 월드컵경기장사거리 방면 서행 / 22]]></description>    <tmap:congestion>2</tmap:congestion>    <tmap:direction>1</tmap:direction>    <tmap:roadType>004</tmap:roadType>    <tmap:startNodeName><![CDATA[월드컵경기장입구]]></tmap:startNodeName>    <tmap:endNodeName><![CDATA[월드컵경기장사거리]]></tmap:endNodeName>    <tmap:distance>456</tmap:distance>    <tmap:time>74.61</tmap:time>    <tmap:speed>22</tmap:speed>    <LineString>     <coordinates>126.891108,37.564859 126.893222,37.56718 126.893666,37.567636</coordinates>    </LineString>   </Placemark>   <Placemark>    <tmap:index>5</tmap:index>    <tmap:lineIndex>5</tmap:lineIndex>    <styleUrl>#style1</styleUrl>    <tmap:id>1011731</tmap:id>    <name><![CDATA[내부순환도로/1011731/424811]]></name>    <description><![CDATA[ 에서  방면 원활 / 54]]></description>    <tmap:congestion>1</tmap:congestion>    <tmap:direction>null</tmap:direction>    <tmap:roadType>004</tmap:roadType>    <tmap:startNodeName><![CDATA[]]></tmap:startNodeName>    <tmap:endNodeName><![CDATA[]]></tmap:endNodeName>    <tmap:distance>883</tmap:distance>    <tmap:time>58.86</tmap:time>    <tmap:speed>54</tmap:speed>    <LineString>     <coordinates>126.887575,37.56192399999999 126.888582,37.561343 126.888718,37.561244 126.889049,37.560958 126.889426,37.560591 126.889589,37.560448 126.889714,37.560349 126.890119,37.56011 126.890301,37.560021 126.890426,37.559969 126.890641,37.559892 126.890949,37.559803 126.891086,37.559774 126.891267,37.559746 126.891765,37.559708 126.892226,37.559722 126.892669,37.559784 126.892898,37.559831 126.893118,37.559894 126.894072,37.560298 126.895215,37.560792 126.89541,37.560886 126.895505,37.560933 126.895707,37.561013 126.896436,37.56129 126.896747,37.561386 126.897013,37.561463 126.897381,37.561579 126.897594,37.561636 126.898138,37.561778</coordinates>    </LineString>   </Placemark>   <Placemark>    <tmap:index>6</tmap:index>    <tmap:lineIndex>6</tmap:lineIndex>    <styleUrl>#style1</styleUrl>    <tmap:id>1012801</tmap:id>    <name><![CDATA[내부순환도로/1012801/358706]]></name>    <description><![CDATA[ 에서  방면 원활 / 39]]></description>    <tmap:congestion>1</tmap:congestion>    <tmap:direction>null</tmap:direction>    <tmap:roadType>004</tmap:roadType>    <tmap:startNodeName><![CDATA[]]></tmap:startNodeName>    <tmap:endNodeName><![CDATA[]]></tmap:endNodeName>    <tmap:distance>425</tmap:distance>    <tmap:time>39.23</tmap:time>    <tmap:speed>39</tmap:speed>    <LineString>     <coordinates>126.898089,37.561943 126.897739,37.561916 126.897667,37.561899 126.896386,37.561551 126.896062,37.561442 126.895766,37.561301 126.895171,37.560971 126.894742,37.560766 126.894443,37.560629 126.894071,37.560477 126.893814,37.560412 126.89328,37.560184 126.893107,37.56013 126.892923,37.560095 126.89278,37.560084 126.892618,37.560088 126.8924,37.560102 126.892238,37.560128 126.891996,37.560179 126.891843,37.56022 126.891716,37.560269 126.891546,37.560338 126.891194,37.560525 126.890703,37.560847 126.889925,37.56144</coordinates>    </LineString>   </Placemark>   <Placemark>    <tmap:index>7</tmap:index>    <tmap:lineIndex>7</tmap:lineIndex>    <styleUrl>#style1</styleUrl>    <tmap:id>1012902</tmap:id>    <name><![CDATA[강변북로/1012902/424839]]></name>    <description><![CDATA[성산대교강변북로점(동) 에서 성산대교강변북로점(서) 방면 원활 / 60]]></description>    <tmap:congestion>1</tmap:congestion>    <tmap:direction>1</tmap:direction>    <tmap:roadType>007</tmap:roadType>    <tmap:startNodeName><![CDATA[성산대교강변북로점(동)]]></tmap:startNodeName>    <tmap:endNodeName><![CDATA[성산대교강변북로점(서)]]></tmap:endNodeName>    <tmap:distance>700</tmap:distance>    <tmap:time>41.99</tmap:time>    <tmap:speed>60</tmap:speed>    <LineString>     <coordinates>126.891785,37.559961 126.891389,37.5602</coordinates>    </LineString>   </Placemark>   <Placemark>    <tmap:index>8</tmap:index>    <tmap:lineIndex>8</tmap:lineIndex>    <styleUrl>#style1</styleUrl>    <tmap:id>1011701</tmap:id>    <name><![CDATA[/1011701/358588]]></name>    <description><![CDATA[ 에서  방면 원활 / 48]]></description>    <tmap:congestion>1</tmap:congestion>    <tmap:direction>null</tmap:direction>    <tmap:roadType>004</tmap:roadType>    <tmap:startNodeName><![CDATA[]]></tmap:startNodeName>    <tmap:endNodeName><![CDATA[]]></tmap:endNodeName>    <tmap:distance>892</tmap:distance>    <tmap:time>66.90</tmap:time>    <tmap:speed>48</tmap:speed>    <LineString>     <coordinates>126.891022,37.56491 126.889563,37.563405 126.888704,37.562445 126.887742,37.561231 126.887691,37.561176 126.887632,37.561127 126.887474,37.561021 126.887346,37.560968 126.887189,37.560928 126.887023,37.560911 126.886877,37.560924 126.886687,37.560966 126.886544,37.561019 126.886413,37.561082 126.886275,37.561167 126.886148,37.561268 126.886049,37.561374 126.885923,37.561537 126.885853,37.561671 126.885822,37.561779 126.885809,37.561875 126.885816,37.561955 126.885845,37.562034 126.885886,37.56211 126.885949,37.56219 126.886024,37.562255 126.88611,37.562308 126.886196,37.562343 126.886333,37.562378 126.886465,37.562396 126.886565,37.562393 126.886678,37.562369 126.886818,37.562323 126.886932,37.56227 126.887225,37.5621</coordinates>    </LineString>   </Placemark>   <Placemark>    <tmap:index>9</tmap:index>    <tmap:lineIndex>9</tmap:lineIndex>    <styleUrl>#style1</styleUrl>    <tmap:id>1011722</tmap:id>    <name><![CDATA[/1011722/358590]]></name>    <description><![CDATA[ 에서  방면 원활 / 50]]></description>    <tmap:congestion>1</tmap:congestion>    <tmap:direction>null</tmap:direction>    <tmap:roadType>004</tmap:roadType>    <tmap:startNodeName><![CDATA[]]></tmap:startNodeName>    <tmap:endNodeName><![CDATA[]]></tmap:endNodeName>    <tmap:distance>498</tmap:distance>    <tmap:time>35.85</tmap:time>    <tmap:speed>50</tmap:speed>    <LineString>     <coordinates>126.889931,37.561053 126.889338,37.561632 126.889246,37.5618 126.889218,37.561907 126.889211,37.562015 126.889219,37.562103 126.889253,37.56223 126.889306,37.562328 126.889424,37.562503 126.889679,37.562794 126.889917,37.563051 126.890371,37.563584 126.890946,37.564502 126.891115,37.56487</coordinates>    </LineString>   </Placemark>   <Placemark>    <tmap:index>10</tmap:index>    <tmap:lineIndex>10</tmap:lineIndex>    <styleUrl>#style1</styleUrl>    <tmap:id>1011731</tmap:id>    <name><![CDATA[내부순환도로/1011731/424812]]></name>    <description><![CDATA[ 에서  방면 원활 / 54]]></description>    <tmap:congestion>1</tmap:congestion>    <tmap:direction>null</tmap:direction>    <tmap:roadType>004</tmap:roadType>    <tmap:startNodeName><![CDATA[]]></tmap:startNodeName>    <tmap:endNodeName><![CDATA[]]></tmap:endNodeName>    <tmap:distance>883</tmap:distance>    <tmap:time>58.86</tmap:time>    <tmap:speed>54</tmap:speed>    <LineString>     <coordinates>126.887228,37.562099 126.887578,37.561922</coordinates>    </LineString>   </Placemark>   <Placemark>    <tmap:index>11</tmap:index>    <tmap:lineIndex>11</tmap:lineIndex>    <styleUrl>#style1</styleUrl>    <tmap:id>1011731</tmap:id>    <name><![CDATA[내부순환도로/1011731/424813]]></name>    <description><![CDATA[ 에서  방면 원활 / 54]]></description>    <tmap:congestion>1</tmap:congestion>    <tmap:direction>null</tmap:direction>    <tmap:roadType>004</tmap:roadType>    <tmap:startNodeName><![CDATA[]]></tmap:startNodeName>    <tmap:endNodeName><![CDATA[]]></tmap:endNodeName>    <tmap:distance>883</tmap:distance>    <tmap:time>58.86</tmap:time>    <tmap:speed>54</tmap:speed>    <LineString>     <coordinates>126.887102,37.56235199999999 126.887566,37.56193</coordinates>    </LineString>   </Placemark>   <Placemark>    <tmap:index>12</tmap:index>    <tmap:lineIndex>12</tmap:lineIndex>    <styleUrl>#style1</styleUrl>    <tmap:id>1011751</tmap:id>    <name><![CDATA[강변북로/1011751/424816]]></name>    <description><![CDATA[월드컵경기장IC천호방면 에서 성산대교강변북로점(서) 방면 원활 / 47]]></description>    <tmap:congestion>1</tmap:congestion>    <tmap:direction>0</tmap:direction>    <tmap:roadType>004</tmap:roadType>    <tmap:startNodeName><![CDATA[월드컵경기장IC천호방면]]></tmap:startNodeName>    <tmap:endNodeName><![CDATA[성산대교강변북로점(서)]]></tmap:endNodeName>    <tmap:distance>395</tmap:distance>    <tmap:time>30.25</tmap:time>    <tmap:speed>47</tmap:speed>    <LineString>     <coordinates>126.88711,37.562346 126.89018,37.560555 126.890818,37.560175 126.891689,37.559623</coordinates>    </LineString>   </Placemark>   <Placemark>    <tmap:index>13</tmap:index>    <tmap:lineIndex>13</tmap:lineIndex>    <styleUrl>#style1</styleUrl>    <tmap:id>1011751</tmap:id>    <name><![CDATA[강변북로/1011751/424815]]></name>    <description><![CDATA[월드컵경기장IC천호방면 에서 성산대교강변북로점(서) 방면 원활 / 47]]></description>    <tmap:congestion>1</tmap:congestion>    <tmap:direction>0</tmap:direction>    <tmap:roadType>004</tmap:roadType>    <tmap:startNodeName><![CDATA[월드컵경기장IC천호방면]]></tmap:startNodeName>    <tmap:endNodeName><![CDATA[성산대교강변북로점(서)]]></tmap:endNodeName>    <tmap:distance>395</tmap:distance>    <tmap:time>30.25</tmap:time>    <tmap:speed>47</tmap:speed>    <LineString>     <coordinates>126.887217,37.5621 126.887487,37.56187099999999 126.888236,37.56139 126.888924,37.560948 126.889091,37.560854 126.88985,37.56053899999999 126.890274,37.560391 126.890568,37.560245 126.890966,37.56001 126.891435,37.559714 126.8917,37.559617</coordinates>    </LineString>   </Placemark>   <Placemark>    <tmap:index>14</tmap:index>    <tmap:lineIndex>14</tmap:lineIndex>    <styleUrl>#style1</styleUrl>    <tmap:id>1011751</tmap:id>    <name><![CDATA[강변북로/1011751/424814]]></name>    <description><![CDATA[월드컵경기장IC천호방면 에서 성산대교강변북로점(서) 방면 원활 / 47]]></description>    <tmap:congestion>1</tmap:congestion>    <tmap:direction>0</tmap:direction>    <tmap:roadType>004</tmap:roadType>    <tmap:startNodeName><![CDATA[월드컵경기장IC천호방면]]></tmap:startNodeName>    <tmap:endNodeName><![CDATA[성산대교강변북로점(서)]]></tmap:endNodeName>    <tmap:distance>395</tmap:distance>    <tmap:time>30.25</tmap:time>    <tmap:speed>47</tmap:speed>    <LineString>     <coordinates>126.891688,37.559623 126.891816,37.559538 126.892178,37.55922 126.892657,37.558767 126.892859,37.558534 126.893486,37.557813</coordinates>    </LineString>   </Placemark>   <Placemark>    <tmap:index>15</tmap:index>    <tmap:lineIndex>15</tmap:lineIndex>    <styleUrl>#style1</styleUrl>    <tmap:id>1012841</tmap:id>    <name><![CDATA[/1012841/358709]]></name>    <description><![CDATA[ 에서  방면 원활 / 42]]></description>    <tmap:congestion>1</tmap:congestion>    <tmap:direction>null</tmap:direction>    <tmap:roadType>004</tmap:roadType>    <tmap:startNodeName><![CDATA[]]></tmap:startNodeName>    <tmap:endNodeName><![CDATA[]]></tmap:endNodeName>    <tmap:distance>502</tmap:distance>    <tmap:time>43.02</tmap:time>    <tmap:speed>42</tmap:speed>    <LineString>     <coordinates>126.896075,37.560287 126.895926,37.5602 126.894367,37.559527 126.894088,37.559452 126.893875,37.559415 126.893615,37.559397 126.893467,37.5594 126.893235,37.559428 126.893079,37.559466 126.892831,37.559558 126.892658,37.559636 126.892319,37.559795 126.891382,37.560203</coordinates>    </LineString>   </Placemark>   <Placemark>    <tmap:index>16</tmap:index>    <tmap:lineIndex>16</tmap:lineIndex>    <styleUrl>#style1</styleUrl>    <tmap:id>1012861</tmap:id>    <name><![CDATA[/1012861/358713]]></name>    <description><![CDATA[ 에서  방면 원활 / 57]]></description>    <tmap:congestion>1</tmap:congestion>    <tmap:direction>null</tmap:direction>    <tmap:roadType>004</tmap:roadType>    <tmap:startNodeName><![CDATA[]]></tmap:startNodeName>    <tmap:endNodeName><![CDATA[]]></tmap:endNodeName>    <tmap:distance>1061</tmap:distance>    <tmap:time>67.01</tmap:time>    <tmap:speed>57</tmap:speed>    <LineString>     <coordinates>126.894361,37.559525 126.893808,37.559263 126.893662,37.559181 126.893556,37.559106 126.893486,37.55904 126.893417,37.558943 126.893349,37.558834 126.893306,37.558748 126.893265,37.558623 126.893252,37.558482 126.893262,37.558378 126.893307,37.55821 126.893341,37.558109 126.893386,37.558028 126.893456,37.557928 126.893714,37.557672</coordinates>    </LineString>   </Placemark>   <Placemark>    <tmap:index>17</tmap:index>    <tmap:lineIndex>17</tmap:lineIndex>    <styleUrl>#style1</styleUrl>    <tmap:id>1012902</tmap:id>    <name><![CDATA[강변북로/1012902/424838]]></name>    <description><![CDATA[성산대교강변북로점(동) 에서 성산대교강변북로점(서) 방면 원활 / 60]]></description>    <tmap:congestion>1</tmap:congestion>    <tmap:direction>1</tmap:direction>    <tmap:roadType>007</tmap:roadType>    <tmap:startNodeName><![CDATA[성산대교강변북로점(동)]]></tmap:startNodeName>    <tmap:endNodeName><![CDATA[성산대교강변북로점(서)]]></tmap:endNodeName>    <tmap:distance>700</tmap:distance>    <tmap:time>41.99</tmap:time>    <tmap:speed>60</tmap:speed>    <LineString>     <coordinates>126.896278,37.555979 126.895975,37.556268 126.894778,37.557435 126.893832,37.558331 126.893679,37.558471 126.89343,37.558717 126.893056,37.559044 126.892486,37.55954599999999 126.891785,37.559961</coordinates>    </LineString>   </Placemark>   <Placemark>    <tmap:index>18</tmap:index>    <tmap:lineIndex>18</tmap:lineIndex>    <styleUrl>#style1</styleUrl>    <tmap:id>1012902</tmap:id>    <name><![CDATA[강변북로/1012902/424837]]></name>    <description><![CDATA[성산대교강변북로점(동) 에서 성산대교강변북로점(서) 방면 원활 / 60]]></description>    <tmap:congestion>1</tmap:congestion>    <tmap:direction>1</tmap:direction>    <tmap:roadType>007</tmap:roadType>    <tmap:startNodeName><![CDATA[성산대교강변북로점(동)]]></tmap:startNodeName>    <tmap:endNodeName><![CDATA[성산대교강변북로점(서)]]></tmap:endNodeName>    <tmap:distance>700</tmap:distance>    <tmap:time>41.99</tmap:time>    <tmap:speed>60</tmap:speed>    <LineString>     <coordinates>126.897464,37.554864 126.897056,37.555153 126.896678,37.55546499999999 126.896419,37.555645 126.896122,37.55591799999999 126.894427,37.557612 126.894109,37.5579 126.892158,37.559678 126.891956,37.55983799999999 126.891789,37.559959</coordinates>    </LineString>   </Placemark>   <Placemark>    <tmap:index>19</tmap:index>    <tmap:lineIndex>19</tmap:lineIndex>    <styleUrl>#style1</styleUrl>    <tmap:id>1008041</tmap:id>    <name><![CDATA[강변북로/1008041/358083]]></name>    <description><![CDATA[가양대교강변북로점 에서 월드컵경기장IC천호방면 방면 원활 / 60]]></description>    <tmap:congestion>1</tmap:congestion>    <tmap:direction>0</tmap:direction>    <tmap:roadType>007</tmap:roadType>    <tmap:startNodeName><![CDATA[가양대교강변북로점]]></tmap:startNodeName>    <tmap:endNodeName><![CDATA[월드컵경기장IC천호방면]]></tmap:endNodeName>    <tmap:distance>1977</tmap:distance>    <tmap:time>118.62</tmap:time>    <tmap:speed>60</tmap:speed>    <LineString>     <coordinates>126.865073,37.574982 126.867789,37.573421 126.869371,37.572503 126.871237,37.571433 126.872217,37.570878 126.873776,37.569996 126.87721,37.568028 126.884128,37.564059 126.88711,37.562346</coordinates>    </LineString>   </Placemark>   <Placemark>    <tmap:index>20</tmap:index>    <tmap:lineIndex>20</tmap:lineIndex>    <styleUrl>#style1</styleUrl>    <tmap:id>1040191</tmap:id>    <name><![CDATA[강변북로/1040191/361320]]></name>    <description><![CDATA[월드컵경기장IC일산방면 에서 가양대교강변북로점 방면 원활 / 71]]></description>    <tmap:congestion>1</tmap:congestion>    <tmap:direction>1</tmap:direction>    <tmap:roadType>002</tmap:roadType>    <tmap:startNodeName><![CDATA[월드컵경기장IC일산방면]]></tmap:startNodeName>    <tmap:endNodeName><![CDATA[가양대교강변북로점]]></tmap:endNodeName>    <tmap:distance>1757</tmap:distance>    <tmap:time>89.08</tmap:time>    <tmap:speed>71</tmap:speed>    <LineString>     <coordinates>126.884291,37.564308 126.883286,37.564899 126.882564,37.565318 126.879972,37.566822 126.877401,37.568299 126.872781,37.570974 126.871177,37.57189 126.868275,37.573642 126.868009,37.573894 126.867431,37.574304 126.867247,37.574427</coordinates>    </LineString>   </Placemark>   <Placemark>    <tmap:index>21</tmap:index>    <tmap:lineIndex>21</tmap:lineIndex>    <styleUrl>#style1</styleUrl>    <tmap:id>1009231</tmap:id>    <name><![CDATA[월드컵로/1009231/358245]]></name>    <description><![CDATA[하늘공원 에서 월드컵경기장사거리 방면 원활 / 49]]></description>    <tmap:congestion>1</tmap:congestion>    <tmap:direction>0</tmap:direction>    <tmap:roadType>004</tmap:roadType>    <tmap:startNodeName><![CDATA[하늘공원]]></tmap:startNodeName>    <tmap:endNodeName><![CDATA[월드컵경기장사거리]]></tmap:endNodeName>    <tmap:distance>997</tmap:distance>    <tmap:time>73.24</tmap:time>    <tmap:speed>49</tmap:speed>    <LineString>     <coordinates>126.888126,37.573002 126.888355,37.572773 126.889413,37.57135 126.889699,37.570998 126.890681,37.569967 126.891201,37.569482 126.892018,37.568766 126.893146,37.567941 126.893587,37.56763</coordinates>    </LineString>   </Placemark>   <Placemark>    <tmap:index>22</tmap:index>    <tmap:lineIndex>22</tmap:lineIndex>    <styleUrl>#style1</styleUrl>    <tmap:id>1009232</tmap:id>    <name><![CDATA[월드컵로/1009232/358246]]></name>    <description><![CDATA[월드컵경기장사거리 에서 하늘공원 방면 원활 / 38]]></description>    <tmap:congestion>1</tmap:congestion>    <tmap:direction>1</tmap:direction>    <tmap:roadType>004</tmap:roadType>    <tmap:startNodeName><![CDATA[월드컵경기장사거리]]></tmap:startNodeName>    <tmap:endNodeName><![CDATA[하늘공원]]></tmap:endNodeName>    <tmap:distance>997</tmap:distance>    <tmap:time>94.45</tmap:time>    <tmap:speed>38</tmap:speed>    <LineString>     <coordinates>126.893659,37.567694 126.893218,37.568004 126.892094,37.568827 126.891282,37.569538 126.890765,37.570021 126.889787,37.571047 126.889505,37.571394 126.888444,37.572821 126.888211,37.573055</coordinates>    </LineString>   </Placemark>  </Document> </kml> 