<?xml version="1.0" encoding="UTF-8"?> <kml xmlns="http://www.opengis.net/kml/2.2"  xmlns:xsi="http://www.w3.org/2001/XMLSchema-instance"  xsi:schemaLocation="http://schemas.opengis.net/kml/2.2.0/ogckml22.xsd"   xmlns:tmap="http://tlp.tmap.co.kr/">  <Document>   <Style id="accPoint">    <IconStyle>     <scale>1.5</scale>     <Icon>      <href>http://www.allnew2013altima.com/imggallery/134/icon-poi.png</href>     </Icon>    </IconStyle>   </Style>   <Style id="style0">    <LineStyle>     <color>FF828287</color>     <width>4</width>    </LineStyle>   </Style>   <Style id="style1">    <LineStyle>     <color>FF45D51D</color>     <width>4</width>    </LineStyle>   </Style>   <Style id="style2">    <LineStyle>     <color>FF01C6FF</color>     <width>4</width>    </LineStyle>   </Style>   <Style id="style3">    <LineStyle>     <color>FF0084FF</color>     <width>4</width>    </LineStyle>   </Style>   <Style id="style4">    <LineStyle>     <color>FF1E33FF</color>     <width>4</width>    </LineStyle>   </Style>  <tmap:updateTime>201711261900</tmap:updateTime>   <Placemark>    <tmap:index>0</tmap:index>    <tmap:lineIndex>0</tmap:lineIndex>    <styleUrl>#style1</styleUrl>    <tmap:id>1008041</tmap:id>    <name><![CDATA[강변북로/1008041/358083]]></name>    <description><![CDATA[가양대교강변북로점 에서 월드컵경기장IC천호방면 방면 원활 / 60]]></description>    <tmap:congestion>1</tmap:congestion>    <tmap:direction>0</tmap:direction>    <tmap:roadType>007</tmap:roadType>    <tmap:startNodeName><![CDATA[가양대교강변북로점]]></tmap:startNodeName>    <tmap:endNodeName><![CDATA[월드컵경기장IC천호방면]]></tmap:endNodeName>    <tmap:distance>1977</tmap:distance>    <tmap:time>118.62</tmap:time>    <tmap:speed>60</tmap:speed>    <LineString>     <coordinates>126.865073,37.574982 126.867789,37.573421 126.869371,37.572503 126.871237,37.571433 126.872217,37.570878 126.873776,37.569996 126.87721,37.568028 126.884128,37.564059 126.88711,37.562346</coordinates>    </LineString>   </Placemark>   <Placemark>    <tmap:index>1</tmap:index>    <tmap:lineIndex>1</tmap:lineIndex>    <styleUrl>#style1</styleUrl>    <tmap:id>1040191</tmap:id>    <name><![CDATA[강변북로/1040191/361320]]></name>    <description><![CDATA[월드컵경기장IC일산방면 에서 가양대교강변북로점 방면 원활 / 71]]></description>    <tmap:congestion>1</tmap:congestion>    <tmap:direction>1</tmap:direction>    <tmap:roadType>002</tmap:roadType>    <tmap:startNodeName><![CDATA[월드컵경기장IC일산방면]]></tmap:startNodeName>    <tmap:endNodeName><![CDATA[가양대교강변북로점]]></tmap:endNodeName>    <tmap:distance>1757</tmap:distance>    <tmap:time>89.08</tmap:time>    <tmap:speed>71</tmap:speed>    <LineString>     <coordinates>126.884291,37.564308 126.883286,37.564899 126.882564,37.565318 126.879972,37.566822 126.877401,37.568299 126.872781,37.570974 126.871177,37.57189 126.868275,37.573642 126.868009,37.573894 126.867431,37.574304 126.867247,37.574427</coordinates>    </LineString>   </Placemark>   <Placemark>    <tmap:index>2</tmap:index>    <tmap:lineIndex>2</tmap:lineIndex>    <styleUrl>#style2</styleUrl>    <tmap:id>1008631</tmap:id>    <name><![CDATA[월드컵로/1008631/358161]]></name>    <description><![CDATA[난지천공원입구 에서 구룡사거리(고양) 방면 서행 / 20]]></description>    <tmap:congestion>2</tmap:congestion>    <tmap:direction>1</tmap:direction>    <tmap:roadType>004</tmap:roadType>    <tmap:startNodeName><![CDATA[난지천공원입구]]></tmap:startNodeName>    <tmap:endNodeName><![CDATA[구룡사거리(고양)]]></tmap:endNodeName>    <tmap:distance>512</tmap:distance>    <tmap:time>92.16</tmap:time>    <tmap:speed>20</tmap:speed>    <LineString>     <coordinates>126.881019,37.577438 126.876796,37.579931 126.876279,37.580265</coordinates>    </LineString>   </Placemark>   <Placemark>    <tmap:index>3</tmap:index>    <tmap:lineIndex>3</tmap:lineIndex>    <styleUrl>#style1</styleUrl>    <tmap:id>1008632</tmap:id>    <name><![CDATA[월드컵로/1008632/358162]]></name>    <description><![CDATA[구룡사거리(고양) 에서 난지천공원입구 방면 원활 / 46]]></description>    <tmap:congestion>1</tmap:congestion>    <tmap:direction>0</tmap:direction>    <tmap:roadType>004</tmap:roadType>    <tmap:startNodeName><![CDATA[구룡사거리(고양)]]></tmap:startNodeName>    <tmap:endNodeName><![CDATA[난지천공원입구]]></tmap:endNodeName>    <tmap:distance>512</tmap:distance>    <tmap:time>40.06</tmap:time>    <tmap:speed>46</tmap:speed>    <LineString>     <coordinates>126.876211,37.580199 126.87673,37.579863 126.880954,37.57737</coordinates>    </LineString>   </Placemark>   <Placemark>    <tmap:index>4</tmap:index>    <tmap:lineIndex>4</tmap:lineIndex>    <styleUrl>#style0</styleUrl>    <tmap:id>1056791</tmap:id>    <name><![CDATA[월드컵로42길/1056791/361718]]></name>    <description><![CDATA[ 에서  방면 정보없음 / 0]]></description>    <tmap:congestion>0</tmap:congestion>    <tmap:direction>null</tmap:direction>    <tmap:roadType>004</tmap:roadType>    <tmap:startNodeName><![CDATA[]]></tmap:startNodeName>    <tmap:endNodeName><![CDATA[]]></tmap:endNodeName>    <tmap:distance>147</tmap:distance>    <tmap:time>0.00</tmap:time>    <tmap:speed>0</tmap:speed>    <LineString>     <coordinates>126.878567,37.581451 126.879185,37.580876 126.879339,37.580762 126.879593,37.580521 126.879664,37.580469</coordinates>    </LineString>   </Placemark>   <Placemark>    <tmap:index>5</tmap:index>    <tmap:lineIndex>5</tmap:lineIndex>    <styleUrl>#style1</styleUrl>    <tmap:id>1057231</tmap:id>    <name><![CDATA[가양대로/1057231/361804]]></name>    <description><![CDATA[마포상암CNG충전소 에서 월드컵파크7단지앞 방면 원활 / 41]]></description>    <tmap:congestion>1</tmap:congestion>    <tmap:direction>1</tmap:direction>    <tmap:roadType>004</tmap:roadType>    <tmap:startNodeName><![CDATA[마포상암CNG충전소]]></tmap:startNodeName>    <tmap:endNodeName><![CDATA[월드컵파크7단지앞]]></tmap:endNodeName>    <tmap:distance>363</tmap:distance>    <tmap:time>31.87</tmap:time>    <tmap:speed>41</tmap:speed>    <LineString>     <coordinates>126.878638,37.581443 126.881553,37.582979 126.882068,37.583244</coordinates>    </LineString>   </Placemark>   <Placemark>    <tmap:index>6</tmap:index>    <tmap:lineIndex>6</tmap:lineIndex>    <styleUrl>#style0</styleUrl>    <tmap:id>1056792</tmap:id>    <name><![CDATA[월드컵로42길/1056792/361719]]></name>    <description><![CDATA[ 에서  방면 정보없음 / 0]]></description>    <tmap:congestion>0</tmap:congestion>    <tmap:direction>null</tmap:direction>    <tmap:roadType>004</tmap:roadType>    <tmap:startNodeName><![CDATA[]]></tmap:startNodeName>    <tmap:endNodeName><![CDATA[]]></tmap:endNodeName>    <tmap:distance>147</tmap:distance>    <tmap:time>0.00</tmap:time>    <tmap:speed>0</tmap:speed>    <LineString>     <coordinates>126.879415,37.580823 126.879263,37.580935 126.878649,37.581506</coordinates>    </LineString>   </Placemark>   <Placemark>    <tmap:index>7</tmap:index>    <tmap:lineIndex>7</tmap:lineIndex>    <styleUrl>#style3</styleUrl>    <tmap:id>2133311</tmap:id>    <name><![CDATA[가양대로/2133311/376610]]></name>    <description><![CDATA[마포상암CNG충전소 에서 구룡사거리(고양) 방면 지체 / 18]]></description>    <tmap:congestion>3</tmap:congestion>    <tmap:direction>0</tmap:direction>    <tmap:roadType>004</tmap:roadType>    <tmap:startNodeName><![CDATA[마포상암CNG충전소]]></tmap:startNodeName>    <tmap:endNodeName><![CDATA[구룡사거리(고양)]]></tmap:endNodeName>    <tmap:distance>250</tmap:distance>    <tmap:time>50.00</tmap:time>    <tmap:speed>18</tmap:speed>    <LineString>     <coordinates>126.878579,37.581514 126.876737,37.580548 126.876215,37.580267</coordinates>    </LineString>   </Placemark>   <Placemark>    <tmap:index>8</tmap:index>    <tmap:lineIndex>8</tmap:lineIndex>    <styleUrl>#style1</styleUrl>    <tmap:id>2133312</tmap:id>    <name><![CDATA[가양대로/2133312/376611]]></name>    <description><![CDATA[구룡사거리(고양) 에서 마포상암CNG충전소 방면 원활 / 45]]></description>    <tmap:congestion>1</tmap:congestion>    <tmap:direction>1</tmap:direction>    <tmap:roadType>004</tmap:roadType>    <tmap:startNodeName><![CDATA[구룡사거리(고양)]]></tmap:startNodeName>    <tmap:endNodeName><![CDATA[마포상암CNG충전소]]></tmap:endNodeName>    <tmap:distance>250</tmap:distance>    <tmap:time>20.00</tmap:time>    <tmap:speed>45</tmap:speed>    <LineString>     <coordinates>126.876276,37.580197 126.876797,37.580478 126.878638,37.581443</coordinates>    </LineString>   </Placemark>   <Placemark>    <tmap:index>9</tmap:index>    <tmap:lineIndex>9</tmap:lineIndex>    <styleUrl>#style1</styleUrl>    <tmap:id>1057232</tmap:id>    <name><![CDATA[가양대로/1057232/361805]]></name>    <description><![CDATA[월드컵파크7단지앞 에서 마포상암CNG충전소 방면 원활 / 52]]></description>    <tmap:congestion>1</tmap:congestion>    <tmap:direction>0</tmap:direction>    <tmap:roadType>004</tmap:roadType>    <tmap:startNodeName><![CDATA[월드컵파크7단지앞]]></tmap:startNodeName>    <tmap:endNodeName><![CDATA[마포상암CNG충전소]]></tmap:endNodeName>    <tmap:distance>363</tmap:distance>    <tmap:time>25.13</tmap:time>    <tmap:speed>52</tmap:speed>    <LineString>     <coordinates>126.882009,37.583316 126.881494,37.583051 126.878579,37.581514</coordinates>    </LineString>   </Placemark>   <Placemark>    <tmap:index>10</tmap:index>    <tmap:lineIndex>10</tmap:lineIndex>    <styleUrl>#style1</styleUrl>    <tmap:id>1009231</tmap:id>    <name><![CDATA[월드컵로/1009231/358245]]></name>    <description><![CDATA[하늘공원 에서 월드컵경기장사거리 방면 원활 / 49]]></description>    <tmap:congestion>1</tmap:congestion>    <tmap:direction>0</tmap:direction>    <tmap:roadType>004</tmap:roadType>    <tmap:startNodeName><![CDATA[하늘공원]]></tmap:startNodeName>    <tmap:endNodeName><![CDATA[월드컵경기장사거리]]></tmap:endNodeName>    <tmap:distance>997</tmap:distance>    <tmap:time>73.24</tmap:time>    <tmap:speed>49</tmap:speed>    <LineString>     <coordinates>126.888126,37.573002 126.888355,37.572773 126.889413,37.57135 126.889699,37.570998 126.890681,37.569967 126.891201,37.569482 126.892018,37.568766 126.893146,37.567941 126.893587,37.56763</coordinates>    </LineString>   </Placemark>   <Placemark>    <tmap:index>11</tmap:index>    <tmap:lineIndex>11</tmap:lineIndex>    <styleUrl>#style1</styleUrl>    <tmap:id>1009232</tmap:id>    <name><![CDATA[월드컵로/1009232/358246]]></name>    <description><![CDATA[월드컵경기장사거리 에서 하늘공원 방면 원활 / 38]]></description>    <tmap:congestion>1</tmap:congestion>    <tmap:direction>1</tmap:direction>    <tmap:roadType>004</tmap:roadType>    <tmap:startNodeName><![CDATA[월드컵경기장사거리]]></tmap:startNodeName>    <tmap:endNodeName><![CDATA[하늘공원]]></tmap:endNodeName>    <tmap:distance>997</tmap:distance>    <tmap:time>94.45</tmap:time>    <tmap:speed>38</tmap:speed>    <LineString>     <coordinates>126.893659,37.567694 126.893218,37.568004 126.892094,37.568827 126.891282,37.569538 126.890765,37.570021 126.889787,37.571047 126.889505,37.571394 126.888444,37.572821 126.888211,37.573055</coordinates>    </LineString>   </Placemark>   <Placemark>    <tmap:index>12</tmap:index>    <tmap:lineIndex>12</tmap:lineIndex>    <styleUrl>#style1</styleUrl>    <tmap:id>1009171</tmap:id>    <name><![CDATA[증산로/1009171/358235]]></name>    <description><![CDATA[상암사거리 에서 월드컵경기장사거리 방면 원활 / 33]]></description>    <tmap:congestion>1</tmap:congestion>    <tmap:direction>0</tmap:direction>    <tmap:roadType>004</tmap:roadType>    <tmap:startNodeName><![CDATA[상암사거리]]></tmap:startNodeName>    <tmap:endNodeName><![CDATA[월드컵경기장사거리]]></tmap:endNodeName>    <tmap:distance>714</tmap:distance>    <tmap:time>77.89</tmap:time>    <tmap:speed>33</tmap:speed>    <LineString>     <coordinates>126.898787,37.573423 126.898606,37.573247 126.898588,37.573231 126.898557,37.573221 126.8985,37.57318 126.898435,37.57313 126.89813,37.572818 126.896972,37.571532 126.896159,37.570654 126.895412,37.569872 126.895202,37.569491 126.895101,37.569374 126.894558,37.568752 126.894458,37.568649 126.894008,37.568175 126.893579,37.567686</coordinates>    </LineString>   </Placemark>   <Placemark>    <tmap:index>13</tmap:index>    <tmap:lineIndex>13</tmap:lineIndex>    <styleUrl>#style0</styleUrl>    <tmap:id>1057261</tmap:id>    <name><![CDATA[월드컵북로54길/1057261/361810]]></name>    <description><![CDATA[ 에서  방면 정보없음 / 0]]></description>    <tmap:congestion>0</tmap:congestion>    <tmap:direction>null</tmap:direction>    <tmap:roadType>004</tmap:roadType>    <tmap:startNodeName><![CDATA[]]></tmap:startNodeName>    <tmap:endNodeName><![CDATA[]]></tmap:endNodeName>    <tmap:distance>326</tmap:distance>    <tmap:time>0.00</tmap:time>    <tmap:speed>0</tmap:speed>    <LineString>     <coordinates>126.887918,37.579809 126.888781,37.580665 126.889425,37.581287 126.890252,37.582085</coordinates>    </LineString>   </Placemark>   <Placemark>    <tmap:index>14</tmap:index>    <tmap:lineIndex>14</tmap:lineIndex>    <styleUrl>#style0</styleUrl>    <tmap:id>1057262</tmap:id>    <name><![CDATA[월드컵북로54길/1057262/361811]]></name>    <description><![CDATA[ 에서  방면 정보없음 / 0]]></description>    <tmap:congestion>0</tmap:congestion>    <tmap:direction>null</tmap:direction>    <tmap:roadType>004</tmap:roadType>    <tmap:startNodeName><![CDATA[]]></tmap:startNodeName>    <tmap:endNodeName><![CDATA[]]></tmap:endNodeName>    <tmap:distance>326</tmap:distance>    <tmap:time>0.00</tmap:time>    <tmap:speed>0</tmap:speed>    <LineString>     <coordinates>126.890169,37.58214 126.889342,37.581342 126.888697,37.580719 126.887833,37.579863</coordinates>    </LineString>   </Placemark>   <Placemark>    <tmap:index>15</tmap:index>    <tmap:lineIndex>15</tmap:lineIndex>    <styleUrl>#style1</styleUrl>    <tmap:id>1057091</tmap:id>    <name><![CDATA[월드컵로/1057091/361778]]></name>    <description><![CDATA[디지털미디어시티입구 에서 난지천공원입구 방면 원활 / 62]]></description>    <tmap:congestion>1</tmap:congestion>    <tmap:direction>1</tmap:direction>    <tmap:roadType>004</tmap:roadType>    <tmap:startNodeName><![CDATA[디지털미디어시티입구]]></tmap:startNodeName>    <tmap:endNodeName><![CDATA[난지천공원입구]]></tmap:endNodeName>    <tmap:distance>601</tmap:distance>    <tmap:time>34.89</tmap:time>    <tmap:speed>62</tmap:speed>    <LineString>     <coordinates>126.886488,37.574212 126.883774,37.575822 126.881019,37.577438</coordinates>    </LineString>   </Placemark>   <Placemark>    <tmap:index>16</tmap:index>    <tmap:lineIndex>16</tmap:lineIndex>    <styleUrl>#style1</styleUrl>    <tmap:id>1057092</tmap:id>    <name><![CDATA[월드컵로/1057092/361779]]></name>    <description><![CDATA[난지천공원입구 에서 디지털미디어시티입구 방면 원활 / 30]]></description>    <tmap:congestion>1</tmap:congestion>    <tmap:direction>0</tmap:direction>    <tmap:roadType>004</tmap:roadType>    <tmap:startNodeName><![CDATA[난지천공원입구]]></tmap:startNodeName>    <tmap:endNodeName><![CDATA[디지털미디어시티입구]]></tmap:endNodeName>    <tmap:distance>601</tmap:distance>    <tmap:time>72.12</tmap:time>    <tmap:speed>30</tmap:speed>    <LineString>     <coordinates>126.880955,37.57737 126.88371,37.575754 126.886424,37.574143</coordinates>    </LineString>   </Placemark>   <Placemark>    <tmap:index>17</tmap:index>    <tmap:lineIndex>17</tmap:lineIndex>    <styleUrl>#style1</styleUrl>    <tmap:id>1056821</tmap:id>    <name><![CDATA[월드컵북로/1056821/361724]]></name>    <description><![CDATA[월드컵파크1단지 에서 상암초교 방면 원활 / 30]]></description>    <tmap:congestion>1</tmap:congestion>    <tmap:direction>1</tmap:direction>    <tmap:roadType>004</tmap:roadType>    <tmap:startNodeName><![CDATA[월드컵파크1단지]]></tmap:startNodeName>    <tmap:endNodeName><![CDATA[상암초교]]></tmap:endNodeName>    <tmap:distance>263</tmap:distance>    <tmap:time>31.56</tmap:time>    <tmap:speed>30</tmap:speed>    <LineString>     <coordinates>126.894801,37.575803 126.893959,37.576316 126.893374,37.576665 126.892954,37.576903 126.892399,37.577207</coordinates>    </LineString>   </Placemark>   <Placemark>    <tmap:index>18</tmap:index>    <tmap:lineIndex>18</tmap:lineIndex>    <styleUrl>#style1</styleUrl>    <tmap:id>1056822</tmap:id>    <name><![CDATA[월드컵북로/1056822/361725]]></name>    <description><![CDATA[상암초교 에서 월드컵파크1단지 방면 원활 / 41]]></description>    <tmap:congestion>1</tmap:congestion>    <tmap:direction>0</tmap:direction>    <tmap:roadType>004</tmap:roadType>    <tmap:startNodeName><![CDATA[상암초교]]></tmap:startNodeName>    <tmap:endNodeName><![CDATA[월드컵파크1단지]]></tmap:endNodeName>    <tmap:distance>263</tmap:distance>    <tmap:time>23.09</tmap:time>    <tmap:speed>41</tmap:speed>    <LineString>     <coordinates>126.892338,37.577137 126.892892,37.576833 126.89331,37.576596 126.893894,37.576248 126.894735,37.575735</coordinates>    </LineString>   </Placemark>   <Placemark>    <tmap:index>19</tmap:index>    <tmap:lineIndex>19</tmap:lineIndex>    <styleUrl>#style0</styleUrl>    <tmap:id>1057391</tmap:id>    <name><![CDATA[월드컵북로47길/1057391/361834]]></name>    <description><![CDATA[ 에서  방면 정보없음 / 0]]></description>    <tmap:congestion>0</tmap:congestion>    <tmap:direction>null</tmap:direction>    <tmap:roadType>004</tmap:roadType>    <tmap:startNodeName><![CDATA[]]></tmap:startNodeName>    <tmap:endNodeName><![CDATA[]]></tmap:endNodeName>    <tmap:distance>524</tmap:distance>    <tmap:time>0.00</tmap:time>    <tmap:speed>0</tmap:speed>    <LineString>     <coordinates>126.89006,37.574851 126.890956,37.574286 126.891242,37.574163 126.891431,37.574088 126.891639,37.574035 126.89184,37.574002 126.892098,37.57399 126.892317,37.573995 126.892504,37.574012 126.892648,37.574041 126.892817,37.574083 126.893,37.57415 126.893182,37.574221 126.89339,37.574347 126.893546,37.574455 126.894235,37.575142 126.894811,37.575743</coordinates>    </LineString>   </Placemark>   <Placemark>    <tmap:index>20</tmap:index>    <tmap:lineIndex>20</tmap:lineIndex>    <styleUrl>#style0</styleUrl>    <tmap:id>1057392</tmap:id>    <name><![CDATA[월드컵북로47길/1057392/361835]]></name>    <description><![CDATA[ 에서  방면 정보없음 / 0]]></description>    <tmap:congestion>0</tmap:congestion>    <tmap:direction>null</tmap:direction>    <tmap:roadType>004</tmap:roadType>    <tmap:startNodeName><![CDATA[]]></tmap:startNodeName>    <tmap:endNodeName><![CDATA[]]></tmap:endNodeName>    <tmap:distance>524</tmap:distance>    <tmap:time>0.00</tmap:time>    <tmap:speed>0</tmap:speed>    <LineString>     <coordinates>126.894725,37.575795 126.89415,37.575194 126.893468,37.574514 126.893322,37.574413 126.893125,37.574294 126.892953,37.574227 126.892779,37.574163 126.892618,37.574123 126.892485,37.574096 126.892309,37.57408 126.892099,37.574075 126.891855,37.574087 126.891667,37.574118 126.891472,37.574168 126.891292,37.574239 126.891016,37.574358 126.890127,37.574918</coordinates>    </LineString>   </Placemark>   <Placemark>    <tmap:index>21</tmap:index>    <tmap:lineIndex>21</tmap:lineIndex>    <styleUrl>#style3</styleUrl>    <tmap:id>1057461</tmap:id>    <name><![CDATA[매봉산로/1057461/361848]]></name>    <description><![CDATA[월드컵파크2단지 에서 상암초교 방면 지체 / 19]]></description>    <tmap:congestion>3</tmap:congestion>    <tmap:direction>1</tmap:direction>    <tmap:roadType>004</tmap:roadType>    <tmap:startNodeName><![CDATA[월드컵파크2단지]]></tmap:startNodeName>    <tmap:endNodeName><![CDATA[상암초교]]></tmap:endNodeName>    <tmap:distance>324</tmap:distance>    <tmap:time>61.38</tmap:time>    <tmap:speed>19</tmap:speed>    <LineString>     <coordinates>126.890136,37.574858 126.891702,37.576446 126.89241,37.577145</coordinates>    </LineString>   </Placemark>   <Placemark>    <tmap:index>22</tmap:index>    <tmap:lineIndex>22</tmap:lineIndex>    <styleUrl>#style1</styleUrl>    <tmap:id>1057462</tmap:id>    <name><![CDATA[매봉산로/1057462/361849]]></name>    <description><![CDATA[상암초교 에서 월드컵파크2단지 방면 원활 / 35]]></description>    <tmap:congestion>1</tmap:congestion>    <tmap:direction>0</tmap:direction>    <tmap:roadType>004</tmap:roadType>    <tmap:startNodeName><![CDATA[상암초교]]></tmap:startNodeName>    <tmap:endNodeName><![CDATA[월드컵파크2단지]]></tmap:endNodeName>    <tmap:distance>324</tmap:distance>    <tmap:time>33.32</tmap:time>    <tmap:speed>35</tmap:speed>    <LineString>     <coordinates>126.892326,37.577199 126.891618,37.576499 126.890051,37.574911</coordinates>    </LineString>   </Placemark>   <Placemark>    <tmap:index>23</tmap:index>    <tmap:lineIndex>23</tmap:lineIndex>    <styleUrl>#style1</styleUrl>    <tmap:id>1056851</tmap:id>    <name><![CDATA[월드컵북로/1056851/361730]]></name>    <description><![CDATA[디지털미디어시티 에서 월드컵파크5단지 방면 원활 / 49]]></description>    <tmap:congestion>1</tmap:congestion>    <tmap:direction>1</tmap:direction>    <tmap:roadType>004</tmap:roadType>    <tmap:startNodeName><![CDATA[디지털미디어시티]]></tmap:startNodeName>    <tmap:endNodeName><![CDATA[월드컵파크5단지]]></tmap:endNodeName>    <tmap:distance>300</tmap:distance>    <tmap:time>22.04</tmap:time>    <tmap:speed>49</tmap:speed>    <LineString>     <coordinates>126.890632,37.578253 126.887908,37.57987</coordinates>    </LineString>   </Placemark>   <Placemark>    <tmap:index>24</tmap:index>    <tmap:lineIndex>24</tmap:lineIndex>    <styleUrl>#style1</styleUrl>    <tmap:id>1056852</tmap:id>    <name><![CDATA[월드컵북로/1056852/361731]]></name>    <description><![CDATA[월드컵파크5단지 에서 디지털미디어시티 방면 원활 / 43]]></description>    <tmap:congestion>1</tmap:congestion>    <tmap:direction>0</tmap:direction>    <tmap:roadType>004</tmap:roadType>    <tmap:startNodeName><![CDATA[월드컵파크5단지]]></tmap:startNodeName>    <tmap:endNodeName><![CDATA[디지털미디어시티]]></tmap:endNodeName>    <tmap:distance>300</tmap:distance>    <tmap:time>25.11</tmap:time>    <tmap:speed>43</tmap:speed>    <LineString>     <coordinates>126.887843,37.579802 126.890567,37.578185</coordinates>    </LineString>   </Placemark>   <Placemark>    <tmap:index>25</tmap:index>    <tmap:lineIndex>25</tmap:lineIndex>    <styleUrl>#style0</styleUrl>    <tmap:id>1056981</tmap:id>    <name><![CDATA[/1056981/361756]]></name>    <description><![CDATA[ 에서  방면 정보없음 / 0]]></description>    <tmap:congestion>0</tmap:congestion>    <tmap:direction>null</tmap:direction>    <tmap:roadType>004</tmap:roadType>    <tmap:startNodeName><![CDATA[]]></tmap:startNodeName>    <tmap:endNodeName><![CDATA[]]></tmap:endNodeName>    <tmap:distance>116</tmap:distance>    <tmap:time>0.00</tmap:time>    <tmap:speed>0</tmap:speed>    <LineString>     <coordinates>126.88723,37.579078 126.887919,37.579811</coordinates>    </LineString>   </Placemark>   <Placemark>    <tmap:index>26</tmap:index>    <tmap:lineIndex>26</tmap:lineIndex>    <styleUrl>#style0</styleUrl>    <tmap:id>1056982</tmap:id>    <name><![CDATA[/1056982/361757]]></name>    <description><![CDATA[ 에서  방면 정보없음 / 0]]></description>    <tmap:congestion>0</tmap:congestion>    <tmap:direction>null</tmap:direction>    <tmap:roadType>004</tmap:roadType>    <tmap:startNodeName><![CDATA[]]></tmap:startNodeName>    <tmap:endNodeName><![CDATA[]]></tmap:endNodeName>    <tmap:distance>116</tmap:distance>    <tmap:time>0.00</tmap:time>    <tmap:speed>0</tmap:speed>    <LineString>     <coordinates>126.887832,37.579862 126.887144,37.579129</coordinates>    </LineString>   </Placemark>   <Placemark>    <tmap:index>27</tmap:index>    <tmap:lineIndex>27</tmap:lineIndex>    <styleUrl>#style0</styleUrl>    <tmap:id>1057181</tmap:id>    <name><![CDATA[상암산로/1057181/361794]]></name>    <description><![CDATA[ 에서  방면 정보없음 / 0]]></description>    <tmap:congestion>0</tmap:congestion>    <tmap:direction>null</tmap:direction>    <tmap:roadType>004</tmap:roadType>    <tmap:startNodeName><![CDATA[]]></tmap:startNodeName>    <tmap:endNodeName><![CDATA[]]></tmap:endNodeName>    <tmap:distance>314</tmap:distance>    <tmap:time>0.00</tmap:time>    <tmap:speed>0</tmap:speed>    <LineString>     <coordinates>126.890557,37.578246 126.8899,37.577596 126.888325,37.576048</coordinates>    </LineString>   </Placemark>   <Placemark>    <tmap:index>28</tmap:index>    <tmap:lineIndex>28</tmap:lineIndex>    <styleUrl>#style0</styleUrl>    <tmap:id>1057182</tmap:id>    <name><![CDATA[상암산로/1057182/361795]]></name>    <description><![CDATA[ 에서  방면 정보없음 / 0]]></description>    <tmap:congestion>0</tmap:congestion>    <tmap:direction>null</tmap:direction>    <tmap:roadType>004</tmap:roadType>    <tmap:startNodeName><![CDATA[]]></tmap:startNodeName>    <tmap:endNodeName><![CDATA[]]></tmap:endNodeName>    <tmap:distance>314</tmap:distance>    <tmap:time>0.00</tmap:time>    <tmap:speed>0</tmap:speed>    <LineString>     <coordinates>126.888409,37.575995 126.889984,37.577543 126.890642,37.578192</coordinates>    </LineString>   </Placemark>   <Placemark>    <tmap:index>29</tmap:index>    <tmap:lineIndex>29</tmap:lineIndex>    <styleUrl>#style0</styleUrl>    <tmap:id>1057381</tmap:id>    <name><![CDATA[상암산로1길/1057381/361832]]></name>    <description><![CDATA[ 에서  방면 정보없음 / 0]]></description>    <tmap:congestion>0</tmap:congestion>    <tmap:direction>null</tmap:direction>    <tmap:roadType>004</tmap:roadType>    <tmap:startNodeName><![CDATA[]]></tmap:startNodeName>    <tmap:endNodeName><![CDATA[]]></tmap:endNodeName>    <tmap:distance>369</tmap:distance>    <tmap:time>0.00</tmap:time>    <tmap:speed>0</tmap:speed>    <LineString>     <coordinates>126.888401,37.576054 126.887868,37.576404 126.887715,37.576561 126.887657,37.576661 126.887638,37.576781 126.887628,37.576925 126.887644,37.577126 126.887674,37.577343 126.887664,37.577507 126.887656,37.577806 126.887653,37.577875 126.887558,37.578235 126.887336,37.578626 126.88725,37.578764 126.887217,37.578831 126.887185,37.578883 126.887156,37.578921</coordinates>    </LineString>   </Placemark>   <Placemark>    <tmap:index>30</tmap:index>    <tmap:lineIndex>30</tmap:lineIndex>    <styleUrl>#style1</styleUrl>    <tmap:id>1057191</tmap:id>    <name><![CDATA[월드컵북로/1057191/361796]]></name>    <description><![CDATA[월드컵파크6단지 에서 월드컵파크5단지 방면 원활 / 48]]></description>    <tmap:congestion>1</tmap:congestion>    <tmap:direction>0</tmap:direction>    <tmap:roadType>004</tmap:roadType>    <tmap:startNodeName><![CDATA[월드컵파크6단지]]></tmap:startNodeName>    <tmap:endNodeName><![CDATA[월드컵파크5단지]]></tmap:endNodeName>    <tmap:distance>322</tmap:distance>    <tmap:time>24.15</tmap:time>    <tmap:speed>48</tmap:speed>    <LineString>     <coordinates>126.884912,37.581521 126.885928,37.580915 126.886871,37.580377 126.887843,37.579802</coordinates>    </LineString>   </Placemark>   <Placemark>    <tmap:index>31</tmap:index>    <tmap:lineIndex>31</tmap:lineIndex>    <styleUrl>#style1</styleUrl>    <tmap:id>1057192</tmap:id>    <name><![CDATA[월드컵북로/1057192/361797]]></name>    <description><![CDATA[월드컵파크5단지 에서 월드컵파크6단지 방면 원활 / 36]]></description>    <tmap:congestion>1</tmap:congestion>    <tmap:direction>1</tmap:direction>    <tmap:roadType>004</tmap:roadType>    <tmap:startNodeName><![CDATA[월드컵파크5단지]]></tmap:startNodeName>    <tmap:endNodeName><![CDATA[월드컵파크6단지]]></tmap:endNodeName>    <tmap:distance>322</tmap:distance>    <tmap:time>32.19</tmap:time>    <tmap:speed>36</tmap:speed>    <LineString>     <coordinates>126.887908,37.57987 126.886934,37.580446 126.885992,37.580983 126.884977,37.581589</coordinates>    </LineString>   </Placemark>   <Placemark>    <tmap:index>32</tmap:index>    <tmap:lineIndex>32</tmap:lineIndex>    <styleUrl>#style0</styleUrl>    <tmap:id>1057371</tmap:id>    <name><![CDATA[상암산로1길/1057371/361830]]></name>    <description><![CDATA[ 에서  방면 정보없음 / 0]]></description>    <tmap:congestion>0</tmap:congestion>    <tmap:direction>null</tmap:direction>    <tmap:roadType>004</tmap:roadType>    <tmap:startNodeName><![CDATA[]]></tmap:startNodeName>    <tmap:endNodeName><![CDATA[]]></tmap:endNodeName>    <tmap:distance>326</tmap:distance>    <tmap:time>0.00</tmap:time>    <tmap:speed>0</tmap:speed>    <LineString>     <coordinates>126.886986,37.579098 126.886859,37.579231 126.886601,37.579395 126.886167,37.579663 126.8852,37.580232 126.884607,37.580591 126.884501,37.580638 126.884415,37.580678</coordinates>    </LineString>   </Placemark>   <Placemark>    <tmap:index>33</tmap:index>    <tmap:lineIndex>33</tmap:lineIndex>    <styleUrl>#style0</styleUrl>    <tmap:id>1057372</tmap:id>    <name><![CDATA[상암산로1길/1057372/361831]]></name>    <description><![CDATA[ 에서  방면 정보없음 / 0]]></description>    <tmap:congestion>0</tmap:congestion>    <tmap:direction>null</tmap:direction>    <tmap:roadType>004</tmap:roadType>    <tmap:startNodeName><![CDATA[]]></tmap:startNodeName>    <tmap:endNodeName><![CDATA[]]></tmap:endNodeName>    <tmap:distance>326</tmap:distance>    <tmap:time>0.00</tmap:time>    <tmap:speed>0</tmap:speed>    <LineString>     <coordinates>126.884156,37.580667 126.884196,37.580654 126.884365,37.580602 126.884448,37.580564 126.884548,37.58052 126.885135,37.580164 126.886102,37.579595 126.886534,37.579328 126.886781,37.579171 126.8869,37.579046</coordinates>    </LineString>   </Placemark>   <Placemark>    <tmap:index>34</tmap:index>    <tmap:lineIndex>34</tmap:lineIndex>    <styleUrl>#style2</styleUrl>    <tmap:id>1057211</tmap:id>    <name><![CDATA[월드컵북로/1057211/361800]]></name>    <description><![CDATA[월드컵파크6단지 에서 월드컵파크7단지앞 방면 서행 / 27]]></description>    <tmap:congestion>2</tmap:congestion>    <tmap:direction>1</tmap:direction>    <tmap:roadType>004</tmap:roadType>    <tmap:startNodeName><![CDATA[월드컵파크6단지]]></tmap:startNodeName>    <tmap:endNodeName><![CDATA[월드컵파크7단지앞]]></tmap:endNodeName>    <tmap:distance>320</tmap:distance>    <tmap:time>42.66</tmap:time>    <tmap:speed>27</tmap:speed>    <LineString>     <coordinates>126.884977,37.581589 126.883957,37.582196 126.882477,37.583074 126.882071,37.583314</coordinates>    </LineString>   </Placemark>   <Placemark>    <tmap:index>35</tmap:index>    <tmap:lineIndex>35</tmap:lineIndex>    <styleUrl>#style1</styleUrl>    <tmap:id>1057212</tmap:id>    <name><![CDATA[월드컵북로/1057212/361801]]></name>    <description><![CDATA[월드컵파크7단지앞 에서 월드컵파크6단지 방면 원활 / 40]]></description>    <tmap:congestion>1</tmap:congestion>    <tmap:direction>0</tmap:direction>    <tmap:roadType>004</tmap:roadType>    <tmap:startNodeName><![CDATA[월드컵파크7단지앞]]></tmap:startNodeName>    <tmap:endNodeName><![CDATA[월드컵파크6단지]]></tmap:endNodeName>    <tmap:distance>320</tmap:distance>    <tmap:time>28.80</tmap:time>    <tmap:speed>40</tmap:speed>    <LineString>     <coordinates>126.882006,37.583246 126.882412,37.583005 126.883893,37.582127 126.884912,37.581521</coordinates>    </LineString>   </Placemark>   <Placemark>    <tmap:index>36</tmap:index>    <tmap:lineIndex>36</tmap:lineIndex>    <styleUrl>#style0</styleUrl>    <tmap:id>1056861</tmap:id>    <name><![CDATA[상암산로/1056861/361732]]></name>    <description><![CDATA[ 에서  방면 정보없음 / 0]]></description>    <tmap:congestion>0</tmap:congestion>    <tmap:direction>null</tmap:direction>    <tmap:roadType>004</tmap:roadType>    <tmap:startNodeName><![CDATA[]]></tmap:startNodeName>    <tmap:endNodeName><![CDATA[]]></tmap:endNodeName>    <tmap:distance>265</tmap:distance>    <tmap:time>0.00</tmap:time>    <tmap:speed>0</tmap:speed>    <LineString>     <coordinates>126.888325,37.576048 126.887296,37.575053 126.886414,37.574204</coordinates>    </LineString>   </Placemark>   <Placemark>    <tmap:index>37</tmap:index>    <tmap:lineIndex>37</tmap:lineIndex>    <styleUrl>#style0</styleUrl>    <tmap:id>1056862</tmap:id>    <name><![CDATA[상암산로/1056862/361733]]></name>    <description><![CDATA[ 에서  방면 정보없음 / 0]]></description>    <tmap:congestion>0</tmap:congestion>    <tmap:direction>null</tmap:direction>    <tmap:roadType>004</tmap:roadType>    <tmap:startNodeName><![CDATA[]]></tmap:startNodeName>    <tmap:endNodeName><![CDATA[]]></tmap:endNodeName>    <tmap:distance>265</tmap:distance>    <tmap:time>0.00</tmap:time>    <tmap:speed>0</tmap:speed>    <LineString>     <coordinates>126.886498,37.57415 126.88738,37.574999 126.888408,37.575994</coordinates>    </LineString>   </Placemark>   <Placemark>    <tmap:index>38</tmap:index>    <tmap:lineIndex>38</tmap:lineIndex>    <styleUrl>#style1</styleUrl>    <tmap:id>1056871</tmap:id>    <name><![CDATA[월드컵로/1056871/361734]]></name>    <description><![CDATA[하늘공원 에서 디지털미디어시티입구 방면 원활 / 55]]></description>    <tmap:congestion>1</tmap:congestion>    <tmap:direction>1</tmap:direction>    <tmap:roadType>004</tmap:roadType>    <tmap:startNodeName><![CDATA[하늘공원]]></tmap:startNodeName>    <tmap:endNodeName><![CDATA[디지털미디어시티입구]]></tmap:endNodeName>    <tmap:distance>198</tmap:distance>    <tmap:time>12.96</tmap:time>    <tmap:speed>55</tmap:speed>    <LineString>     <coordinates>126.888206,37.57306 126.887868,37.573318 126.88649,37.57421</coordinates>    </LineString>   </Placemark>   <Placemark>    <tmap:index>39</tmap:index>    <tmap:lineIndex>39</tmap:lineIndex>    <styleUrl>#style1</styleUrl>    <tmap:id>1056872</tmap:id>    <name><![CDATA[월드컵로/1056872/361735]]></name>    <description><![CDATA[디지털미디어시티입구 에서 하늘공원 방면 원활 / 42]]></description>    <tmap:congestion>1</tmap:congestion>    <tmap:direction>0</tmap:direction>    <tmap:roadType>004</tmap:roadType>    <tmap:startNodeName><![CDATA[디지털미디어시티입구]]></tmap:startNodeName>    <tmap:endNodeName><![CDATA[하늘공원]]></tmap:endNodeName>    <tmap:distance>198</tmap:distance>    <tmap:time>16.97</tmap:time>    <tmap:speed>42</tmap:speed>    <LineString>     <coordinates>126.886422,37.574144 126.887796,37.573254 126.888131,37.572998</coordinates>    </LineString>   </Placemark>   <Placemark>    <tmap:index>40</tmap:index>    <tmap:lineIndex>40</tmap:lineIndex>    <styleUrl>#style0</styleUrl>    <tmap:id>1057171</tmap:id>    <name><![CDATA[/1057171/361792]]></name>    <description><![CDATA[ 에서  방면 정보없음 / 0]]></description>    <tmap:congestion>0</tmap:congestion>    <tmap:direction>null</tmap:direction>    <tmap:roadType>004</tmap:roadType>    <tmap:startNodeName><![CDATA[]]></tmap:startNodeName>    <tmap:endNodeName><![CDATA[]]></tmap:endNodeName>    <tmap:distance>198</tmap:distance>    <tmap:time>0.00</tmap:time>    <tmap:speed>0</tmap:speed>    <LineString>     <coordinates>126.890128,37.574918 126.88919,37.575517 126.888402,37.576054</coordinates>    </LineString>   </Placemark>   <Placemark>    <tmap:index>41</tmap:index>    <tmap:lineIndex>41</tmap:lineIndex>    <styleUrl>#style0</styleUrl>    <tmap:id>1057172</tmap:id>    <name><![CDATA[/1057172/361793]]></name>    <description><![CDATA[ 에서  방면 정보없음 / 0]]></description>    <tmap:congestion>0</tmap:congestion>    <tmap:direction>null</tmap:direction>    <tmap:roadType>004</tmap:roadType>    <tmap:startNodeName><![CDATA[]]></tmap:startNodeName>    <tmap:endNodeName><![CDATA[]]></tmap:endNodeName>    <tmap:distance>198</tmap:distance>    <tmap:time>0.00</tmap:time>    <tmap:speed>0</tmap:speed>    <LineString>     <coordinates>126.888332,37.575989 126.889121,37.575451 126.89006,37.574851</coordinates>    </LineString>   </Placemark>   <Placemark>    <tmap:index>42</tmap:index>    <tmap:lineIndex>42</tmap:lineIndex>    <styleUrl>#style0</styleUrl>    <tmap:id>1057382</tmap:id>    <name><![CDATA[상암산로1길/1057382/361833]]></name>    <description><![CDATA[ 에서  방면 정보없음 / 0]]></description>    <tmap:congestion>0</tmap:congestion>    <tmap:direction>null</tmap:direction>    <tmap:roadType>004</tmap:roadType>    <tmap:startNodeName><![CDATA[]]></tmap:startNodeName>    <tmap:endNodeName><![CDATA[]]></tmap:endNodeName>    <tmap:distance>369</tmap:distance>    <tmap:time>0.00</tmap:time>    <tmap:speed>0</tmap:speed>    <LineString>     <coordinates>126.887063,37.578878 126.88709,37.578842 126.887118,37.578796 126.887151,37.578729 126.887238,37.578589 126.887455,37.578208 126.887546,37.577865 126.887549,37.577803 126.887556,37.577504 126.887566,37.577346 126.887537,37.577134 126.88752,37.576925 126.88753,37.576773 126.887552,37.576638 126.887622,37.576516 126.88779,37.576345 126.888332,37.575988</coordinates>    </LineString>   </Placemark>   <Placemark>    <tmap:index>43</tmap:index>    <tmap:lineIndex>43</tmap:lineIndex>    <styleUrl>#style2</styleUrl>    <tmap:id>1057401</tmap:id>    <name><![CDATA[매봉산로/1057401/361836]]></name>    <description><![CDATA[월드컵파크2단지 에서 하늘공원 방면 서행 / 27]]></description>    <tmap:congestion>2</tmap:congestion>    <tmap:direction>0</tmap:direction>    <tmap:roadType>004</tmap:roadType>    <tmap:startNodeName><![CDATA[월드컵파크2단지]]></tmap:startNodeName>    <tmap:endNodeName><![CDATA[하늘공원]]></tmap:endNodeName>    <tmap:distance>267</tmap:distance>    <tmap:time>35.60</tmap:time>    <tmap:speed>27</tmap:speed>    <LineString>     <coordinates>126.890052,37.574912 126.888127,37.573056</coordinates>    </LineString>   </Placemark>   <Placemark>    <tmap:index>44</tmap:index>    <tmap:lineIndex>44</tmap:lineIndex>    <styleUrl>#style2</styleUrl>    <tmap:id>1057402</tmap:id>    <name><![CDATA[매봉산로/1057402/361837]]></name>    <description><![CDATA[하늘공원 에서 월드컵파크2단지 방면 서행 / 27]]></description>    <tmap:congestion>2</tmap:congestion>    <tmap:direction>1</tmap:direction>    <tmap:roadType>004</tmap:roadType>    <tmap:startNodeName><![CDATA[하늘공원]]></tmap:startNodeName>    <tmap:endNodeName><![CDATA[월드컵파크2단지]]></tmap:endNodeName>    <tmap:distance>267</tmap:distance>    <tmap:time>35.60</tmap:time>    <tmap:speed>27</tmap:speed>    <LineString>     <coordinates>126.88821,37.573002 126.890135,37.574858</coordinates>    </LineString>   </Placemark>   <Placemark>    <tmap:index>45</tmap:index>    <tmap:lineIndex>45</tmap:lineIndex>    <styleUrl>#style3</styleUrl>    <tmap:id>1052891</tmap:id>    <name><![CDATA[매봉산로/1052891/361361]]></name>    <description><![CDATA[상암초교입구 에서 상암초교 방면 지체 / 18]]></description>    <tmap:congestion>3</tmap:congestion>    <tmap:direction>0</tmap:direction>    <tmap:roadType>004</tmap:roadType>    <tmap:startNodeName><![CDATA[상암초교입구]]></tmap:startNodeName>    <tmap:endNodeName><![CDATA[상암초교]]></tmap:endNodeName>    <tmap:distance>300</tmap:distance>    <tmap:time>60.00</tmap:time>    <tmap:speed>18</tmap:speed>    <LineString>     <coordinates>126.89458,37.579408 126.894357,37.579192 126.893436,37.578305 126.893127,37.577997 126.892326,37.577198</coordinates>    </LineString>   </Placemark>   <Placemark>    <tmap:index>46</tmap:index>    <tmap:lineIndex>46</tmap:lineIndex>    <styleUrl>#style4</styleUrl>    <tmap:id>1052892</tmap:id>    <name><![CDATA[매봉산로/1052892/361362]]></name>    <description><![CDATA[상암초교 에서 상암초교입구 방면 정체 / 9]]></description>    <tmap:congestion>4</tmap:congestion>    <tmap:direction>1</tmap:direction>    <tmap:roadType>004</tmap:roadType>    <tmap:startNodeName><![CDATA[상암초교]]></tmap:startNodeName>    <tmap:endNodeName><![CDATA[상암초교입구]]></tmap:endNodeName>    <tmap:distance>300</tmap:distance>    <tmap:time>120.00</tmap:time>    <tmap:speed>9</tmap:speed>    <LineString>     <coordinates>126.892411,37.577145 126.893211,37.577943 126.89352,37.578251 126.89444,37.579137 126.894663,37.579354</coordinates>    </LineString>   </Placemark>   <Placemark>    <tmap:index>47</tmap:index>    <tmap:lineIndex>47</tmap:lineIndex>    <styleUrl>#style0</styleUrl>    <tmap:id>1057431</tmap:id>    <name><![CDATA[성암로/1057431/361842]]></name>    <description><![CDATA[ 에서  방면 정보없음 / 0]]></description>    <tmap:congestion>0</tmap:congestion>    <tmap:direction>null</tmap:direction>    <tmap:roadType>004</tmap:roadType>    <tmap:startNodeName><![CDATA[]]></tmap:startNodeName>    <tmap:endNodeName><![CDATA[]]></tmap:endNodeName>    <tmap:distance>194</tmap:distance>    <tmap:time>0.00</tmap:time>    <tmap:speed>0</tmap:speed>    <LineString>     <coordinates>126.892919,37.580486 126.894053,37.579743 126.894585,37.57935</coordinates>    </LineString>   </Placemark>   <Placemark>    <tmap:index>48</tmap:index>    <tmap:lineIndex>48</tmap:lineIndex>    <styleUrl>#style0</styleUrl>    <tmap:id>1057432</tmap:id>    <name><![CDATA[성암로/1057432/361843]]></name>    <description><![CDATA[ 에서  방면 정보없음 / 0]]></description>    <tmap:congestion>0</tmap:congestion>    <tmap:direction>null</tmap:direction>    <tmap:roadType>004</tmap:roadType>    <tmap:startNodeName><![CDATA[]]></tmap:startNodeName>    <tmap:endNodeName><![CDATA[]]></tmap:endNodeName>    <tmap:distance>194</tmap:distance>    <tmap:time>0.00</tmap:time>    <tmap:speed>0</tmap:speed>    <LineString>     <coordinates>126.894658,37.579413 126.894124,37.579807 126.892987,37.580552</coordinates>    </LineString>   </Placemark>   <Placemark>    <tmap:index>49</tmap:index>    <tmap:lineIndex>49</tmap:lineIndex>    <styleUrl>#style0</styleUrl>    <tmap:id>1056781</tmap:id>    <name><![CDATA[상암산로1길/1056781/361716]]></name>    <description><![CDATA[ 에서  방면 정보없음 / 0]]></description>    <tmap:congestion>0</tmap:congestion>    <tmap:direction>null</tmap:direction>    <tmap:roadType>004</tmap:roadType>    <tmap:startNodeName><![CDATA[]]></tmap:startNodeName>    <tmap:endNodeName><![CDATA[]]></tmap:endNodeName>    <tmap:distance>427</tmap:distance>    <tmap:time>0.00</tmap:time>    <tmap:speed>0</tmap:speed>    <LineString>     <coordinates>126.87996,37.580658 126.880219,37.58089 126.8804,37.581022 126.88056,37.581106 126.880757,37.581157 126.880876,37.581175 126.881046,37.581193 126.881325,37.581196 126.881487,37.581167 126.881635,37.581118 126.88208,37.580952 126.882276,37.580888 126.882413,37.580853 126.882656,37.580795 126.882844,37.580757 126.883113,37.580739 126.883541,37.58075 126.883711,37.58074 126.883823,37.580729 126.884165,37.580665</coordinates>    </LineString>   </Placemark>   <Placemark>    <tmap:index>50</tmap:index>    <tmap:lineIndex>50</tmap:lineIndex>    <styleUrl>#style0</styleUrl>    <tmap:id>1056782</tmap:id>    <name><![CDATA[상암산로1길/1056782/361717]]></name>    <description><![CDATA[ 에서  방면 정보없음 / 0]]></description>    <tmap:congestion>0</tmap:congestion>    <tmap:direction>null</tmap:direction>    <tmap:roadType>004</tmap:roadType>    <tmap:startNodeName><![CDATA[]]></tmap:startNodeName>    <tmap:endNodeName><![CDATA[]]></tmap:endNodeName>    <tmap:distance>427</tmap:distance>    <tmap:time>0.00</tmap:time>    <tmap:speed>0</tmap:speed>    <LineString>     <coordinates>126.883838,37.580814 126.883722,37.580825 126.883543,37.580836 126.883116,37.580824 126.882862,37.580841 126.882685,37.580877 126.882445,37.580935 126.882313,37.580968 126.882123,37.58103 126.881679,37.581196 126.88152,37.581249 126.881336,37.581282 126.881038,37.581278 126.880859,37.581259 126.88073,37.58124 126.880513,37.581183 126.880334,37.58109 126.880142,37.58095 126.879879,37.580714</coordinates>    </LineString>   </Placemark>   <Placemark>    <tmap:index>51</tmap:index>    <tmap:lineIndex>51</tmap:lineIndex>    <styleUrl>#style0</styleUrl>    <tmap:id>1057271</tmap:id>    <name><![CDATA[월드컵로42길/1057271/361812]]></name>    <description><![CDATA[ 에서  방면 정보없음 / 0]]></description>    <tmap:congestion>0</tmap:congestion>    <tmap:direction>null</tmap:direction>    <tmap:roadType>004</tmap:roadType>    <tmap:startNodeName><![CDATA[]]></tmap:startNodeName>    <tmap:endNodeName><![CDATA[]]></tmap:endNodeName>    <tmap:distance>503</tmap:distance>    <tmap:time>0.00</tmap:time>    <tmap:speed>0</tmap:speed>    <LineString>     <coordinates>126.88103,37.577378 126.881081,37.577432 126.881315,37.577538 126.881606,37.577855 126.881898,37.578185 126.882228,37.578542 126.882308,37.578651 126.882338,37.578734 126.882351,37.578817 126.882354,37.578908 126.882342,37.578976 126.882315,37.579049 126.882258,37.579147 126.88215,37.579258 126.881706,37.579479 126.88149,37.579581 126.880914,37.579909 126.880194,37.580294 126.880043,37.58037</coordinates>    </LineString>   </Placemark>   <Placemark>    <tmap:index>52</tmap:index>    <tmap:lineIndex>52</tmap:lineIndex>    <styleUrl>#style0</styleUrl>    <tmap:id>1057272</tmap:id>    <name><![CDATA[월드컵로42길/1057272/361813]]></name>    <description><![CDATA[ 에서  방면 정보없음 / 0]]></description>    <tmap:congestion>0</tmap:congestion>    <tmap:direction>null</tmap:direction>    <tmap:roadType>004</tmap:roadType>    <tmap:startNodeName><![CDATA[]]></tmap:startNodeName>    <tmap:endNodeName><![CDATA[]]></tmap:endNodeName>    <tmap:distance>503</tmap:distance>    <tmap:time>0.00</tmap:time>    <tmap:speed>0</tmap:speed>    <LineString>     <coordinates>126.879666,37.580468 126.879733,37.580423 126.879985,37.580298 126.880135,37.580222 126.880853,37.579839 126.881431,37.579509 126.88165,37.579406 126.882076,37.579194 126.882165,37.579102 126.882214,37.579019 126.882236,37.578958 126.882246,37.578903 126.882244,37.578823 126.882232,37.578752 126.882208,37.578685 126.882138,37.578589 126.88181,37.578235 126.881518,37.577905 126.881242,37.577603 126.881009,37.577498 126.880944,37.57743</coordinates>    </LineString>   </Placemark>   <Placemark>    <tmap:index>53</tmap:index>    <tmap:lineIndex>53</tmap:lineIndex>    <styleUrl>#style0</styleUrl>    <tmap:id>1056771</tmap:id>    <name><![CDATA[월드컵북로/1056771/361714]]></name>    <description><![CDATA[ 에서  방면 정보없음 / 0]]></description>    <tmap:congestion>0</tmap:congestion>    <tmap:direction>null</tmap:direction>    <tmap:roadType>004</tmap:roadType>    <tmap:startNodeName><![CDATA[]]></tmap:startNodeName>    <tmap:endNodeName><![CDATA[]]></tmap:endNodeName>    <tmap:distance>105</tmap:distance>    <tmap:time>0.00</tmap:time>    <tmap:speed>0</tmap:speed>    <LineString>     <coordinates>126.884349,37.58091 126.884454,37.580994 126.884987,37.581529</coordinates>    </LineString>   </Placemark>   <Placemark>    <tmap:index>54</tmap:index>    <tmap:lineIndex>54</tmap:lineIndex>    <styleUrl>#style0</styleUrl>    <tmap:id>1056772</tmap:id>    <name><![CDATA[월드컵북로/1056772/361715]]></name>    <description><![CDATA[ 에서  방면 정보없음 / 0]]></description>    <tmap:congestion>0</tmap:congestion>    <tmap:direction>null</tmap:direction>    <tmap:roadType>004</tmap:roadType>    <tmap:startNodeName><![CDATA[]]></tmap:startNodeName>    <tmap:endNodeName><![CDATA[]]></tmap:endNodeName>    <tmap:distance>105</tmap:distance>    <tmap:time>0.00</tmap:time>    <tmap:speed>0</tmap:speed>    <LineString>     <coordinates>126.884902,37.581582 126.884373,37.581051 126.884272,37.58097</coordinates>    </LineString>   </Placemark>   <Placemark>    <tmap:index>55</tmap:index>    <tmap:lineIndex>55</tmap:lineIndex>    <styleUrl>#style0</styleUrl>    <tmap:id>1057251</tmap:id>    <name><![CDATA[월드컵북로60길/1057251/361808]]></name>    <description><![CDATA[ 에서  방면 정보없음 / 0]]></description>    <tmap:congestion>0</tmap:congestion>    <tmap:direction>null</tmap:direction>    <tmap:roadType>004</tmap:roadType>    <tmap:startNodeName><![CDATA[]]></tmap:startNodeName>    <tmap:endNodeName><![CDATA[]]></tmap:endNodeName>    <tmap:distance>293</tmap:distance>    <tmap:time>0.00</tmap:time>    <tmap:speed>0</tmap:speed>    <LineString>     <coordinates>126.887022,37.583635 126.886169,37.582816 126.885529,37.582183 126.884903,37.581582</coordinates>    </LineString>   </Placemark>   <Placemark>    <tmap:index>56</tmap:index>    <tmap:lineIndex>56</tmap:lineIndex>    <styleUrl>#style0</styleUrl>    <tmap:id>1057252</tmap:id>    <name><![CDATA[월드컵북로60길/1057252/361809]]></name>    <description><![CDATA[ 에서  방면 정보없음 / 0]]></description>    <tmap:congestion>0</tmap:congestion>    <tmap:direction>null</tmap:direction>    <tmap:roadType>004</tmap:roadType>    <tmap:startNodeName><![CDATA[]]></tmap:startNodeName>    <tmap:endNodeName><![CDATA[]]></tmap:endNodeName>    <tmap:distance>293</tmap:distance>    <tmap:time>0.00</tmap:time>    <tmap:speed>0</tmap:speed>    <LineString>     <coordinates>126.884986,37.581528 126.885612,37.582129 126.886252,37.582762 126.887105,37.58358</coordinates>    </LineString>   </Placemark>   <Placemark>    <tmap:index>57</tmap:index>    <tmap:lineIndex>57</tmap:lineIndex>    <styleUrl>#style2</styleUrl>    <tmap:id>1057021</tmap:id>    <name><![CDATA[월드컵북로/1057021/361764]]></name>    <description><![CDATA[상암초교 에서 디지털미디어시티 방면 서행 / 27]]></description>    <tmap:congestion>2</tmap:congestion>    <tmap:direction>1</tmap:direction>    <tmap:roadType>004</tmap:roadType>    <tmap:startNodeName><![CDATA[상암초교]]></tmap:startNodeName>    <tmap:endNodeName><![CDATA[디지털미디어시티]]></tmap:endNodeName>    <tmap:distance>195</tmap:distance>    <tmap:time>26.00</tmap:time>    <tmap:speed>27</tmap:speed>    <LineString>     <coordinates>126.892401,37.577206 126.890632,37.578253</coordinates>    </LineString>   </Placemark>   <Placemark>    <tmap:index>58</tmap:index>    <tmap:lineIndex>58</tmap:lineIndex>    <styleUrl>#style1</styleUrl>    <tmap:id>1057022</tmap:id>    <name><![CDATA[월드컵북로/1057022/361765]]></name>    <description><![CDATA[디지털미디어시티 에서 상암초교 방면 원활 / 35]]></description>    <tmap:congestion>1</tmap:congestion>    <tmap:direction>0</tmap:direction>    <tmap:roadType>004</tmap:roadType>    <tmap:startNodeName><![CDATA[디지털미디어시티]]></tmap:startNodeName>    <tmap:endNodeName><![CDATA[상암초교]]></tmap:endNodeName>    <tmap:distance>195</tmap:distance>    <tmap:time>20.05</tmap:time>    <tmap:speed>35</tmap:speed>    <LineString>     <coordinates>126.890567,37.578185 126.892336,37.577138</coordinates>    </LineString>   </Placemark>   <Placemark>    <tmap:index>59</tmap:index>    <tmap:lineIndex>59</tmap:lineIndex>    <styleUrl>#style0</styleUrl>    <tmap:id>1057321</tmap:id>    <name><![CDATA[상암산로/1057321/361820]]></name>    <description><![CDATA[ 에서  방면 정보없음 / 0]]></description>    <tmap:congestion>0</tmap:congestion>    <tmap:direction>null</tmap:direction>    <tmap:roadType>004</tmap:roadType>    <tmap:startNodeName><![CDATA[]]></tmap:startNodeName>    <tmap:endNodeName><![CDATA[]]></tmap:endNodeName>    <tmap:distance>329</tmap:distance>    <tmap:time>0.00</tmap:time>    <tmap:speed>0</tmap:speed>    <LineString>     <coordinates>126.890641,37.578191 126.891345,37.578848 126.8922,37.579694 126.892995,37.580493</coordinates>    </LineString>   </Placemark>   <Placemark>    <tmap:index>60</tmap:index>    <tmap:lineIndex>60</tmap:lineIndex>    <styleUrl>#style0</styleUrl>    <tmap:id>1057322</tmap:id>    <name><![CDATA[상암산로/1057322/361821]]></name>    <description><![CDATA[ 에서  방면 정보없음 / 0]]></description>    <tmap:congestion>0</tmap:congestion>    <tmap:direction>null</tmap:direction>    <tmap:roadType>004</tmap:roadType>    <tmap:startNodeName><![CDATA[]]></tmap:startNodeName>    <tmap:endNodeName><![CDATA[]]></tmap:endNodeName>    <tmap:distance>329</tmap:distance>    <tmap:time>0.00</tmap:time>    <tmap:speed>0</tmap:speed>    <LineString>     <coordinates>126.892911,37.580546 126.892115,37.579747 126.891262,37.578902 126.890558,37.578247</coordinates>    </LineString>   </Placemark>   <Placemark>    <tmap:index>61</tmap:index>    <tmap:lineIndex>61</tmap:lineIndex>    <styleUrl>#style0</styleUrl>    <tmap:id>1057451</tmap:id>    <name><![CDATA[성암로/1057451/361846]]></name>    <description><![CDATA[ 에서  방면 정보없음 / 0]]></description>    <tmap:congestion>0</tmap:congestion>    <tmap:direction>null</tmap:direction>    <tmap:roadType>004</tmap:roadType>    <tmap:startNodeName><![CDATA[]]></tmap:startNodeName>    <tmap:endNodeName><![CDATA[]]></tmap:endNodeName>    <tmap:distance>302</tmap:distance>    <tmap:time>0.00</tmap:time>    <tmap:speed>0</tmap:speed>    <LineString>     <coordinates>126.89299,37.580551 126.892355,37.581013 126.89191,37.581335 126.891788,37.581417 126.891725,37.581452 126.89154,37.581561 126.891522,37.581568 126.891178,37.58173 126.890753,37.58192 126.890237,37.58215</coordinates>    </LineString>   </Placemark>   <Placemark>    <tmap:index>62</tmap:index>    <tmap:lineIndex>62</tmap:lineIndex>    <styleUrl>#style0</styleUrl>    <tmap:id>1057452</tmap:id>    <name><![CDATA[성암로/1057452/361847]]></name>    <description><![CDATA[ 에서  방면 정보없음 / 0]]></description>    <tmap:congestion>0</tmap:congestion>    <tmap:direction>null</tmap:direction>    <tmap:roadType>004</tmap:roadType>    <tmap:startNodeName><![CDATA[]]></tmap:startNodeName>    <tmap:endNodeName><![CDATA[]]></tmap:endNodeName>    <tmap:distance>302</tmap:distance>    <tmap:time>0.00</tmap:time>    <tmap:speed>0</tmap:speed>    <LineString>     <coordinates>126.890184,37.582075 126.8907,37.581845 126.891124,37.581656 126.89147,37.581493 126.891482,37.581488 126.891662,37.581383 126.891723,37.581349 126.891839,37.581271 126.892282,37.58095 126.892917,37.580488</coordinates>    </LineString>   </Placemark>  </Document> </kml> 