<?xml version="1.0" encoding="UTF-8"?> <kml xmlns="http://www.opengis.net/kml/2.2"  xmlns:xsi="http://www.w3.org/2001/XMLSchema-instance"  xsi:schemaLocation="http://schemas.opengis.net/kml/2.2.0/ogckml22.xsd"   xmlns:tmap="http://tlp.tmap.co.kr/">  <Document>   <Style id="accPoint">    <IconStyle>     <scale>1.5</scale>     <Icon>      <href>http://www.allnew2013altima.com/imggallery/134/icon-poi.png</href>     </Icon>    </IconStyle>   </Style>   <Style id="style0">    <LineStyle>     <color>FF828287</color>     <width>4</width>    </LineStyle>   </Style>   <Style id="style1">    <LineStyle>     <color>FF45D51D</color>     <width>4</width>    </LineStyle>   </Style>   <Style id="style2">    <LineStyle>     <color>FF01C6FF</color>     <width>4</width>    </LineStyle>   </Style>   <Style id="style3">    <LineStyle>     <color>FF0084FF</color>     <width>4</width>    </LineStyle>   </Style>   <Style id="style4">    <LineStyle>     <color>FF1E33FF</color>     <width>4</width>    </LineStyle>   </Style>  <tmap:updateTime>201711261900</tmap:updateTime>   <Placemark>    <tmap:index>0</tmap:index>    <tmap:lineIndex>0</tmap:lineIndex>    <styleUrl>#style1</styleUrl>    <tmap:id>2108321</tmap:id>    <name><![CDATA[호국로(고양-의정부)/2108321/372264]]></name>    <description><![CDATA[목양동삼거리 에서 장흥역입구 방면 원활 / 57]]></description>    <tmap:congestion>1</tmap:congestion>    <tmap:direction>1</tmap:direction>    <tmap:roadType>013</tmap:roadType>    <tmap:startNodeName><![CDATA[목양동삼거리]]></tmap:startNodeName>    <tmap:endNodeName><![CDATA[장흥역입구]]></tmap:endNodeName>    <tmap:distance>2389</tmap:distance>    <tmap:time>150.88</tmap:time>    <tmap:speed>57</tmap:speed>    <LineString>     <coordinates>126.913893,37.717212 126.914475,37.717209 126.915413,37.717186 126.917006,37.717142 126.91747,37.717155 126.917796,37.717204 126.921564,37.717972 126.923252,37.718178 126.924049,37.718251 126.92465,37.718246 126.924979,37.71824 126.925056,37.718211 126.925151,37.718161 126.925255,37.718138 126.92665,37.718056 126.927605,37.71799 126.929928,37.717987 126.930263,37.717956 126.930427,37.717924 126.930553,37.71789 126.930678,37.717847 126.930835,37.717777 126.931013,37.717679 126.93122,37.717537 126.931683,37.717112 126.932908,37.715929 126.933741,37.715103 126.933969,37.714908 126.934162,37.714773 126.934349,37.714662 126.934728,37.714489 126.935204,37.71433 126.935377,37.71429 126.935609,37.71426 126.936013,37.71424 126.936329,37.714262 126.936629,37.714309 126.937095,37.714431 126.937596,37.714637 126.939706,37.715981</coordinates>    </LineString>   </Placemark>   <Placemark>    <tmap:index>1</tmap:index>    <tmap:lineIndex>1</tmap:lineIndex>    <styleUrl>#style1</styleUrl>    <tmap:id>2108322</tmap:id>    <name><![CDATA[호국로(고양-의정부)/2108322/372265]]></name>    <description><![CDATA[장흥역입구 에서 목양동삼거리 방면 원활 / 58]]></description>    <tmap:congestion>1</tmap:congestion>    <tmap:direction>0</tmap:direction>    <tmap:roadType>013</tmap:roadType>    <tmap:startNodeName><![CDATA[장흥역입구]]></tmap:startNodeName>    <tmap:endNodeName><![CDATA[목양동삼거리]]></tmap:endNodeName>    <tmap:distance>2389</tmap:distance>    <tmap:time>148.28</tmap:time>    <tmap:speed>58</tmap:speed>    <LineString>     <coordinates>126.939638,37.716048 126.937537,37.714709 126.937053,37.71451 126.936601,37.714392 126.936314,37.714347 126.936012,37.714326 126.935621,37.714344 126.935401,37.714373 126.93524,37.71441 126.934776,37.714565 126.934409,37.714733 126.93423,37.71484 126.934044,37.714969 126.933822,37.715158 126.932992,37.715982 126.931766,37.717167 126.931299,37.717595 126.930834,37.718012 126.930537,37.718182 126.930371,37.718262 126.929815,37.718479 126.929503,37.718579 126.929304,37.71862 126.928953,37.718669 126.92867,37.718682 126.928233,37.718667 126.927593,37.718614 126.927143,37.718562 126.926206,37.718477 126.924986,37.718467 126.924306,37.71849 126.924037,37.718482 126.923769,37.718465 126.922601,37.718309 126.921538,37.718055 126.917772,37.717287 126.917458,37.71724 126.917006,37.717227 126.915417,37.717271 126.914477,37.717295 126.913894,37.717297</coordinates>    </LineString>   </Placemark>   <Placemark>    <tmap:index>2</tmap:index>    <tmap:lineIndex>2</tmap:lineIndex>    <styleUrl>#style1</styleUrl>    <tmap:id>2137301</tmap:id>    <name><![CDATA[호국로(고양-의정부)/2137301/377319]]></name>    <description><![CDATA[GS정미주유소 에서 목양동삼거리 방면 원활 / 46]]></description>    <tmap:congestion>1</tmap:congestion>    <tmap:direction>1</tmap:direction>    <tmap:roadType>013</tmap:roadType>    <tmap:startNodeName><![CDATA[GS정미주유소]]></tmap:startNodeName>    <tmap:endNodeName><![CDATA[목양동삼거리]]></tmap:endNodeName>    <tmap:distance>593</tmap:distance>    <tmap:time>46.40</tmap:time>    <tmap:speed>46</tmap:speed>    <LineString>     <coordinates>126.909062,37.713979 126.909337,37.714311 126.909622,37.714618 126.909745,37.714723 126.911359,37.716273 126.911896,37.716697 126.912128,37.716856 126.912443,37.717013 126.912754,37.717112 126.913112,37.717176 126.913563,37.717206 126.913895,37.717212</coordinates>    </LineString>   </Placemark>   <Placemark>    <tmap:index>3</tmap:index>    <tmap:lineIndex>3</tmap:lineIndex>    <styleUrl>#style1</styleUrl>    <tmap:id>2137302</tmap:id>    <name><![CDATA[호국로(고양-의정부)/2137302/377320]]></name>    <description><![CDATA[목양동삼거리 에서 GS정미주유소 방면 원활 / 44]]></description>    <tmap:congestion>1</tmap:congestion>    <tmap:direction>0</tmap:direction>    <tmap:roadType>013</tmap:roadType>    <tmap:startNodeName><![CDATA[목양동삼거리]]></tmap:startNodeName>    <tmap:endNodeName><![CDATA[GS정미주유소]]></tmap:endNodeName>    <tmap:distance>593</tmap:distance>    <tmap:time>48.51</tmap:time>    <tmap:speed>44</tmap:speed>    <LineString>     <coordinates>126.913892,37.717297 126.913557,37.717291 126.913096,37.717261 126.912722,37.717194 126.912393,37.717089 126.912064,37.716925 126.911823,37.71676 126.911279,37.716331 126.909664,37.714779 126.909539,37.714673 126.909248,37.714359 126.908972,37.714025</coordinates>    </LineString>   </Placemark>   <Placemark>    <tmap:index>4</tmap:index>    <tmap:lineIndex>4</tmap:lineIndex>    <styleUrl>#style1</styleUrl>    <tmap:id>2137311</tmap:id>    <name><![CDATA[보광로(고양시)/2137311/377321]]></name>    <description><![CDATA[파주보광사 에서 아시아관광호텔 방면 원활 / 35]]></description>    <tmap:congestion>1</tmap:congestion>    <tmap:direction>0</tmap:direction>    <tmap:roadType>004</tmap:roadType>    <tmap:startNodeName><![CDATA[파주보광사]]></tmap:startNodeName>    <tmap:endNodeName><![CDATA[아시아관광호텔]]></tmap:endNodeName>    <tmap:distance>4427</tmap:distance>    <tmap:time>455.34</tmap:time>    <tmap:speed>35</tmap:speed>    <LineString>     <coordinates>126.913633,37.753407 126.913727,37.753324 126.913885,37.753071 126.913952,37.752936 126.913985,37.752844 126.914,37.752617 126.914084,37.752552 126.914857,37.752235 126.914872,37.752225 126.914888,37.752208 126.914893,37.752197 126.914894,37.752182 126.914891,37.752164 126.914884,37.75215 126.91487,37.752134 126.914856,37.752123 126.914831,37.752115 126.914806,37.752109 126.914754,37.752111 126.914731,37.752113 126.914219,37.752271 126.914114,37.752285 126.913951,37.752269 126.913833,37.752234 126.913723,37.75219 126.913611,37.752126 126.913521,37.752052 126.913202,37.751694 126.913159,37.751638 126.913103,37.751546 126.913074,37.75146 126.913058,37.751365 126.913054,37.751218 126.913055,37.751117 126.913028,37.750976 126.912985,37.750878 126.912886,37.750739 126.912672,37.750437 126.912633,37.750342 126.912618,37.750263 126.912619,37.750171 126.912631,37.750078 126.912645,37.750016 126.912656,37.749936 126.912626,37.749808 126.912611,37.74975 126.912602,37.74966 126.912627,37.749542 126.912671,37.749474 126.912734,37.749397 126.912837,37.749323 126.91293,37.749272 126.913102,37.749224 126.913179,37.749196 126.913239,37.749148 126.913277,37.749069 126.913276,37.749013 126.913252,37.748948 126.91309,37.748642 126.913086,37.748567 126.913096,37.74848 126.913151,37.748394 126.913227,37.748307 126.91335,37.748156 126.913377,37.748108 126.913379,37.74807 126.913364,37.748011 126.913345,37.747986 126.913303,37.747952 126.91325,37.747937 126.913098,37.747922 126.91298,37.747919 126.91287,37.747916 126.912737,37.747903 126.912594,37.747847 126.912504,37.747786 126.912452,37.747684 126.912402,37.74755 126.912356,37.747392 126.912344,37.747236 126.912348,37.74713 126.912365,37.746999 126.912423,37.746743 126.912606,37.746281 126.912644,37.746187 126.912671,37.746101 126.91267,37.745977 126.912672,37.745826 126.912715,37.745627 126.912767,37.745471 126.912804,37.745397 126.912885,37.745312 126.912997,37.74525 126.91312,37.745215 126.913273,37.745206 126.913373,37.745221 126.913679,37.745308 126.913768,37.745327 126.913849,37.745323 126.913903,37.745305 126.913945,37.745283 126.91396,37.745254 126.913969,37.745218 126.913968,37.745151 126.913943,37.745065 126.913877,37.744879 126.913808,37.744702 126.913774,37.744641 126.913698,37.744554 126.913494,37.744369 126.913411,37.744253 126.913362,37.744138 126.913348,37.74398 126.913352,37.743839 126.913371,37.743676 126.913367,37.74349 126.913348,37.743387 126.913279,37.74329 126.913236,37.743242 126.91298,37.742961 126.912918,37.742872 126.912884,37.742786 126.912872,37.742704 126.912861,37.742594 126.91285,37.742463 126.912848,37.742405 126.912845,37.74232 126.91285,37.742217 126.912813,37.741161 126.912813,37.741089 126.912842,37.740834 126.912985,37.740029 126.913029,37.739777 126.913043,37.739653 126.913045,37.739519 126.913011,37.73938 126.91293,37.73915 126.912919,37.739109 126.912898,37.738988 126.912861,37.738717 126.912834,37.738485 126.912771,37.737952 126.912747,37.737798 126.912706,37.737634 126.912689,37.737582 126.912645,37.737446 126.912522,37.737105 126.912188,37.736172 126.912164,37.736061 126.912144,37.735869 126.912135,37.735703 126.912131,37.735532 126.91216,37.734904 126.912165,37.734756 126.912154,37.734671 126.912125,37.734565 126.91163,37.733357 126.911495,37.733001 126.91145,37.73288 126.911421,37.732796 126.911219,37.732339 126.911171,37.732228 126.91111,37.732102 126.911023,37.73194 126.910958,37.73182 126.910598,37.731199 126.910482,37.730951 126.91035,37.730722 126.910316,37.730658 126.910187,37.730394 126.909884,37.729686 126.909789,37.729536 126.909661,37.729366 126.909463,37.729155 126.909054,37.728828 126.908876,37.728694 126.908772,37.728589 126.908704,37.728464 126.908628,37.728173 126.908607,37.728099 126.908589,37.728048 126.908518,37.727882 126.908308,37.727472 126.907779,37.726456 126.907685,37.726308 126.907596,37.726218 126.906176,37.725003 126.905878,37.72479 126.905581,37.724549 126.905455,37.724414 126.905404,37.724314 126.905347,37.724154 126.905321,37.724035 126.905293,37.723814 126.905308,37.722621 126.905271,37.721808 126.905235,37.720943 126.905231,37.720621 126.905222,37.720562 126.905188,37.720447 126.905156,37.720392 126.905075,37.720314 126.90499,37.720262 126.904934,37.720239 126.904797,37.720182 126.903777,37.719832 126.903707,37.719808</coordinates>    </LineString>   </Placemark>   <Placemark>    <tmap:index>5</tmap:index>    <tmap:lineIndex>5</tmap:lineIndex>    <styleUrl>#style1</styleUrl>    <tmap:id>2137312</tmap:id>    <name><![CDATA[보광로(고양시)/2137312/377322]]></name>    <description><![CDATA[아시아관광호텔 에서 파주보광사 방면 원활 / 33]]></description>    <tmap:congestion>1</tmap:congestion>    <tmap:direction>1</tmap:direction>    <tmap:roadType>004</tmap:roadType>    <tmap:startNodeName><![CDATA[아시아관광호텔]]></tmap:startNodeName>    <tmap:endNodeName><![CDATA[파주보광사]]></tmap:endNodeName>    <tmap:distance>4427</tmap:distance>    <tmap:time>482.94</tmap:time>    <tmap:speed>33</tmap:speed>    <LineString>     <coordinates>126.903795,37.719634 126.904575,37.719883 126.904703,37.719941 126.904805,37.720043 126.904849,37.720106 126.904853,37.72011 126.904984,37.720163 126.905048,37.72019 126.905151,37.720252 126.905248,37.720346 126.905291,37.720419 126.905328,37.720547 126.905339,37.720615 126.905342,37.720941 126.905378,37.721805 126.905416,37.72262 126.905401,37.72381 126.905427,37.724023 126.905453,37.724135 126.905506,37.724287 126.90555,37.724372 126.905663,37.724493 126.905952,37.724729 126.906252,37.724943 126.907678,37.726163 126.907776,37.726262 126.907877,37.72642 126.908408,37.72744 126.908619,37.727853 126.908692,37.728022 126.908712,37.728078 126.908734,37.728155 126.908807,37.728438 126.908865,37.728545 126.908956,37.728636 126.90913,37.728767 126.909545,37.7291 126.90975,37.729318 126.909884,37.729495 126.909984,37.729653 126.910288,37.730365 126.910416,37.730626 126.910449,37.730688 126.910582,37.730919 126.910697,37.731166 126.911057,37.731785 126.911122,37.731907 126.91121,37.73207 126.911272,37.732199 126.911321,37.732312 126.911524,37.73277 126.911554,37.732856 126.911598,37.732977 126.911733,37.733332 126.912229,37.734543 126.912261,37.734658 126.912273,37.734753 126.912267,37.734907 126.912238,37.735533 126.912243,37.735701 126.912251,37.735863 126.912271,37.736051 126.912293,37.736153 126.912626,37.737081 126.912749,37.737424 126.912793,37.73756 126.912811,37.737615 126.912853,37.737784 126.912878,37.737943 126.912942,37.738477 126.912968,37.738709 126.913005,37.738978 126.913026,37.739094 126.913035,37.73913 126.913116,37.73936 126.913153,37.739511 126.913151,37.739658 126.913136,37.739786 126.913092,37.740041 126.912949,37.740843 126.912921,37.741092 126.912921,37.74116 126.912958,37.742217 126.912953,37.742321 126.912956,37.742403 126.912957,37.742459 126.912968,37.742587 126.91298,37.742696 126.91299,37.742768 126.913018,37.742839 126.913071,37.742915 126.913324,37.743192 126.91337,37.743244 126.913452,37.743358 126.913475,37.743483 126.913479,37.743679 126.91346,37.743844 126.913455,37.743978 126.913469,37.744121 126.91351,37.744218 126.913582,37.744319 126.913783,37.744502 126.913869,37.744599 126.913909,37.744672 126.91398,37.744855 126.914047,37.745044 126.914076,37.74514 126.914077,37.745226 126.914064,37.745279 126.914033,37.745339 126.913955,37.74538 126.913875,37.745407 126.913757,37.745413 126.913647,37.745389 126.913345,37.745303 126.913267,37.745292 126.913142,37.745299 126.913047,37.745326 126.912961,37.745374 126.912899,37.745439 126.91287,37.745498 126.91282,37.745646 126.912779,37.745834 126.912778,37.745977 126.912779,37.746111 126.912748,37.746211 126.912709,37.746307 126.912528,37.746764 126.912472,37.747011 126.912456,37.747135 126.912452,37.747235 126.912463,37.747379 126.912506,37.747528 126.912554,37.747656 126.912594,37.747734 126.912655,37.747776 126.912768,37.74782 126.912878,37.747831 126.912984,37.747834 126.913106,37.747837 126.913276,37.747853 126.913363,37.747879 126.913431,37.747934 126.913466,37.74798 126.913487,37.748063 126.913484,37.748127 126.913445,37.748197 126.913317,37.748355 126.913243,37.748438 126.913201,37.748504 126.913194,37.748569 126.913197,37.748623 126.913354,37.748919 126.913383,37.749 126.913385,37.749084 126.913332,37.749195 126.913242,37.749268 126.913142,37.749303 126.91298,37.749348 126.912904,37.74939 126.912817,37.749452 126.912765,37.749517 126.912731,37.749569 126.91271,37.749664 126.912718,37.749738 126.912732,37.749792 126.912765,37.749933 126.912752,37.750028 126.912738,37.75009 126.912727,37.750176 126.912726,37.750257 126.912739,37.750323 126.912771,37.750403 126.91298,37.750697 126.913084,37.750843 126.913133,37.750956 126.913163,37.751111 126.913162,37.751217 126.913165,37.751359 126.913179,37.751443 126.913205,37.751516 126.913254,37.751597 126.913293,37.751648 126.913604,37.751997 126.913681,37.752061 126.913779,37.752117 126.913876,37.752156 126.913976,37.752185 126.914112,37.752198 126.91419,37.752188 126.914705,37.752029 126.914746,37.752026 126.914819,37.752023 126.914868,37.752034 126.914916,37.752051 126.914952,37.752077 126.914981,37.75211 126.914996,37.752143 126.915003,37.752178 126.915,37.752215 126.914984,37.752249 126.914952,37.752283 126.914918,37.752306 126.914148,37.752622 126.914106,37.752655 126.914092,37.752858 126.914054,37.752963 126.913984,37.753106 126.913818,37.753372 126.913714,37.753464</coordinates>    </LineString>   </Placemark>   <Placemark>    <tmap:index>6</tmap:index>    <tmap:lineIndex>6</tmap:lineIndex>    <styleUrl>#style0</styleUrl>    <tmap:id>2137211</tmap:id>    <name><![CDATA[/2137211/377301]]></name>    <description><![CDATA[ 에서  방면 정보없음 / 0]]></description>    <tmap:congestion>0</tmap:congestion>    <tmap:direction>null</tmap:direction>    <tmap:roadType>004</tmap:roadType>    <tmap:startNodeName><![CDATA[]]></tmap:startNodeName>    <tmap:endNodeName><![CDATA[]]></tmap:endNodeName>    <tmap:distance>170</tmap:distance>    <tmap:time>0.00</tmap:time>    <tmap:speed>0</tmap:speed>    <LineString>     <coordinates>126.907147,37.714388 126.907835,37.714272 126.908187,37.714178 126.909,37.713962</coordinates>    </LineString>   </Placemark>   <Placemark>    <tmap:index>7</tmap:index>    <tmap:lineIndex>7</tmap:lineIndex>    <styleUrl>#style0</styleUrl>    <tmap:id>2137212</tmap:id>    <name><![CDATA[/2137212/377302]]></name>    <description><![CDATA[ 에서  방면 정보없음 / 0]]></description>    <tmap:congestion>0</tmap:congestion>    <tmap:direction>null</tmap:direction>    <tmap:roadType>004</tmap:roadType>    <tmap:startNodeName><![CDATA[]]></tmap:startNodeName>    <tmap:endNodeName><![CDATA[]]></tmap:endNodeName>    <tmap:distance>170</tmap:distance>    <tmap:time>0.00</tmap:time>    <tmap:speed>0</tmap:speed>    <LineString>     <coordinates>126.909034,37.714042 126.908221,37.714259 126.907863,37.714354 126.90717,37.714472</coordinates>    </LineString>   </Placemark>   <Placemark>    <tmap:index>8</tmap:index>    <tmap:lineIndex>8</tmap:lineIndex>    <styleUrl>#style1</styleUrl>    <tmap:id>2137261</tmap:id>    <name><![CDATA[호국로(고양-의정부)/2137261/377311]]></name>    <description><![CDATA[SK나이스오일주유소 에서 GS정미주유소 방면 원활 / 52]]></description>    <tmap:congestion>1</tmap:congestion>    <tmap:direction>1</tmap:direction>    <tmap:roadType>004</tmap:roadType>    <tmap:startNodeName><![CDATA[SK나이스오일주유소]]></tmap:startNodeName>    <tmap:endNodeName><![CDATA[GS정미주유소]]></tmap:endNodeName>    <tmap:distance>508</tmap:distance>    <tmap:time>35.16</tmap:time>    <tmap:speed>52</tmap:speed>    <LineString>     <coordinates>126.906191,37.709986 126.907169,37.71092 126.907348,37.711105 126.907628,37.71147 126.907752,37.711701 126.908016,37.712171 126.908452,37.713046 126.908717,37.713509 126.908894,37.713782 126.909062,37.713978</coordinates>    </LineString>   </Placemark>   <Placemark>    <tmap:index>9</tmap:index>    <tmap:lineIndex>9</tmap:lineIndex>    <styleUrl>#style1</styleUrl>    <tmap:id>2137262</tmap:id>    <name><![CDATA[호국로(고양-의정부)/2137262/377312]]></name>    <description><![CDATA[GS정미주유소 에서 SK나이스오일주유소 방면 원활 / 52]]></description>    <tmap:congestion>1</tmap:congestion>    <tmap:direction>0</tmap:direction>    <tmap:roadType>013</tmap:roadType>    <tmap:startNodeName><![CDATA[GS정미주유소]]></tmap:startNodeName>    <tmap:endNodeName><![CDATA[SK나이스오일주유소]]></tmap:endNodeName>    <tmap:distance>508</tmap:distance>    <tmap:time>35.16</tmap:time>    <tmap:speed>52</tmap:speed>    <LineString>     <coordinates>126.908972,37.714026 126.908801,37.713826 126.90862,37.713546 126.908352,37.713079 126.907916,37.712204 126.907653,37.711735 126.907532,37.711509 126.907259,37.711153 126.907085,37.710973 126.906108,37.71004</coordinates>    </LineString>   </Placemark>   <Placemark>    <tmap:index>10</tmap:index>    <tmap:lineIndex>10</tmap:lineIndex>    <styleUrl>#style0</styleUrl>    <tmap:id>2137191</tmap:id>    <name><![CDATA[푸른마을로/2137191/377297]]></name>    <description><![CDATA[목암중교 에서 목암초교 방면 정보없음 / 0]]></description>    <tmap:congestion>0</tmap:congestion>    <tmap:direction>1</tmap:direction>    <tmap:roadType>004</tmap:roadType>    <tmap:startNodeName><![CDATA[목암중교]]></tmap:startNodeName>    <tmap:endNodeName><![CDATA[목암초교]]></tmap:endNodeName>    <tmap:distance>391</tmap:distance>    <tmap:time>0.00</tmap:time>    <tmap:speed>0</tmap:speed>    <LineString>     <coordinates>126.907167,37.714472 126.906908,37.714507 126.906659,37.714533 126.90598,37.714572 126.90568,37.714569 126.905042,37.714549 126.903755,37.714491 126.902669,37.714479</coordinates>    </LineString>   </Placemark>   <Placemark>    <tmap:index>11</tmap:index>    <tmap:lineIndex>11</tmap:lineIndex>    <styleUrl>#style0</styleUrl>    <tmap:id>2137192</tmap:id>    <name><![CDATA[푸른마을로/2137192/377298]]></name>    <description><![CDATA[목암초교 에서 목암중교 방면 정보없음 / 0]]></description>    <tmap:congestion>0</tmap:congestion>    <tmap:direction>0</tmap:direction>    <tmap:roadType>004</tmap:roadType>    <tmap:startNodeName><![CDATA[목암초교]]></tmap:startNodeName>    <tmap:endNodeName><![CDATA[목암중교]]></tmap:endNodeName>    <tmap:distance>391</tmap:distance>    <tmap:time>0.00</tmap:time>    <tmap:speed>0</tmap:speed>    <LineString>     <coordinates>126.90267,37.714394 126.903758,37.714405 126.905047,37.714464 126.905683,37.714484 126.905977,37.714487 126.906648,37.714448 126.906892,37.714422 126.907149,37.714388</coordinates>    </LineString>   </Placemark>   <Placemark>    <tmap:index>12</tmap:index>    <tmap:lineIndex>12</tmap:lineIndex>    <styleUrl>#style0</styleUrl>    <tmap:id>2137201</tmap:id>    <name><![CDATA[푸른마을로/2137201/377299]]></name>    <description><![CDATA[목암중교 에서 고양3차풍림아이원 방면 정보없음 / 0]]></description>    <tmap:congestion>0</tmap:congestion>    <tmap:direction>0</tmap:direction>    <tmap:roadType>004</tmap:roadType>    <tmap:startNodeName><![CDATA[목암중교]]></tmap:startNodeName>    <tmap:endNodeName><![CDATA[고양3차풍림아이원]]></tmap:endNodeName>    <tmap:distance>455</tmap:distance>    <tmap:time>0.00</tmap:time>    <tmap:speed>0</tmap:speed>    <LineString>     <coordinates>126.907106,37.71444 126.907064,37.714303 126.906356,37.713218 126.905843,37.712447 126.90521,37.711373 126.904961,37.710963 126.904906,37.710866 126.904831,37.710775</coordinates>    </LineString>   </Placemark>   <Placemark>    <tmap:index>13</tmap:index>    <tmap:lineIndex>13</tmap:lineIndex>    <styleUrl>#style0</styleUrl>    <tmap:id>2137202</tmap:id>    <name><![CDATA[푸른마을로/2137202/377300]]></name>    <description><![CDATA[고양3차풍림아이원 에서 목암중교 방면 정보없음 / 0]]></description>    <tmap:congestion>0</tmap:congestion>    <tmap:direction>1</tmap:direction>    <tmap:roadType>004</tmap:roadType>    <tmap:startNodeName><![CDATA[고양3차풍림아이원]]></tmap:startNodeName>    <tmap:endNodeName><![CDATA[목암중교]]></tmap:endNodeName>    <tmap:distance>455</tmap:distance>    <tmap:time>0.00</tmap:time>    <tmap:speed>0</tmap:speed>    <LineString>     <coordinates>126.904922,37.710729 126.905,37.710825 126.905059,37.710927 126.905307,37.711336 126.90594,37.712409 126.906452,37.713179 126.907165,37.714273 126.907211,37.71442</coordinates>    </LineString>   </Placemark>  </Document> </kml> 