<?xml version="1.0" encoding="UTF-8"?> <kml xmlns="http://www.opengis.net/kml/2.2"  xmlns:xsi="http://www.w3.org/2001/XMLSchema-instance"  xsi:schemaLocation="http://schemas.opengis.net/kml/2.2.0/ogckml22.xsd"   xmlns:tmap="http://tlp.tmap.co.kr/">  <Document>   <Style id="accPoint">    <IconStyle>     <scale>1.5</scale>     <Icon>      <href>http://www.allnew2013altima.com/imggallery/134/icon-poi.png</href>     </Icon>    </IconStyle>   </Style>   <Style id="style0">    <LineStyle>     <color>FF828287</color>     <width>4</width>    </LineStyle>   </Style>   <Style id="style1">    <LineStyle>     <color>FF45D51D</color>     <width>4</width>    </LineStyle>   </Style>   <Style id="style2">    <LineStyle>     <color>FF01C6FF</color>     <width>4</width>    </LineStyle>   </Style>   <Style id="style3">    <LineStyle>     <color>FF0084FF</color>     <width>4</width>    </LineStyle>   </Style>   <Style id="style4">    <LineStyle>     <color>FF1E33FF</color>     <width>4</width>    </LineStyle>   </Style>  <tmap:updateTime>201711261900</tmap:updateTime>   <Placemark>    <tmap:index>0</tmap:index>    <tmap:lineIndex>0</tmap:lineIndex>    <styleUrl>#style1</styleUrl>    <tmap:id>1058721</tmap:id>    <name><![CDATA[일영로/1058721/362053]]></name>    <description><![CDATA[삼하리마을회관 에서 일영유원지입구삼거리 방면 원활 / 36]]></description>    <tmap:congestion>1</tmap:congestion>    <tmap:direction>1</tmap:direction>    <tmap:roadType>004</tmap:roadType>    <tmap:startNodeName><![CDATA[삼하리마을회관]]></tmap:startNodeName>    <tmap:endNodeName><![CDATA[일영유원지입구삼거리]]></tmap:endNodeName>    <tmap:distance>2307</tmap:distance>    <tmap:time>230.69</tmap:time>    <tmap:speed>36</tmap:speed>    <LineString>     <coordinates>126.923113,37.678065 126.923134,37.679294 126.923132,37.679622 126.923106,37.679841 126.92299,37.680112 126.922802,37.680384 126.922358,37.680867 126.922161,37.681184 126.922022,37.681451 126.921943,37.681697 126.921932,37.682047 126.921983,37.682281 126.922057,37.68251 126.922263,37.682894 126.923282,37.684445 126.924051,37.685444 126.924463,37.685974 126.925063,37.686732 126.925449,37.687223 126.925663,37.687572 126.925752,37.687772 126.925817,37.687984 126.925875,37.68844 126.92582,37.688886 126.925753,37.689116 126.925648,37.689411 126.925596,37.689677 126.925606,37.689905 126.925668,37.690262 126.926253,37.691919 126.926563,37.692497 126.926863,37.692895 126.926949,37.692991 126.9271,37.693166 126.927978,37.694012 126.92967,37.695606 126.930029,37.695955 126.930227,37.696257 126.930373,37.696509</coordinates>    </LineString>   </Placemark>   <Placemark>    <tmap:index>1</tmap:index>    <tmap:lineIndex>1</tmap:lineIndex>    <styleUrl>#style1</styleUrl>    <tmap:id>1058722</tmap:id>    <name><![CDATA[일영로/1058722/362054]]></name>    <description><![CDATA[일영유원지입구삼거리 에서 삼하리마을회관 방면 원활 / 43]]></description>    <tmap:congestion>1</tmap:congestion>    <tmap:direction>0</tmap:direction>    <tmap:roadType>004</tmap:roadType>    <tmap:startNodeName><![CDATA[일영유원지입구삼거리]]></tmap:startNodeName>    <tmap:endNodeName><![CDATA[삼하리마을회관]]></tmap:endNodeName>    <tmap:distance>2307</tmap:distance>    <tmap:time>193.14</tmap:time>    <tmap:speed>43</tmap:speed>    <LineString>     <coordinates>126.930275,37.696544 126.93013,37.696294 126.929939,37.696002 126.929587,37.69566 126.927896,37.694066 126.927013,37.693217 126.92686,37.693039 126.926773,37.692942 126.926466,37.692536 126.926151,37.691947 126.925562,37.690279 126.925498,37.689912 126.925488,37.689672 126.925542,37.689393 126.925648,37.689095 126.925713,37.688872 126.925767,37.68844 126.92571,37.687998 126.925648,37.687797 126.925563,37.687605 126.925355,37.687265 126.924972,37.686777 126.924371,37.686019 126.923959,37.685489 126.923188,37.684487 126.922165,37.68293 126.921954,37.682537 126.921878,37.682299 126.921824,37.682053 126.921836,37.681685 126.921919,37.681424 126.922062,37.681149 126.922265,37.680823 126.922711,37.680338 126.92289,37.680077 126.923,37.679823 126.923024,37.679618 126.923026,37.679295 126.923005,37.678066</coordinates>    </LineString>   </Placemark>   <Placemark>    <tmap:index>2</tmap:index>    <tmap:lineIndex>2</tmap:lineIndex>    <styleUrl>#style1</styleUrl>    <tmap:id>2623051</tmap:id>    <name><![CDATA[/2623051/384429]]></name>    <description><![CDATA[ 에서  방면 원활 / 75]]></description>    <tmap:congestion>1</tmap:congestion>    <tmap:direction>null</tmap:direction>    <tmap:roadType>001</tmap:roadType>    <tmap:startNodeName><![CDATA[]]></tmap:startNodeName>    <tmap:endNodeName><![CDATA[]]></tmap:endNodeName>    <tmap:distance>1704</tmap:distance>    <tmap:time>81.79</tmap:time>    <tmap:speed>75</tmap:speed>    <LineString>     <coordinates>126.93446,37.687159 126.933309,37.686121 126.932587,37.685522 126.93167,37.684844 126.930476,37.684109 126.929818,37.683761 126.929006,37.683365 126.928368,37.683088 126.927108,37.68264 126.922342,37.681206 126.921844,37.681055 126.918692,37.680035 126.917925,37.679688</coordinates>    </LineString>   </Placemark>   <Placemark>    <tmap:index>3</tmap:index>    <tmap:lineIndex>3</tmap:lineIndex>    <styleUrl>#style1</styleUrl>    <tmap:id>2623052</tmap:id>    <name><![CDATA[/2623052/384430]]></name>    <description><![CDATA[ 에서  방면 원활 / 82]]></description>    <tmap:congestion>1</tmap:congestion>    <tmap:direction>null</tmap:direction>    <tmap:roadType>001</tmap:roadType>    <tmap:startNodeName><![CDATA[]]></tmap:startNodeName>    <tmap:endNodeName><![CDATA[]]></tmap:endNodeName>    <tmap:distance>1725</tmap:distance>    <tmap:time>75.73</tmap:time>    <tmap:speed>82</tmap:speed>    <LineString>     <coordinates>126.918244,37.679184 126.919341,37.679657 126.920921,37.680426 126.921453,37.680636 126.921978,37.680794 126.922469,37.680944 126.927238,37.682395 126.928486,37.682817 126.929197,37.683081 126.930038,37.683463 126.930727,37.683806 126.931981,37.684541 126.932929,37.685192 126.933826,37.685913 126.934936,37.686896</coordinates>    </LineString>   </Placemark>   <Placemark>    <tmap:index>4</tmap:index>    <tmap:lineIndex>4</tmap:lineIndex>    <styleUrl>#style2</styleUrl>    <tmap:id>2620451</tmap:id>    <name><![CDATA[/2620451/383984]]></name>    <description><![CDATA[ 에서  방면 서행 / 66]]></description>    <tmap:congestion>2</tmap:congestion>    <tmap:direction>null</tmap:direction>    <tmap:roadType>001</tmap:roadType>    <tmap:startNodeName><![CDATA[]]></tmap:startNodeName>    <tmap:endNodeName><![CDATA[]]></tmap:endNodeName>    <tmap:distance>0</tmap:distance>    <tmap:time>0.00</tmap:time>    <tmap:speed>66</tmap:speed>    <LineString>     <coordinates>126.906985,37.673777 126.907895,37.674127 126.908681,37.674487 126.911338,37.675869 126.914325,37.677473 126.91564,37.678149 126.918242,37.679183</coordinates>    </LineString>   </Placemark>   <Placemark>    <tmap:index>5</tmap:index>    <tmap:lineIndex>5</tmap:lineIndex>    <styleUrl>#style1</styleUrl>    <tmap:id>2620452</tmap:id>    <name><![CDATA[/2620452/383985]]></name>    <description><![CDATA[ 에서  방면 원활 / 82]]></description>    <tmap:congestion>1</tmap:congestion>    <tmap:direction>null</tmap:direction>    <tmap:roadType>001</tmap:roadType>    <tmap:startNodeName><![CDATA[]]></tmap:startNodeName>    <tmap:endNodeName><![CDATA[]]></tmap:endNodeName>    <tmap:distance>0</tmap:distance>    <tmap:time>0.00</tmap:time>    <tmap:speed>82</tmap:speed>    <LineString>     <coordinates>126.917927,37.679689 126.917185,37.679376 126.915493,37.678452 126.914151,37.677677 126.911148,37.676083 126.908489,37.674716 126.907756,37.674384 126.906843,37.674037</coordinates>    </LineString>   </Placemark>  </Document> </kml> 