<?xml version="1.0" encoding="UTF-8"?> <kml xmlns="http://www.opengis.net/kml/2.2"  xmlns:xsi="http://www.w3.org/2001/XMLSchema-instance"  xsi:schemaLocation="http://schemas.opengis.net/kml/2.2.0/ogckml22.xsd"   xmlns:tmap="http://tlp.tmap.co.kr/">  <Document>   <Style id="accPoint">    <IconStyle>     <scale>1.5</scale>     <Icon>      <href>http://www.allnew2013altima.com/imggallery/134/icon-poi.png</href>     </Icon>    </IconStyle>   </Style>   <Style id="style0">    <LineStyle>     <color>FF828287</color>     <width>4</width>    </LineStyle>   </Style>   <Style id="style1">    <LineStyle>     <color>FF45D51D</color>     <width>4</width>    </LineStyle>   </Style>   <Style id="style2">    <LineStyle>     <color>FF01C6FF</color>     <width>4</width>    </LineStyle>   </Style>   <Style id="style3">    <LineStyle>     <color>FF0084FF</color>     <width>4</width>    </LineStyle>   </Style>   <Style id="style4">    <LineStyle>     <color>FF1E33FF</color>     <width>4</width>    </LineStyle>   </Style>  <tmap:updateTime>201711261900</tmap:updateTime>   <Placemark>    <tmap:index>0</tmap:index>    <tmap:lineIndex>0</tmap:lineIndex>    <styleUrl>#style1</styleUrl>    <tmap:id>2108341</tmap:id>    <name><![CDATA[호국로(고양-의정부)/2108341/372268]]></name>    <description><![CDATA[벽제역앞 에서 대우식물원 방면 원활 / 40]]></description>    <tmap:congestion>1</tmap:congestion>    <tmap:direction>1</tmap:direction>    <tmap:roadType>004</tmap:roadType>    <tmap:startNodeName><![CDATA[벽제역앞]]></tmap:startNodeName>    <tmap:endNodeName><![CDATA[대우식물원]]></tmap:endNodeName>    <tmap:distance>1100</tmap:distance>    <tmap:time>99.00</tmap:time>    <tmap:speed>40</tmap:speed>    <LineString>     <coordinates>126.894704,37.680986 126.895049,37.681042 126.895557,37.681143 126.896124,37.681346 126.896982,37.681856 126.89768,37.682328 126.899077,37.683241 126.899263,37.683386 126.899762,37.683848 126.900041,37.684191 126.900658,37.685188 126.900843,37.685552 126.900928,37.685921 126.900992,37.686238 126.900988,37.686512 126.900949,37.68682 126.900776,37.68801 126.900755,37.688163 126.900702,37.688545</coordinates>    </LineString>   </Placemark>   <Placemark>    <tmap:index>1</tmap:index>    <tmap:lineIndex>1</tmap:lineIndex>    <styleUrl>#style1</styleUrl>    <tmap:id>2108342</tmap:id>    <name><![CDATA[호국로(고양-의정부)/2108342/372269]]></name>    <description><![CDATA[대우식물원 에서 벽제역앞 방면 원활 / 50]]></description>    <tmap:congestion>1</tmap:congestion>    <tmap:direction>0</tmap:direction>    <tmap:roadType>013</tmap:roadType>    <tmap:startNodeName><![CDATA[대우식물원]]></tmap:startNodeName>    <tmap:endNodeName><![CDATA[벽제역앞]]></tmap:endNodeName>    <tmap:distance>1100</tmap:distance>    <tmap:time>79.20</tmap:time>    <tmap:speed>50</tmap:speed>    <LineString>     <coordinates>126.900594,37.688535 126.900648,37.688154 126.900669,37.688001 126.900842,37.686811 126.90088,37.686508 126.900884,37.686245 126.900822,37.685935 126.900739,37.685576 126.900559,37.685223 126.899947,37.684233 126.899676,37.683899 126.899184,37.683444 126.899005,37.683304 126.897611,37.682394 126.896915,37.681922 126.896069,37.68142 126.895521,37.681223 126.895025,37.681125 126.894682,37.681069</coordinates>    </LineString>   </Placemark>   <Placemark>    <tmap:index>2</tmap:index>    <tmap:lineIndex>2</tmap:lineIndex>    <styleUrl>#style1</styleUrl>    <tmap:id>2620441</tmap:id>    <name><![CDATA[/2620441/383982]]></name>    <description><![CDATA[ 에서  방면 원활 / 94]]></description>    <tmap:congestion>1</tmap:congestion>    <tmap:direction>null</tmap:direction>    <tmap:roadType>001</tmap:roadType>    <tmap:startNodeName><![CDATA[]]></tmap:startNodeName>    <tmap:endNodeName><![CDATA[]]></tmap:endNodeName>    <tmap:distance>0</tmap:distance>    <tmap:time>0.00</tmap:time>    <tmap:speed>94</tmap:speed>    <LineString>     <coordinates>126.891866,37.673437 126.897492,37.673069 126.899021,37.672977 126.901316,37.672864 126.902099,37.672867 126.903001,37.672936 126.904487,37.673119 126.905681,37.67338 126.906981,37.673775</coordinates>    </LineString>   </Placemark>   <Placemark>    <tmap:index>3</tmap:index>    <tmap:lineIndex>3</tmap:lineIndex>    <styleUrl>#style1</styleUrl>    <tmap:id>2620442</tmap:id>    <name><![CDATA[/2620442/383983]]></name>    <description><![CDATA[ 에서  방면 원활 / 99]]></description>    <tmap:congestion>1</tmap:congestion>    <tmap:direction>null</tmap:direction>    <tmap:roadType>001</tmap:roadType>    <tmap:startNodeName><![CDATA[]]></tmap:startNodeName>    <tmap:endNodeName><![CDATA[]]></tmap:endNodeName>    <tmap:distance>0</tmap:distance>    <tmap:time>0.00</tmap:time>    <tmap:speed>99</tmap:speed>    <LineString>     <coordinates>126.906846,37.674038 126.905561,37.673647 126.904401,37.673396 126.902915,37.673191 126.902077,37.673137 126.901345,37.673138 126.899041,37.673236 126.897522,37.673319 126.89192,37.673671</coordinates>    </LineString>   </Placemark>   <Placemark>    <tmap:index>4</tmap:index>    <tmap:lineIndex>4</tmap:lineIndex>    <styleUrl>#style2</styleUrl>    <tmap:id>2620451</tmap:id>    <name><![CDATA[/2620451/383984]]></name>    <description><![CDATA[ 에서  방면 서행 / 66]]></description>    <tmap:congestion>2</tmap:congestion>    <tmap:direction>null</tmap:direction>    <tmap:roadType>001</tmap:roadType>    <tmap:startNodeName><![CDATA[]]></tmap:startNodeName>    <tmap:endNodeName><![CDATA[]]></tmap:endNodeName>    <tmap:distance>0</tmap:distance>    <tmap:time>0.00</tmap:time>    <tmap:speed>66</tmap:speed>    <LineString>     <coordinates>126.906985,37.673777 126.907895,37.674127 126.908681,37.674487 126.911338,37.675869 126.914325,37.677473 126.91564,37.678149 126.918242,37.679183</coordinates>    </LineString>   </Placemark>   <Placemark>    <tmap:index>5</tmap:index>    <tmap:lineIndex>5</tmap:lineIndex>    <styleUrl>#style1</styleUrl>    <tmap:id>2620452</tmap:id>    <name><![CDATA[/2620452/383985]]></name>    <description><![CDATA[ 에서  방면 원활 / 82]]></description>    <tmap:congestion>1</tmap:congestion>    <tmap:direction>null</tmap:direction>    <tmap:roadType>001</tmap:roadType>    <tmap:startNodeName><![CDATA[]]></tmap:startNodeName>    <tmap:endNodeName><![CDATA[]]></tmap:endNodeName>    <tmap:distance>0</tmap:distance>    <tmap:time>0.00</tmap:time>    <tmap:speed>82</tmap:speed>    <LineString>     <coordinates>126.917927,37.679689 126.917185,37.679376 126.915493,37.678452 126.914151,37.677677 126.911148,37.676083 126.908489,37.674716 126.907756,37.674384 126.906843,37.674037</coordinates>    </LineString>   </Placemark>  </Document> </kml> 