<?xml version="1.0" encoding="UTF-8"?> <kml xmlns="http://www.opengis.net/kml/2.2"  xmlns:xsi="http://www.w3.org/2001/XMLSchema-instance"  xsi:schemaLocation="http://schemas.opengis.net/kml/2.2.0/ogckml22.xsd"   xmlns:tmap="http://tlp.tmap.co.kr/">  <Document>   <Style id="accPoint">    <IconStyle>     <scale>1.5</scale>     <Icon>      <href>http://www.allnew2013altima.com/imggallery/134/icon-poi.png</href>     </Icon>    </IconStyle>   </Style>   <Style id="style0">    <LineStyle>     <color>FF828287</color>     <width>4</width>    </LineStyle>   </Style>   <Style id="style1">    <LineStyle>     <color>FF45D51D</color>     <width>4</width>    </LineStyle>   </Style>   <Style id="style2">    <LineStyle>     <color>FF01C6FF</color>     <width>4</width>    </LineStyle>   </Style>   <Style id="style3">    <LineStyle>     <color>FF0084FF</color>     <width>4</width>    </LineStyle>   </Style>   <Style id="style4">    <LineStyle>     <color>FF1E33FF</color>     <width>4</width>    </LineStyle>   </Style>  <tmap:updateTime>201711261900</tmap:updateTime>   <Placemark>    <tmap:index>0</tmap:index>    <tmap:lineIndex>0</tmap:lineIndex>    <styleUrl>#style3</styleUrl>    <tmap:id>2135301</tmap:id>    <name><![CDATA[삼송로/2135301/376952]]></name>    <description><![CDATA[지축차량기지앞 에서 삼송역 방면 지체 / 16]]></description>    <tmap:congestion>3</tmap:congestion>    <tmap:direction>0</tmap:direction>    <tmap:roadType>004</tmap:roadType>    <tmap:startNodeName><![CDATA[지축차량기지앞]]></tmap:startNodeName>    <tmap:endNodeName><![CDATA[삼송역]]></tmap:endNodeName>    <tmap:distance>455</tmap:distance>    <tmap:time>102.37</tmap:time>    <tmap:speed>16</tmap:speed>    <LineString>     <coordinates>126.89786,37.653804 126.897615,37.653802 126.897527,37.653801 126.896764,37.653805 126.89621,37.653781 126.895283,37.653714 126.894912,37.653684 126.894445,37.65363</coordinates>    </LineString>   </Placemark>   <Placemark>    <tmap:index>1</tmap:index>    <tmap:lineIndex>1</tmap:lineIndex>    <styleUrl>#style3</styleUrl>    <tmap:id>2135302</tmap:id>    <name><![CDATA[삼송로/2135302/376953]]></name>    <description><![CDATA[삼송역 에서 지축차량기지앞 방면 지체 / 14]]></description>    <tmap:congestion>3</tmap:congestion>    <tmap:direction>1</tmap:direction>    <tmap:roadType>004</tmap:roadType>    <tmap:startNodeName><![CDATA[삼송역]]></tmap:startNodeName>    <tmap:endNodeName><![CDATA[지축차량기지앞]]></tmap:endNodeName>    <tmap:distance>455</tmap:distance>    <tmap:time>117.00</tmap:time>    <tmap:speed>14</tmap:speed>    <LineString>     <coordinates>126.895007,37.653426 126.895113,37.653435 126.895228,37.653444 126.895319,37.653451 126.896241,37.653512 126.896634,37.65353 126.897541,37.653526 126.897622,37.653526 126.897793,37.653523 126.897882,37.653522</coordinates>    </LineString>   </Placemark>   <Placemark>    <tmap:index>2</tmap:index>    <tmap:lineIndex>2</tmap:lineIndex>    <styleUrl>#style1</styleUrl>    <tmap:id>2135331</tmap:id>    <name><![CDATA[통일로(고양)/2135331/427884]]></name>    <description><![CDATA[지축차량기지앞 에서 신원지하차도 방면 원활 / 33]]></description>    <tmap:congestion>1</tmap:congestion>    <tmap:direction>1</tmap:direction>    <tmap:roadType>004</tmap:roadType>    <tmap:startNodeName><![CDATA[지축차량기지앞]]></tmap:startNodeName>    <tmap:endNodeName><![CDATA[신원지하차도]]></tmap:endNodeName>    <tmap:distance>1602</tmap:distance>    <tmap:time>174.76</tmap:time>    <tmap:speed>33</tmap:speed>    <LineString>     <coordinates>126.897914,37.65376 126.897877,37.654092 126.897879,37.654158 126.897883,37.654264 126.897913,37.654725 126.897919,37.654788 126.897932,37.654921 126.89797,37.655275 126.897973,37.655328 126.897974,37.655437 126.897969,37.655592 126.897961,37.655765 126.89795,37.655869 126.897944,37.655906 126.897908,37.656045 126.897871,37.656181 126.897817,37.656342 126.897746,37.656494 126.897711,37.656565 126.897682,37.656623 126.897643,37.656688 126.897562,37.656801 126.897238,37.657249 126.896383,37.657962 126.896282,37.658023 126.896093,37.658076 126.89594,37.658101 126.89578,37.658114 126.8956,37.658103 126.895017,37.658035 126.894833,37.658044 126.894632,37.658078 126.89451,37.65811 126.894393,37.658163 126.894259,37.658251 126.894062,37.658439 126.893998,37.658513 126.893973,37.658557 126.893954,37.658609 126.893827,37.659283 126.8938,37.659612 126.893805,37.659783 126.893862,37.660172 126.893962,37.660901 126.893988,37.661292 126.893994,37.661319 126.894111,37.661481 126.894148,37.661597 126.894166,37.661701 126.894148,37.661825 126.894097,37.661943 126.89367,37.662446</coordinates>    </LineString>   </Placemark>   <Placemark>    <tmap:index>3</tmap:index>    <tmap:lineIndex>3</tmap:lineIndex>    <styleUrl>#style1</styleUrl>    <tmap:id>2135332</tmap:id>    <name><![CDATA[통일로(고양)/2135332/376956]]></name>    <description><![CDATA[신원지하차도 에서 지축차량기지앞 방면 원활 / 37]]></description>    <tmap:congestion>1</tmap:congestion>    <tmap:direction>0</tmap:direction>    <tmap:roadType>004</tmap:roadType>    <tmap:startNodeName><![CDATA[신원지하차도]]></tmap:startNodeName>    <tmap:endNodeName><![CDATA[지축차량기지앞]]></tmap:endNodeName>    <tmap:distance>1602</tmap:distance>    <tmap:time>155.87</tmap:time>    <tmap:speed>37</tmap:speed>    <LineString>     <coordinates>126.893368,37.66232 126.893395,37.662287 126.893782,37.661831 126.893829,37.661714 126.893864,37.661585 126.89388,37.661297 126.893855,37.660908 126.893755,37.660182 126.893697,37.659789 126.893692,37.65961 126.893719,37.659274 126.893848,37.658591 126.893872,37.658527 126.893904,37.658471 126.893976,37.658387 126.894183,37.658191 126.894332,37.658092 126.894466,37.658032 126.894603,37.657995 126.894819,37.65796 126.895022,37.65795 126.895612,37.658018 126.895778,37.658029 126.895923,37.658016 126.896064,37.657994 126.89623,37.657947 126.89631,37.657898 126.897151,37.657198 126.897469,37.656759 126.897547,37.656648 126.897583,37.656589 126.897611,37.656534 126.897645,37.656463 126.897714,37.656316 126.897766,37.656161 126.897803,37.656028 126.897837,37.655892 126.897842,37.65586 126.897853,37.65576 126.897861,37.655589 126.897866,37.655436 126.897866,37.655331 126.897862,37.655281 126.897824,37.654928 126.897811,37.654794 126.897805,37.65473 126.897775,37.654267 126.897771,37.654161 126.897769,37.654089 126.897806,37.653757 126.897829,37.65356</coordinates>    </LineString>   </Placemark>   <Placemark>    <tmap:index>4</tmap:index>    <tmap:lineIndex>4</tmap:lineIndex>    <styleUrl>#style1</styleUrl>    <tmap:id>2008111</tmap:id>    <name><![CDATA[통일로(고양)/2008111/364775]]></name>    <description><![CDATA[지축차량기지앞 에서 동산삼거리(고양) 방면 원활 / 49]]></description>    <tmap:congestion>1</tmap:congestion>    <tmap:direction>0</tmap:direction>    <tmap:roadType>004</tmap:roadType>    <tmap:startNodeName><![CDATA[지축차량기지앞]]></tmap:startNodeName>    <tmap:endNodeName><![CDATA[동산삼거리(고양)]]></tmap:endNodeName>    <tmap:distance>709</tmap:distance>    <tmap:time>52.08</tmap:time>    <tmap:speed>49</tmap:speed>    <LineString>     <coordinates>126.89783,37.653556 126.897888,37.653319 126.898217,37.65175 126.89838,37.650903 126.898399,37.650827 126.898434,37.650713 126.898497,37.650557 126.898569,37.650426 126.898661,37.650288 126.898768,37.65016 126.898903,37.650014 126.899024,37.649895 126.899428,37.649627 126.899763,37.649422</coordinates>    </LineString>   </Placemark>   <Placemark>    <tmap:index>5</tmap:index>    <tmap:lineIndex>5</tmap:lineIndex>    <styleUrl>#style2</styleUrl>    <tmap:id>2008112</tmap:id>    <name><![CDATA[통일로(고양)/2008112/364776]]></name>    <description><![CDATA[동산삼거리(고양) 에서 지축차량기지앞 방면 서행 / 35]]></description>    <tmap:congestion>2</tmap:congestion>    <tmap:direction>1</tmap:direction>    <tmap:roadType>013</tmap:roadType>    <tmap:startNodeName><![CDATA[동산삼거리(고양)]]></tmap:startNodeName>    <tmap:endNodeName><![CDATA[지축차량기지앞]]></tmap:endNodeName>    <tmap:distance>709</tmap:distance>    <tmap:time>72.92</tmap:time>    <tmap:speed>35</tmap:speed>    <LineString>     <coordinates>126.899829,37.64949 126.899496,37.649693 126.899101,37.649955 126.898989,37.650066 126.898857,37.650208 126.898754,37.650331 126.898666,37.650463 126.898598,37.650587 126.898538,37.650736 126.898504,37.650845 126.898486,37.650918 126.898324,37.651763 126.897994,37.653334 126.897936,37.65357 126.897914,37.653765</coordinates>    </LineString>   </Placemark>   <Placemark>    <tmap:index>6</tmap:index>    <tmap:lineIndex>6</tmap:lineIndex>    <styleUrl>#style0</styleUrl>    <tmap:id>2608851</tmap:id>    <name><![CDATA[삼송로(고양)/2608851/428649]]></name>    <description><![CDATA[ 에서  방면 정보없음 / 0]]></description>    <tmap:congestion>0</tmap:congestion>    <tmap:direction>null</tmap:direction>    <tmap:roadType>004</tmap:roadType>    <tmap:startNodeName><![CDATA[]]></tmap:startNodeName>    <tmap:endNodeName><![CDATA[]]></tmap:endNodeName>    <tmap:distance>2100</tmap:distance>    <tmap:time>0.00</tmap:time>    <tmap:speed>0</tmap:speed>    <LineString>     <coordinates>126.897885,37.653522 126.898214,37.653534 126.899812,37.65359699999999 126.899917,37.653611 126.900029,37.65363599999999 126.900253,37.653704 126.900604,37.653657 126.901072,37.653587</coordinates>    </LineString>   </Placemark>   <Placemark>    <tmap:index>7</tmap:index>    <tmap:lineIndex>7</tmap:lineIndex>    <styleUrl>#style0</styleUrl>    <tmap:id>2608851</tmap:id>    <name><![CDATA[삼송로(고양)/2608851/428651]]></name>    <description><![CDATA[ 에서  방면 정보없음 / 0]]></description>    <tmap:congestion>0</tmap:congestion>    <tmap:direction>null</tmap:direction>    <tmap:roadType>004</tmap:roadType>    <tmap:startNodeName><![CDATA[]]></tmap:startNodeName>    <tmap:endNodeName><![CDATA[]]></tmap:endNodeName>    <tmap:distance>2100</tmap:distance>    <tmap:time>0.00</tmap:time>    <tmap:speed>0</tmap:speed>    <LineString>     <coordinates>126.901109,37.653592 126.901268,37.65366699999999 126.902156,37.653581 126.902638,37.65350999999999 126.903,37.653466 126.90336,37.65342499999999 126.903761,37.653369 126.904157,37.65329 126.905831,37.652924 126.906293,37.65281999999999 126.907017,37.652643</coordinates>    </LineString>   </Placemark>   <Placemark>    <tmap:index>8</tmap:index>    <tmap:lineIndex>8</tmap:lineIndex>    <styleUrl>#style0</styleUrl>    <tmap:id>2608852</tmap:id>    <name><![CDATA[삼송로(고양)/2608852/428653]]></name>    <description><![CDATA[ 에서  방면 정보없음 / 0]]></description>    <tmap:congestion>0</tmap:congestion>    <tmap:direction>null</tmap:direction>    <tmap:roadType>004</tmap:roadType>    <tmap:startNodeName><![CDATA[]]></tmap:startNodeName>    <tmap:endNodeName><![CDATA[]]></tmap:endNodeName>    <tmap:distance>2100</tmap:distance>    <tmap:time>0.00</tmap:time>    <tmap:speed>0</tmap:speed>    <LineString>     <coordinates>126.907049,37.652725 126.906324,37.65290199999999 126.90586,37.653006 126.904184,37.65337699999999 126.903783,37.653453 126.903377,37.6535 126.903016,37.65355 126.902656,37.65359399999999 126.902173,37.653666 126.901244,37.65375499999999 126.901054,37.653665</coordinates>    </LineString>   </Placemark>   <Placemark>    <tmap:index>9</tmap:index>    <tmap:lineIndex>9</tmap:lineIndex>    <styleUrl>#style0</styleUrl>    <tmap:id>2608851</tmap:id>    <name><![CDATA[삼송로(고양)/2608851/428650]]></name>    <description><![CDATA[ 에서  방면 정보없음 / 0]]></description>    <tmap:congestion>0</tmap:congestion>    <tmap:direction>null</tmap:direction>    <tmap:roadType>004</tmap:roadType>    <tmap:startNodeName><![CDATA[]]></tmap:startNodeName>    <tmap:endNodeName><![CDATA[]]></tmap:endNodeName>    <tmap:distance>2100</tmap:distance>    <tmap:time>0.00</tmap:time>    <tmap:speed>0</tmap:speed>    <LineString>     <coordinates>126.901069,37.653587 126.90135,37.65353499999999 126.901562,37.6535 126.902054,37.653463 126.902422,37.65341999999999 126.903376,37.65329 126.903998,37.653207 126.904276,37.65315199999999 126.904768,37.65305599999999 126.906021,37.652771 126.906349,37.652714 126.906939,37.652591 126.907264,37.652483 126.907631,37.652368 126.907994,37.652244 126.908224,37.652154 126.90874,37.651955 126.909069,37.651778 126.909227,37.651697 126.909758,37.651513 126.912825,37.650483 126.914253,37.650025 126.914804,37.649841 126.915567,37.649595 126.916438,37.649385 126.917475,37.649275 126.917846,37.649255 126.919667,37.649377 126.920978,37.649483</coordinates>    </LineString>   </Placemark>   <Placemark>    <tmap:index>10</tmap:index>    <tmap:lineIndex>10</tmap:lineIndex>    <styleUrl>#style0</styleUrl>    <tmap:id>2608852</tmap:id>    <name><![CDATA[삼송로(고양)/2608852/428652]]></name>    <description><![CDATA[ 에서  방면 정보없음 / 0]]></description>    <tmap:congestion>0</tmap:congestion>    <tmap:direction>null</tmap:direction>    <tmap:roadType>004</tmap:roadType>    <tmap:startNodeName><![CDATA[]]></tmap:startNodeName>    <tmap:endNodeName><![CDATA[]]></tmap:endNodeName>    <tmap:distance>2100</tmap:distance>    <tmap:time>0.00</tmap:time>    <tmap:speed>0</tmap:speed>    <LineString>     <coordinates>126.920967,37.64956699999999 126.919657,37.649462 126.917845,37.64934 126.917486,37.64936 126.916461,37.64946799999999 126.915603,37.649676 126.914845,37.64992 126.914294,37.650103 126.912866,37.650562 126.909801,37.651592 126.909278,37.651772 126.909128,37.651849 126.908794,37.65203 126.908272,37.65223 126.908039,37.652321 126.907672,37.652447 126.907304,37.652562 126.906974,37.652672 126.906375,37.652797 126.906047,37.652854 126.904796,37.653138 126.904302,37.653235 126.904021,37.653291 126.903394,37.653379 126.902439,37.653504 126.902068,37.653547 126.901577,37.653591 126.901372,37.653619 126.901094,37.65367</coordinates>    </LineString>   </Placemark>   <Placemark>    <tmap:index>11</tmap:index>    <tmap:lineIndex>11</tmap:lineIndex>    <styleUrl>#style2</styleUrl>    <tmap:id>2625811</tmap:id>    <name><![CDATA[/2625811/384911]]></name>    <description><![CDATA[ 에서  방면 서행 / 25]]></description>    <tmap:congestion>2</tmap:congestion>    <tmap:direction>null</tmap:direction>    <tmap:roadType>004</tmap:roadType>    <tmap:startNodeName><![CDATA[]]></tmap:startNodeName>    <tmap:endNodeName><![CDATA[]]></tmap:endNodeName>    <tmap:distance>621</tmap:distance>    <tmap:time>89.42</tmap:time>    <tmap:speed>25</tmap:speed>    <LineString>     <coordinates>126.890217,37.648473 126.891936,37.649095 126.895389,37.65034 126.895704,37.650447 126.895852,37.650494 126.896012,37.650534 126.896673,37.650665</coordinates>    </LineString>   </Placemark>   <Placemark>    <tmap:index>12</tmap:index>    <tmap:lineIndex>12</tmap:lineIndex>    <styleUrl>#style2</styleUrl>    <tmap:id>2625812</tmap:id>    <name><![CDATA[/2625812/384912]]></name>    <description><![CDATA[ 에서  방면 서행 / 28]]></description>    <tmap:congestion>2</tmap:congestion>    <tmap:direction>null</tmap:direction>    <tmap:roadType>004</tmap:roadType>    <tmap:startNodeName><![CDATA[]]></tmap:startNodeName>    <tmap:endNodeName><![CDATA[]]></tmap:endNodeName>    <tmap:distance>622</tmap:distance>    <tmap:time>79.97</tmap:time>    <tmap:speed>28</tmap:speed>    <LineString>     <coordinates>126.896647,37.650748 126.895983,37.650617 126.895815,37.650574 126.895662,37.650525 126.895345,37.650418 126.891891,37.649173 126.890172,37.648551</coordinates>    </LineString>   </Placemark>   <Placemark>    <tmap:index>13</tmap:index>    <tmap:lineIndex>13</tmap:lineIndex>    <styleUrl>#style3</styleUrl>    <tmap:id>2625851</tmap:id>    <name><![CDATA[/2625851/384919]]></name>    <description><![CDATA[ 에서  방면 지체 / 18]]></description>    <tmap:congestion>3</tmap:congestion>    <tmap:direction>null</tmap:direction>    <tmap:roadType>004</tmap:roadType>    <tmap:startNodeName><![CDATA[]]></tmap:startNodeName>    <tmap:endNodeName><![CDATA[]]></tmap:endNodeName>    <tmap:distance>219</tmap:distance>    <tmap:time>43.80</tmap:time>    <tmap:speed>18</tmap:speed>    <LineString>     <coordinates>126.89661,37.65069 126.897603,37.648881</coordinates>    </LineString>   </Placemark>   <Placemark>    <tmap:index>14</tmap:index>    <tmap:lineIndex>14</tmap:lineIndex>    <styleUrl>#style1</styleUrl>    <tmap:id>2625852</tmap:id>    <name><![CDATA[/2625852/384920]]></name>    <description><![CDATA[ 에서  방면 원활 / 38]]></description>    <tmap:congestion>1</tmap:congestion>    <tmap:direction>null</tmap:direction>    <tmap:roadType>004</tmap:roadType>    <tmap:startNodeName><![CDATA[]]></tmap:startNodeName>    <tmap:endNodeName><![CDATA[]]></tmap:endNodeName>    <tmap:distance>219</tmap:distance>    <tmap:time>20.74</tmap:time>    <tmap:speed>38</tmap:speed>    <LineString>     <coordinates>126.897702,37.648915 126.896709,37.650724</coordinates>    </LineString>   </Placemark>   <Placemark>    <tmap:index>15</tmap:index>    <tmap:lineIndex>15</tmap:lineIndex>    <styleUrl>#style0</styleUrl>    <tmap:id>2608852</tmap:id>    <name><![CDATA[삼송로(고양)/2608852/428654]]></name>    <description><![CDATA[ 에서  방면 정보없음 / 0]]></description>    <tmap:congestion>0</tmap:congestion>    <tmap:direction>null</tmap:direction>    <tmap:roadType>004</tmap:roadType>    <tmap:startNodeName><![CDATA[]]></tmap:startNodeName>    <tmap:endNodeName><![CDATA[]]></tmap:endNodeName>    <tmap:distance>2100</tmap:distance>    <tmap:time>0.00</tmap:time>    <tmap:speed>0</tmap:speed>    <LineString>     <coordinates>126.901092,37.653671 126.900623,37.65374099999999 126.900261,37.65379 126.900019,37.65385599999999 126.899908,37.65387499999999 126.898614,37.65382999999999 126.898364,37.653818 126.897935,37.653803 126.897861,37.653804</coordinates>    </LineString>   </Placemark>   <Placemark>    <tmap:index>16</tmap:index>    <tmap:lineIndex>16</tmap:lineIndex>    <styleUrl>#style4</styleUrl>    <tmap:id>2625841</tmap:id>    <name><![CDATA[/2625841/384917]]></name>    <description><![CDATA[ 에서  방면 정체 / 8]]></description>    <tmap:congestion>4</tmap:congestion>    <tmap:direction>null</tmap:direction>    <tmap:roadType>004</tmap:roadType>    <tmap:startNodeName><![CDATA[]]></tmap:startNodeName>    <tmap:endNodeName><![CDATA[]]></tmap:endNodeName>    <tmap:distance>618</tmap:distance>    <tmap:time>278.10</tmap:time>    <tmap:speed>8</tmap:speed>    <LineString>     <coordinates>126.8912,37.646745 126.892897,37.647357 126.896386,37.648611 126.896552,37.648658 126.896888,37.648737 126.897663,37.648856</coordinates>    </LineString>   </Placemark>   <Placemark>    <tmap:index>17</tmap:index>    <tmap:lineIndex>17</tmap:lineIndex>    <styleUrl>#style2</styleUrl>    <tmap:id>2625842</tmap:id>    <name><![CDATA[/2625842/384918]]></name>    <description><![CDATA[ 에서  방면 서행 / 20]]></description>    <tmap:congestion>2</tmap:congestion>    <tmap:direction>null</tmap:direction>    <tmap:roadType>004</tmap:roadType>    <tmap:startNodeName><![CDATA[]]></tmap:startNodeName>    <tmap:endNodeName><![CDATA[]]></tmap:endNodeName>    <tmap:distance>621</tmap:distance>    <tmap:time>111.78</tmap:time>    <tmap:speed>20</tmap:speed>    <LineString>     <coordinates>126.897642,37.64894 126.896862,37.64882 126.896518,37.648739 126.896346,37.648691 126.892853,37.647435 126.891155,37.646823</coordinates>    </LineString>   </Placemark>   <Placemark>    <tmap:index>18</tmap:index>    <tmap:lineIndex>18</tmap:lineIndex>    <styleUrl>#style4</styleUrl>    <tmap:id>2625861</tmap:id>    <name><![CDATA[/2625861/384921]]></name>    <description><![CDATA[ 에서  방면 정체 / 7]]></description>    <tmap:congestion>4</tmap:congestion>    <tmap:direction>null</tmap:direction>    <tmap:roadType>004</tmap:roadType>    <tmap:startNodeName><![CDATA[]]></tmap:startNodeName>    <tmap:endNodeName><![CDATA[]]></tmap:endNodeName>    <tmap:distance>243</tmap:distance>    <tmap:time>124.97</tmap:time>    <tmap:speed>7</tmap:speed>    <LineString>     <coordinates>126.897603,37.648881 126.898443,37.647327 126.898614,37.647007 126.898667,37.646864</coordinates>    </LineString>   </Placemark>   <Placemark>    <tmap:index>19</tmap:index>    <tmap:lineIndex>19</tmap:lineIndex>    <styleUrl>#style3</styleUrl>    <tmap:id>2625862</tmap:id>    <name><![CDATA[/2625862/384922]]></name>    <description><![CDATA[ 에서  방면 지체 / 14]]></description>    <tmap:congestion>3</tmap:congestion>    <tmap:direction>null</tmap:direction>    <tmap:roadType>004</tmap:roadType>    <tmap:startNodeName><![CDATA[]]></tmap:startNodeName>    <tmap:endNodeName><![CDATA[]]></tmap:endNodeName>    <tmap:distance>244</tmap:distance>    <tmap:time>62.74</tmap:time>    <tmap:speed>14</tmap:speed>    <LineString>     <coordinates>126.89877,37.646888 126.898716,37.647036 126.898542,37.647361 126.897702,37.648915</coordinates>    </LineString>   </Placemark>   <Placemark>    <tmap:index>20</tmap:index>    <tmap:lineIndex>20</tmap:lineIndex>    <styleUrl>#style1</styleUrl>    <tmap:id>1055161</tmap:id>    <name><![CDATA[통일로/1055161/361498]]></name>    <description><![CDATA[은평뉴타운10단지 에서 동산삼거리(고양) 방면 원활 / 49]]></description>    <tmap:congestion>1</tmap:congestion>    <tmap:direction>1</tmap:direction>    <tmap:roadType>004</tmap:roadType>    <tmap:startNodeName><![CDATA[은평뉴타운10단지]]></tmap:startNodeName>    <tmap:endNodeName><![CDATA[동산삼거리(고양)]]></tmap:endNodeName>    <tmap:distance>1120</tmap:distance>    <tmap:time>82.28</tmap:time>    <tmap:speed>49</tmap:speed>    <LineString>     <coordinates>126.914623,37.643333 126.912615,37.644284 126.911728,37.644598 126.910055,37.645396 126.908986,37.645893 126.906812,37.64687 126.906376,37.647007 126.905737,37.647136 126.904146,37.647315 126.903598,37.64743 126.903143,37.647567 126.902512,37.647869 126.899829,37.64949</coordinates>    </LineString>   </Placemark>   <Placemark>    <tmap:index>21</tmap:index>    <tmap:lineIndex>21</tmap:lineIndex>    <styleUrl>#style1</styleUrl>    <tmap:id>1055162</tmap:id>    <name><![CDATA[통일로/1055162/425248]]></name>    <description><![CDATA[동산삼거리(고양) 에서 은평뉴타운10단지 방면 원활 / 31]]></description>    <tmap:congestion>1</tmap:congestion>    <tmap:direction>0</tmap:direction>    <tmap:roadType>004</tmap:roadType>    <tmap:startNodeName><![CDATA[동산삼거리(고양)]]></tmap:startNodeName>    <tmap:endNodeName><![CDATA[은평뉴타운10단지]]></tmap:endNodeName>    <tmap:distance>1120</tmap:distance>    <tmap:time>130.06</tmap:time>    <tmap:speed>31</tmap:speed>    <LineString>     <coordinates>126.899763,37.649422 126.902452,37.647798 126.903096,37.64749 126.903565,37.64734899999999 126.904124,37.647231 126.905716,37.647052 126.906343,37.646926 126.906765,37.64679199999999 126.908933,37.645819</coordinates>    </LineString>   </Placemark>  </Document> </kml> 