<?xml version="1.0" encoding="UTF-8"?> <kml xmlns="http://www.opengis.net/kml/2.2"  xmlns:xsi="http://www.w3.org/2001/XMLSchema-instance"  xsi:schemaLocation="http://schemas.opengis.net/kml/2.2.0/ogckml22.xsd"   xmlns:tmap="http://tlp.tmap.co.kr/">  <Document>   <Style id="accPoint">    <IconStyle>     <scale>1.5</scale>     <Icon>      <href>http://www.allnew2013altima.com/imggallery/134/icon-poi.png</href>     </Icon>    </IconStyle>   </Style>   <Style id="style0">    <LineStyle>     <color>FF828287</color>     <width>4</width>    </LineStyle>   </Style>   <Style id="style1">    <LineStyle>     <color>FF45D51D</color>     <width>4</width>    </LineStyle>   </Style>   <Style id="style2">    <LineStyle>     <color>FF01C6FF</color>     <width>4</width>    </LineStyle>   </Style>   <Style id="style3">    <LineStyle>     <color>FF0084FF</color>     <width>4</width>    </LineStyle>   </Style>   <Style id="style4">    <LineStyle>     <color>FF1E33FF</color>     <width>4</width>    </LineStyle>   </Style>  <tmap:updateTime>201711261900</tmap:updateTime>   <Placemark>    <tmap:index>0</tmap:index>    <tmap:lineIndex>0</tmap:lineIndex>    <styleUrl>#style1</styleUrl>    <tmap:id>2137261</tmap:id>    <name><![CDATA[호국로(고양-의정부)/2137261/377311]]></name>    <description><![CDATA[SK나이스오일주유소 에서 GS정미주유소 방면 원활 / 52]]></description>    <tmap:congestion>1</tmap:congestion>    <tmap:direction>1</tmap:direction>    <tmap:roadType>004</tmap:roadType>    <tmap:startNodeName><![CDATA[SK나이스오일주유소]]></tmap:startNodeName>    <tmap:endNodeName><![CDATA[GS정미주유소]]></tmap:endNodeName>    <tmap:distance>508</tmap:distance>    <tmap:time>35.16</tmap:time>    <tmap:speed>52</tmap:speed>    <LineString>     <coordinates>126.906191,37.709986 126.907169,37.71092 126.907348,37.711105 126.907628,37.71147 126.907752,37.711701 126.908016,37.712171 126.908452,37.713046 126.908717,37.713509 126.908894,37.713782 126.909062,37.713978</coordinates>    </LineString>   </Placemark>   <Placemark>    <tmap:index>1</tmap:index>    <tmap:lineIndex>1</tmap:lineIndex>    <styleUrl>#style1</styleUrl>    <tmap:id>2137262</tmap:id>    <name><![CDATA[호국로(고양-의정부)/2137262/377312]]></name>    <description><![CDATA[GS정미주유소 에서 SK나이스오일주유소 방면 원활 / 52]]></description>    <tmap:congestion>1</tmap:congestion>    <tmap:direction>0</tmap:direction>    <tmap:roadType>013</tmap:roadType>    <tmap:startNodeName><![CDATA[GS정미주유소]]></tmap:startNodeName>    <tmap:endNodeName><![CDATA[SK나이스오일주유소]]></tmap:endNodeName>    <tmap:distance>508</tmap:distance>    <tmap:time>35.16</tmap:time>    <tmap:speed>52</tmap:speed>    <LineString>     <coordinates>126.908972,37.714026 126.908801,37.713826 126.90862,37.713546 126.908352,37.713079 126.907916,37.712204 126.907653,37.711735 126.907532,37.711509 126.907259,37.711153 126.907085,37.710973 126.906108,37.71004</coordinates>    </LineString>   </Placemark>   <Placemark>    <tmap:index>2</tmap:index>    <tmap:lineIndex>2</tmap:lineIndex>    <styleUrl>#style0</styleUrl>    <tmap:id>2137201</tmap:id>    <name><![CDATA[푸른마을로/2137201/377299]]></name>    <description><![CDATA[목암중교 에서 고양3차풍림아이원 방면 정보없음 / 0]]></description>    <tmap:congestion>0</tmap:congestion>    <tmap:direction>0</tmap:direction>    <tmap:roadType>004</tmap:roadType>    <tmap:startNodeName><![CDATA[목암중교]]></tmap:startNodeName>    <tmap:endNodeName><![CDATA[고양3차풍림아이원]]></tmap:endNodeName>    <tmap:distance>455</tmap:distance>    <tmap:time>0.00</tmap:time>    <tmap:speed>0</tmap:speed>    <LineString>     <coordinates>126.907106,37.71444 126.907064,37.714303 126.906356,37.713218 126.905843,37.712447 126.90521,37.711373 126.904961,37.710963 126.904906,37.710866 126.904831,37.710775</coordinates>    </LineString>   </Placemark>   <Placemark>    <tmap:index>3</tmap:index>    <tmap:lineIndex>3</tmap:lineIndex>    <styleUrl>#style0</styleUrl>    <tmap:id>2137202</tmap:id>    <name><![CDATA[푸른마을로/2137202/377300]]></name>    <description><![CDATA[고양3차풍림아이원 에서 목암중교 방면 정보없음 / 0]]></description>    <tmap:congestion>0</tmap:congestion>    <tmap:direction>1</tmap:direction>    <tmap:roadType>004</tmap:roadType>    <tmap:startNodeName><![CDATA[고양3차풍림아이원]]></tmap:startNodeName>    <tmap:endNodeName><![CDATA[목암중교]]></tmap:endNodeName>    <tmap:distance>455</tmap:distance>    <tmap:time>0.00</tmap:time>    <tmap:speed>0</tmap:speed>    <LineString>     <coordinates>126.904922,37.710729 126.905,37.710825 126.905059,37.710927 126.905307,37.711336 126.90594,37.712409 126.906452,37.713179 126.907165,37.714273 126.907211,37.71442</coordinates>    </LineString>   </Placemark>  </Document> </kml> 