<?xml version="1.0" encoding="UTF-8"?> <kml xmlns="http://www.opengis.net/kml/2.2"  xmlns:xsi="http://www.w3.org/2001/XMLSchema-instance"  xsi:schemaLocation="http://schemas.opengis.net/kml/2.2.0/ogckml22.xsd"   xmlns:tmap="http://tlp.tmap.co.kr/">  <Document>   <Style id="accPoint">    <IconStyle>     <scale>1.5</scale>     <Icon>      <href>http://www.allnew2013altima.com/imggallery/134/icon-poi.png</href>     </Icon>    </IconStyle>   </Style>   <Style id="style0">    <LineStyle>     <color>FF828287</color>     <width>4</width>    </LineStyle>   </Style>   <Style id="style1">    <LineStyle>     <color>FF45D51D</color>     <width>4</width>    </LineStyle>   </Style>   <Style id="style2">    <LineStyle>     <color>FF01C6FF</color>     <width>4</width>    </LineStyle>   </Style>   <Style id="style3">    <LineStyle>     <color>FF0084FF</color>     <width>4</width>    </LineStyle>   </Style>   <Style id="style4">    <LineStyle>     <color>FF1E33FF</color>     <width>4</width>    </LineStyle>   </Style>  <tmap:updateTime>201711261900</tmap:updateTime>   <Placemark>    <tmap:index>0</tmap:index>    <tmap:lineIndex>0</tmap:lineIndex>    <styleUrl>#style2</styleUrl>    <tmap:id>1008631</tmap:id>    <name><![CDATA[월드컵로/1008631/358161]]></name>    <description><![CDATA[난지천공원입구 에서 구룡사거리(고양) 방면 서행 / 20]]></description>    <tmap:congestion>2</tmap:congestion>    <tmap:direction>1</tmap:direction>    <tmap:roadType>004</tmap:roadType>    <tmap:startNodeName><![CDATA[난지천공원입구]]></tmap:startNodeName>    <tmap:endNodeName><![CDATA[구룡사거리(고양)]]></tmap:endNodeName>    <tmap:distance>512</tmap:distance>    <tmap:time>92.16</tmap:time>    <tmap:speed>20</tmap:speed>    <LineString>     <coordinates>126.881019,37.577438 126.876796,37.579931 126.876279,37.580265</coordinates>    </LineString>   </Placemark>   <Placemark>    <tmap:index>1</tmap:index>    <tmap:lineIndex>1</tmap:lineIndex>    <styleUrl>#style1</styleUrl>    <tmap:id>1008632</tmap:id>    <name><![CDATA[월드컵로/1008632/358162]]></name>    <description><![CDATA[구룡사거리(고양) 에서 난지천공원입구 방면 원활 / 46]]></description>    <tmap:congestion>1</tmap:congestion>    <tmap:direction>0</tmap:direction>    <tmap:roadType>004</tmap:roadType>    <tmap:startNodeName><![CDATA[구룡사거리(고양)]]></tmap:startNodeName>    <tmap:endNodeName><![CDATA[난지천공원입구]]></tmap:endNodeName>    <tmap:distance>512</tmap:distance>    <tmap:time>40.06</tmap:time>    <tmap:speed>46</tmap:speed>    <LineString>     <coordinates>126.876211,37.580199 126.87673,37.579863 126.880954,37.57737</coordinates>    </LineString>   </Placemark>   <Placemark>    <tmap:index>2</tmap:index>    <tmap:lineIndex>2</tmap:lineIndex>    <styleUrl>#style0</styleUrl>    <tmap:id>1056791</tmap:id>    <name><![CDATA[월드컵로42길/1056791/361718]]></name>    <description><![CDATA[ 에서  방면 정보없음 / 0]]></description>    <tmap:congestion>0</tmap:congestion>    <tmap:direction>null</tmap:direction>    <tmap:roadType>004</tmap:roadType>    <tmap:startNodeName><![CDATA[]]></tmap:startNodeName>    <tmap:endNodeName><![CDATA[]]></tmap:endNodeName>    <tmap:distance>147</tmap:distance>    <tmap:time>0.00</tmap:time>    <tmap:speed>0</tmap:speed>    <LineString>     <coordinates>126.878567,37.581451 126.879185,37.580876 126.879339,37.580762 126.879593,37.580521 126.879664,37.580469</coordinates>    </LineString>   </Placemark>   <Placemark>    <tmap:index>3</tmap:index>    <tmap:lineIndex>3</tmap:lineIndex>    <styleUrl>#style1</styleUrl>    <tmap:id>1057231</tmap:id>    <name><![CDATA[가양대로/1057231/361804]]></name>    <description><![CDATA[마포상암CNG충전소 에서 월드컵파크7단지앞 방면 원활 / 41]]></description>    <tmap:congestion>1</tmap:congestion>    <tmap:direction>1</tmap:direction>    <tmap:roadType>004</tmap:roadType>    <tmap:startNodeName><![CDATA[마포상암CNG충전소]]></tmap:startNodeName>    <tmap:endNodeName><![CDATA[월드컵파크7단지앞]]></tmap:endNodeName>    <tmap:distance>363</tmap:distance>    <tmap:time>31.87</tmap:time>    <tmap:speed>41</tmap:speed>    <LineString>     <coordinates>126.878638,37.581443 126.881553,37.582979 126.882068,37.583244</coordinates>    </LineString>   </Placemark>   <Placemark>    <tmap:index>4</tmap:index>    <tmap:lineIndex>4</tmap:lineIndex>    <styleUrl>#style1</styleUrl>    <tmap:id>2106341</tmap:id>    <name><![CDATA[덕은로/2106341/372091]]></name>    <description><![CDATA[대덕동주민센터입구 에서 국방대학교유치원 방면 원활 / 50]]></description>    <tmap:congestion>1</tmap:congestion>    <tmap:direction>0</tmap:direction>    <tmap:roadType>004</tmap:roadType>    <tmap:startNodeName><![CDATA[대덕동주민센터입구]]></tmap:startNodeName>    <tmap:endNodeName><![CDATA[국방대학교유치원]]></tmap:endNodeName>    <tmap:distance>416</tmap:distance>    <tmap:time>29.95</tmap:time>    <tmap:speed>50</tmap:speed>    <LineString>     <coordinates>126.876711,37.5859 126.876621,37.585622 126.876478,37.585182 126.876091,37.583245 126.875805,37.581991</coordinates>    </LineString>   </Placemark>   <Placemark>    <tmap:index>5</tmap:index>    <tmap:lineIndex>5</tmap:lineIndex>    <styleUrl>#style1</styleUrl>    <tmap:id>2106342</tmap:id>    <name><![CDATA[덕은로/2106342/372092]]></name>    <description><![CDATA[국방대학교유치원 에서 대덕동주민센터입구 방면 원활 / 43]]></description>    <tmap:congestion>1</tmap:congestion>    <tmap:direction>1</tmap:direction>    <tmap:roadType>004</tmap:roadType>    <tmap:startNodeName><![CDATA[국방대학교유치원]]></tmap:startNodeName>    <tmap:endNodeName><![CDATA[대덕동주민센터입구]]></tmap:endNodeName>    <tmap:distance>416</tmap:distance>    <tmap:time>34.82</tmap:time>    <tmap:speed>43</tmap:speed>    <LineString>     <coordinates>126.875911,37.581976 126.876197,37.583231 126.876583,37.585165 126.876726,37.585601 126.876815,37.585879</coordinates>    </LineString>   </Placemark>   <Placemark>    <tmap:index>6</tmap:index>    <tmap:lineIndex>6</tmap:lineIndex>    <styleUrl>#style0</styleUrl>    <tmap:id>2599931</tmap:id>    <name><![CDATA[덕은로/2599931/381186]]></name>    <description><![CDATA[제일카센터 에서 대덕동주민센터입구 방면 정보없음 / 0]]></description>    <tmap:congestion>0</tmap:congestion>    <tmap:direction>0</tmap:direction>    <tmap:roadType>004</tmap:roadType>    <tmap:startNodeName><![CDATA[제일카센터]]></tmap:startNodeName>    <tmap:endNodeName><![CDATA[대덕동주민센터입구]]></tmap:endNodeName>    <tmap:distance>500</tmap:distance>    <tmap:time>0.00</tmap:time>    <tmap:speed>0</tmap:speed>    <LineString>     <coordinates>126.877008,37.590021 126.876781,37.589824 126.876659,37.589614 126.876512,37.589393 126.876492,37.589361 126.876469,37.589325 126.87641,37.589129 126.876378,37.588786 126.876286,37.587003 126.87629,37.5864 126.876319,37.586195 126.876341,37.586053 126.876357,37.586016 126.876382,37.585983 126.876402,37.585964 126.876441,37.585941 126.876501,37.585917 126.876745,37.585849</coordinates>    </LineString>   </Placemark>   <Placemark>    <tmap:index>7</tmap:index>    <tmap:lineIndex>7</tmap:lineIndex>    <styleUrl>#style0</styleUrl>    <tmap:id>2599932</tmap:id>    <name><![CDATA[덕은로/2599932/381187]]></name>    <description><![CDATA[대덕동주민센터입구 에서 제일카센터 방면 정보없음 / 0]]></description>    <tmap:congestion>0</tmap:congestion>    <tmap:direction>1</tmap:direction>    <tmap:roadType>004</tmap:roadType>    <tmap:startNodeName><![CDATA[대덕동주민센터입구]]></tmap:startNodeName>    <tmap:endNodeName><![CDATA[제일카센터]]></tmap:endNodeName>    <tmap:distance>500</tmap:distance>    <tmap:time>0.00</tmap:time>    <tmap:speed>0</tmap:speed>    <LineString>     <coordinates>126.876781,37.58593 126.876543,37.585995 126.876499,37.586013 126.876477,37.586027 126.876469,37.586034 126.876455,37.586053 126.876446,37.586073 126.876426,37.586205 126.876398,37.586405 126.876394,37.587001 126.876485,37.588781 126.876517,37.589116 126.876571,37.589295 126.876589,37.589323 126.876608,37.589354 126.876755,37.589576 126.876872,37.589776 126.877088,37.589964</coordinates>    </LineString>   </Placemark>   <Placemark>    <tmap:index>8</tmap:index>    <tmap:lineIndex>8</tmap:lineIndex>    <styleUrl>#style0</styleUrl>    <tmap:id>1056792</tmap:id>    <name><![CDATA[월드컵로42길/1056792/361719]]></name>    <description><![CDATA[ 에서  방면 정보없음 / 0]]></description>    <tmap:congestion>0</tmap:congestion>    <tmap:direction>null</tmap:direction>    <tmap:roadType>004</tmap:roadType>    <tmap:startNodeName><![CDATA[]]></tmap:startNodeName>    <tmap:endNodeName><![CDATA[]]></tmap:endNodeName>    <tmap:distance>147</tmap:distance>    <tmap:time>0.00</tmap:time>    <tmap:speed>0</tmap:speed>    <LineString>     <coordinates>126.879415,37.580823 126.879263,37.580935 126.878649,37.581506</coordinates>    </LineString>   </Placemark>   <Placemark>    <tmap:index>9</tmap:index>    <tmap:lineIndex>9</tmap:lineIndex>    <styleUrl>#style3</styleUrl>    <tmap:id>2133311</tmap:id>    <name><![CDATA[가양대로/2133311/376610]]></name>    <description><![CDATA[마포상암CNG충전소 에서 구룡사거리(고양) 방면 지체 / 18]]></description>    <tmap:congestion>3</tmap:congestion>    <tmap:direction>0</tmap:direction>    <tmap:roadType>004</tmap:roadType>    <tmap:startNodeName><![CDATA[마포상암CNG충전소]]></tmap:startNodeName>    <tmap:endNodeName><![CDATA[구룡사거리(고양)]]></tmap:endNodeName>    <tmap:distance>250</tmap:distance>    <tmap:time>50.00</tmap:time>    <tmap:speed>18</tmap:speed>    <LineString>     <coordinates>126.878579,37.581514 126.876737,37.580548 126.876215,37.580267</coordinates>    </LineString>   </Placemark>   <Placemark>    <tmap:index>10</tmap:index>    <tmap:lineIndex>10</tmap:lineIndex>    <styleUrl>#style1</styleUrl>    <tmap:id>2133312</tmap:id>    <name><![CDATA[가양대로/2133312/376611]]></name>    <description><![CDATA[구룡사거리(고양) 에서 마포상암CNG충전소 방면 원활 / 45]]></description>    <tmap:congestion>1</tmap:congestion>    <tmap:direction>1</tmap:direction>    <tmap:roadType>004</tmap:roadType>    <tmap:startNodeName><![CDATA[구룡사거리(고양)]]></tmap:startNodeName>    <tmap:endNodeName><![CDATA[마포상암CNG충전소]]></tmap:endNodeName>    <tmap:distance>250</tmap:distance>    <tmap:time>20.00</tmap:time>    <tmap:speed>45</tmap:speed>    <LineString>     <coordinates>126.876276,37.580197 126.876797,37.580478 126.878638,37.581443</coordinates>    </LineString>   </Placemark>   <Placemark>    <tmap:index>11</tmap:index>    <tmap:lineIndex>11</tmap:lineIndex>    <styleUrl>#style1</styleUrl>    <tmap:id>1057232</tmap:id>    <name><![CDATA[가양대로/1057232/361805]]></name>    <description><![CDATA[월드컵파크7단지앞 에서 마포상암CNG충전소 방면 원활 / 52]]></description>    <tmap:congestion>1</tmap:congestion>    <tmap:direction>0</tmap:direction>    <tmap:roadType>004</tmap:roadType>    <tmap:startNodeName><![CDATA[월드컵파크7단지앞]]></tmap:startNodeName>    <tmap:endNodeName><![CDATA[마포상암CNG충전소]]></tmap:endNodeName>    <tmap:distance>363</tmap:distance>    <tmap:time>25.13</tmap:time>    <tmap:speed>52</tmap:speed>    <LineString>     <coordinates>126.882009,37.583316 126.881494,37.583051 126.878579,37.581514</coordinates>    </LineString>   </Placemark>   <Placemark>    <tmap:index>12</tmap:index>    <tmap:lineIndex>12</tmap:lineIndex>    <styleUrl>#style2</styleUrl>    <tmap:id>2133321</tmap:id>    <name><![CDATA[월드컵북로/2133321/376612]]></name>    <description><![CDATA[상암홈플러스익스프레스 에서 대덕동주민센터입구 방면 서행 / 29]]></description>    <tmap:congestion>2</tmap:congestion>    <tmap:direction>1</tmap:direction>    <tmap:roadType>004</tmap:roadType>    <tmap:startNodeName><![CDATA[상암홈플러스익스프레스]]></tmap:startNodeName>    <tmap:endNodeName><![CDATA[대덕동주민센터입구]]></tmap:endNodeName>    <tmap:distance>258</tmap:distance>    <tmap:time>32.02</tmap:time>    <tmap:speed>29</tmap:speed>    <LineString>     <coordinates>126.879365,37.584954 126.879125,37.585102 126.878848,37.585276 126.878474,37.585422 126.878133,37.585541 126.877591,37.585719 126.877348,37.585781 126.877293,37.585792 126.877187,37.58582 126.877087,37.585845 126.87678,37.58593</coordinates>    </LineString>   </Placemark>   <Placemark>    <tmap:index>13</tmap:index>    <tmap:lineIndex>13</tmap:lineIndex>    <styleUrl>#style3</styleUrl>    <tmap:id>2133322</tmap:id>    <name><![CDATA[월드컵북로/2133322/376613]]></name>    <description><![CDATA[대덕동주민센터입구 에서 상암홈플러스익스프레스 방면 지체 / 13]]></description>    <tmap:congestion>3</tmap:congestion>    <tmap:direction>0</tmap:direction>    <tmap:roadType>004</tmap:roadType>    <tmap:startNodeName><![CDATA[대덕동주민센터입구]]></tmap:startNodeName>    <tmap:endNodeName><![CDATA[상암홈플러스익스프레스]]></tmap:endNodeName>    <tmap:distance>258</tmap:distance>    <tmap:time>71.44</tmap:time>    <tmap:speed>13</tmap:speed>    <LineString>     <coordinates>126.876745,37.585849 126.877053,37.585764 126.877153,37.585739 126.877262,37.58571 126.877317,37.585699 126.877554,37.585639 126.878091,37.585463 126.878428,37.585345 126.87879,37.585203 126.879059,37.585035 126.879299,37.584887</coordinates>    </LineString>   </Placemark>   <Placemark>    <tmap:index>14</tmap:index>    <tmap:lineIndex>14</tmap:lineIndex>    <styleUrl>#style0</styleUrl>    <tmap:id>1006651</tmap:id>    <name><![CDATA[봉산로(서울)/1006651/424704]]></name>    <description><![CDATA[덕은교 에서 서오릉입구 방면 정보없음 / 0]]></description>    <tmap:congestion>0</tmap:congestion>    <tmap:direction>1</tmap:direction>    <tmap:roadType>004</tmap:roadType>    <tmap:startNodeName><![CDATA[덕은교]]></tmap:startNodeName>    <tmap:endNodeName><![CDATA[서오릉입구]]></tmap:endNodeName>    <tmap:distance>4629</tmap:distance>    <tmap:time>0.00</tmap:time>    <tmap:speed>0</tmap:speed>    <LineString>     <coordinates>126.883633,37.591501 126.883939,37.59147099999999 126.884797,37.591415 126.885066,37.591427 126.885221,37.591448 126.885369,37.591479 126.885503,37.591545 126.885922,37.591787 126.886066,37.5919 126.886262,37.592073 126.886358,37.592164 126.88645,37.592365 126.886728,37.592922 126.886858,37.593167 126.886967,37.593321 126.887374,37.593788 126.887616,37.594022 126.887661,37.59405 126.887786,37.594127 126.887804,37.594133 126.887866,37.594143 126.887964,37.59415 126.888047,37.594141 126.888477,37.594057 126.888945,37.594005 126.889385,37.594004 126.889807,37.59404 126.890131,37.59409 126.890474,37.594189 126.890826,37.594316 126.891131,37.59445 126.891407,37.594598 126.891669,37.594783 126.891929,37.595013 126.892149,37.595245 126.892371,37.595545 126.892569,37.595912 126.892629,37.59608 126.892713,37.596337 126.892767,37.596601 126.892779,37.596852 126.892763,37.597348 126.892751,37.597868 126.892763,37.598076 126.892809,37.598357 126.892901,37.598628 126.893033,37.59887 126.893181,37.599085 126.893361,37.599283 126.894424,37.60029 126.895735,37.601556 126.895912,37.601762 126.896094,37.602033 126.896242,37.602295 126.896324,37.602516 126.896383,37.602751 126.896421,37.603066 126.896513,37.604103 126.896575,37.60479 126.896577,37.60502 126.896546,37.605233 126.896486,37.605455 126.896397,37.605687 126.896259,37.605958 126.896141,37.606134 126.895974,37.606335 126.895797,37.606512 126.895593,37.606686 126.895332,37.606863 126.895075,37.607009 126.893495,37.607667 126.893437,37.607713 126.893397,37.607764 126.893374,37.607837 126.893361,37.607929 126.893375,37.609153 126.893373,37.60928 126.893358,37.609394 126.893323,37.609502 126.893239,37.609682 126.893119,37.609908 126.893048,37.61002 126.892932,37.610189 126.892843,37.610319 126.892797,37.610398 126.892766,37.610452 126.8927,37.610581 126.892659,37.610704 126.892628,37.610835 126.892622,37.61095 126.892636,37.611058 126.892664,37.611197 126.892679,37.611531 126.89268,37.611906 126.892714,37.612126 126.892739,37.612247 126.892768,37.612353 126.892803,37.612454 126.89285,37.612568 126.892913,37.612684 126.892985,37.612783 126.893065,37.612885 126.893141,37.61296 126.893176,37.612995 126.893349,37.613153 126.893469,37.613321 126.89354,37.613463 126.893588,37.613703 126.893635,37.61509 126.893659,37.615273 126.893686,37.615466 126.893699,37.61559 126.893707,37.615702 126.893714,37.615945 126.893707,37.616029 126.893696,37.616173 126.893663,37.616594 126.893635,37.61709 126.893609,37.617462 126.893624,37.617611 126.893634,37.617659 126.893652,37.617716 126.893682,37.617779 126.893749,37.617897 126.893818,37.617989 126.89385,37.618031 126.893964,37.618167 126.894147,37.618381 126.89428,37.618529 126.894368,37.618638 126.894422,37.618725 126.894468,37.61881 126.894496,37.618882 126.894525,37.618971 126.894546,37.619058 126.894533,37.619138 126.894454,37.619326 126.894246,37.619678 126.893725,37.620462 126.893482,37.620686 126.89291,37.620985 126.892856,37.621033 126.892775,37.621173 126.892677,37.621411 126.892591,37.621551 126.892535,37.621605 126.892318,37.621718 126.891596,37.622111 126.891351,37.622362 126.891227,37.622554 126.891151,37.622784 126.891115,37.622993 126.891025,37.623481 126.891013,37.623691 126.891028,37.623834 126.891103,37.624021 126.891128,37.624153 126.891111,37.624422 126.89101,37.624627 126.890816,37.624851 126.890468,37.625144 126.890187,37.625353 126.889985,37.62557 126.889923,37.62568 126.889909,37.625752 126.889906,37.626046 126.889909,37.626148 126.889912,37.626182 126.889944,37.626702 126.889984,37.627487 126.889972,37.627713</coordinates>    </LineString>   </Placemark>   <Placemark>    <tmap:index>15</tmap:index>    <tmap:lineIndex>15</tmap:lineIndex>    <styleUrl>#style0</styleUrl>    <tmap:id>1006652</tmap:id>    <name><![CDATA[봉산로(서울)/1006652/424706]]></name>    <description><![CDATA[서오릉입구 에서 덕은교 방면 정보없음 / 0]]></description>    <tmap:congestion>0</tmap:congestion>    <tmap:direction>0</tmap:direction>    <tmap:roadType>004</tmap:roadType>    <tmap:startNodeName><![CDATA[서오릉입구]]></tmap:startNodeName>    <tmap:endNodeName><![CDATA[덕은교]]></tmap:endNodeName>    <tmap:distance>4629</tmap:distance>    <tmap:time>0.00</tmap:time>    <tmap:speed>0</tmap:speed>    <LineString>     <coordinates>126.889865,37.62771 126.889876,37.627487 126.889837,37.626706 126.889804,37.626187 126.889801,37.626152 126.889799,37.626047 126.889802,37.625745 126.889818,37.625655 126.889892,37.625527 126.890106,37.625296 126.890392,37.625084 126.890732,37.624797 126.890914,37.624587 126.891004,37.624404 126.89102,37.624157 126.890998,37.62404 126.890921,37.62385 126.890905,37.623692 126.890918,37.623473 126.891008,37.622981 126.891045,37.622768 126.891126,37.622524 126.89126,37.622316 126.891521,37.622049 126.892258,37.621647 126.892462,37.621541 126.8925,37.621505 126.892577,37.621379 126.892675,37.621142 126.892765,37.620986 126.892838,37.62092 126.89341,37.620621 126.893635,37.620413 126.894149,37.61964 126.894354,37.619295 126.894427,37.619118 126.894437,37.61906 126.89442,37.618989 126.894392,37.618905 126.894367,37.618839 126.894324,37.618761 126.894274,37.61868 126.89419,37.618577 126.894059,37.61843 126.893875,37.618215 126.893758,37.618077 126.893725,37.618033 126.893653,37.617936 126.893582,37.617811 126.893549,37.617741 126.893528,37.617676 126.893517,37.617621 126.893501,37.617463 126.893527,37.617086 126.893556,37.61659 126.893588,37.616168 126.893599,37.616024 126.893606,37.615944 126.893599,37.615706 126.893591,37.615596 126.893578,37.615475 126.893552,37.615282 126.893527,37.615096 126.893481,37.613711 126.893436,37.613485 126.893372,37.613358 126.893261,37.613203 126.893093,37.61305 126.893056,37.613014 126.892977,37.612935 126.892893,37.612827 126.892816,37.612722 126.892749,37.612599 126.8927,37.612479 126.892663,37.612374 126.892633,37.612262 126.892608,37.612138 126.892572,37.611912 126.892572,37.611533 126.892556,37.611206 126.892529,37.611069 126.892514,37.610952 126.892521,37.610826 126.892554,37.610685 126.892598,37.610554 126.892667,37.610419 126.892699,37.610362 126.892746,37.610281 126.892838,37.610148 126.892953,37.60998 126.893021,37.609872 126.893139,37.609651 126.89322,37.609477 126.893251,37.609379 126.893265,37.609275 126.893267,37.609153 126.893253,37.607924 126.893268,37.607822 126.893297,37.607731 126.893351,37.60766 126.89343,37.607597 126.895018,37.606936 126.895265,37.606796 126.895518,37.606624 126.895715,37.606456 126.895886,37.606285 126.896048,37.60609 126.896161,37.605922 126.896296,37.605659 126.896381,37.605434 126.896439,37.605219 126.896469,37.605015 126.896467,37.604793 126.896406,37.604109 126.896314,37.603073 126.896277,37.602763 126.896219,37.602537 126.89614,37.602325 126.895997,37.602071 126.89582,37.601806 126.895649,37.601607 126.894341,37.600344 126.893276,37.599335 126.893089,37.599131 126.892936,37.598908 126.892799,37.598656 126.892703,37.598373 126.892655,37.598084 126.892643,37.597869 126.892655,37.597346 126.892671,37.596852 126.89266,37.596609 126.892608,37.596355 126.892525,37.596102 126.892467,37.59594 126.892275,37.595584 126.892059,37.595293 126.891846,37.595068 126.891592,37.594844 126.891341,37.594666 126.891075,37.594522 126.890778,37.594392 126.890433,37.594268 126.890102,37.594173 126.889791,37.594124 126.889379,37.59409 126.888953,37.594091 126.888498,37.594141 126.888067,37.594225 126.887966,37.594236 126.88785,37.594228 126.887774,37.594215 126.887733,37.594203 126.887594,37.594117 126.88754,37.594084 126.887287,37.593839 126.886876,37.593366 126.886761,37.593204 126.886628,37.592955 126.886349,37.592396 126.886263,37.592207 126.886181,37.592129 126.885988,37.591959 126.885852,37.591852 126.885442,37.591616 126.885326,37.591558 126.885198,37.591531 126.885054,37.591512 126.884798,37.5915 126.88395,37.591556 126.883646,37.591585</coordinates>    </LineString>   </Placemark>   <Placemark>    <tmap:index>16</tmap:index>    <tmap:lineIndex>16</tmap:lineIndex>    <styleUrl>#style3</styleUrl>    <tmap:id>2624491</tmap:id>    <name><![CDATA[/2624491/384696]]></name>    <description><![CDATA[ 에서  방면 지체 / 38]]></description>    <tmap:congestion>3</tmap:congestion>    <tmap:direction>null</tmap:direction>    <tmap:roadType>002</tmap:roadType>    <tmap:startNodeName><![CDATA[]]></tmap:startNodeName>    <tmap:endNodeName><![CDATA[]]></tmap:endNodeName>    <tmap:distance>834</tmap:distance>    <tmap:time>79.01</tmap:time>    <tmap:speed>38</tmap:speed>    <LineString>     <coordinates>126.872887,37.591733 126.87294,37.591714 126.87402,37.591395 126.874687,37.591136 126.875204,37.590868 126.875726,37.590551 126.876149,37.59017 126.876338,37.589961 126.876477,37.589775 126.876616,37.589513 126.876748,37.58921 126.876892,37.588838 126.876977,37.588504 126.877029,37.588185 126.877029,37.587653 126.876943,37.586837 126.876845,37.586261 126.876783,37.586097 126.876773,37.586067 126.876711,37.585901</coordinates>    </LineString>   </Placemark>   <Placemark>    <tmap:index>17</tmap:index>    <tmap:lineIndex>17</tmap:lineIndex>    <styleUrl>#style1</styleUrl>    <tmap:id>2624492</tmap:id>    <name><![CDATA[/2624492/384697]]></name>    <description><![CDATA[ 에서  방면 원활 / 67]]></description>    <tmap:congestion>1</tmap:congestion>    <tmap:direction>null</tmap:direction>    <tmap:roadType>002</tmap:roadType>    <tmap:startNodeName><![CDATA[]]></tmap:startNodeName>    <tmap:endNodeName><![CDATA[]]></tmap:endNodeName>    <tmap:distance>888</tmap:distance>    <tmap:time>47.71</tmap:time>    <tmap:speed>67</tmap:speed>    <LineString>     <coordinates>126.876815,37.585877 126.876877,37.586044 126.876886,37.586073 126.876949,37.586238 126.877235,37.586805 126.877348,37.587541 126.877355,37.588056 126.877268,37.588584 126.877142,37.589078 126.877019,37.589401 126.876935,37.589612 126.876764,37.589898 126.87663,37.590081 126.876407,37.590317 126.876108,37.590632 126.875861,37.590835 126.875574,37.59105 126.87494,37.591421 126.874492,37.591598 126.873716,37.591837 126.873003,37.592036 126.872931,37.592061</coordinates>    </LineString>   </Placemark>   <Placemark>    <tmap:index>18</tmap:index>    <tmap:lineIndex>18</tmap:lineIndex>    <styleUrl>#style2</styleUrl>    <tmap:id>1006641</tmap:id>    <name><![CDATA[수색로/1006641/357858]]></name>    <description><![CDATA[덕은교 에서 수색교 방면 서행 / 28]]></description>    <tmap:congestion>2</tmap:congestion>    <tmap:direction>0</tmap:direction>    <tmap:roadType>004</tmap:roadType>    <tmap:startNodeName><![CDATA[덕은교]]></tmap:startNodeName>    <tmap:endNodeName><![CDATA[수색교]]></tmap:endNodeName>    <tmap:distance>480</tmap:distance>    <tmap:time>61.71</tmap:time>    <tmap:speed>28</tmap:speed>    <LineString>     <coordinates>126.882395,37.591008 126.882536,37.59088 126.884352,37.589305 126.885704,37.588135 126.887059,37.586935</coordinates>    </LineString>   </Placemark>   <Placemark>    <tmap:index>19</tmap:index>    <tmap:lineIndex>19</tmap:lineIndex>    <styleUrl>#style1</styleUrl>    <tmap:id>1006642</tmap:id>    <name><![CDATA[수색로/1006642/357859]]></name>    <description><![CDATA[수색교 에서 덕은교 방면 원활 / 49]]></description>    <tmap:congestion>1</tmap:congestion>    <tmap:direction>1</tmap:direction>    <tmap:roadType>004</tmap:roadType>    <tmap:startNodeName><![CDATA[수색교]]></tmap:startNodeName>    <tmap:endNodeName><![CDATA[덕은교]]></tmap:endNodeName>    <tmap:distance>480</tmap:distance>    <tmap:time>35.26</tmap:time>    <tmap:speed>49</tmap:speed>    <LineString>     <coordinates>126.887399,37.58706 126.887235,37.587196 126.887188,37.587236 126.885971,37.588278 126.884468,37.589573 126.882678,37.591113</coordinates>    </LineString>   </Placemark>   <Placemark>    <tmap:index>20</tmap:index>    <tmap:lineIndex>20</tmap:lineIndex>    <styleUrl>#style0</styleUrl>    <tmap:id>1006651</tmap:id>    <name><![CDATA[봉산로(서울)/1006651/424703]]></name>    <description><![CDATA[덕은교 에서 서오릉입구 방면 정보없음 / 0]]></description>    <tmap:congestion>0</tmap:congestion>    <tmap:direction>1</tmap:direction>    <tmap:roadType>004</tmap:roadType>    <tmap:startNodeName><![CDATA[덕은교]]></tmap:startNodeName>    <tmap:endNodeName><![CDATA[서오릉입구]]></tmap:endNodeName>    <tmap:distance>4629</tmap:distance>    <tmap:time>0.00</tmap:time>    <tmap:speed>0</tmap:speed>    <LineString>     <coordinates>126.882673,37.59105 126.883386,37.591513</coordinates>    </LineString>   </Placemark>   <Placemark>    <tmap:index>21</tmap:index>    <tmap:lineIndex>21</tmap:lineIndex>    <styleUrl>#style0</styleUrl>    <tmap:id>1006652</tmap:id>    <name><![CDATA[봉산로(서울)/1006652/424705]]></name>    <description><![CDATA[서오릉입구 에서 덕은교 방면 정보없음 / 0]]></description>    <tmap:congestion>0</tmap:congestion>    <tmap:direction>0</tmap:direction>    <tmap:roadType>004</tmap:roadType>    <tmap:startNodeName><![CDATA[서오릉입구]]></tmap:startNodeName>    <tmap:endNodeName><![CDATA[덕은교]]></tmap:endNodeName>    <tmap:distance>4629</tmap:distance>    <tmap:time>0.00</tmap:time>    <tmap:speed>0</tmap:speed>    <LineString>     <coordinates>126.883318,37.591579 126.882605,37.591117</coordinates>    </LineString>   </Placemark>   <Placemark>    <tmap:index>22</tmap:index>    <tmap:lineIndex>22</tmap:lineIndex>    <styleUrl>#style0</styleUrl>    <tmap:id>2599921</tmap:id>    <name><![CDATA[대덕로/2599921/381184]]></name>    <description><![CDATA[덕은부동산(고양시) 에서 제일카센터 방면 정보없음 / 0]]></description>    <tmap:congestion>0</tmap:congestion>    <tmap:direction>1</tmap:direction>    <tmap:roadType>004</tmap:roadType>    <tmap:startNodeName><![CDATA[덕은부동산(고양시)]]></tmap:startNodeName>    <tmap:endNodeName><![CDATA[제일카센터]]></tmap:endNodeName>    <tmap:distance>262</tmap:distance>    <tmap:time>0.00</tmap:time>    <tmap:speed>0</tmap:speed>    <LineString>     <coordinates>126.875452,37.591943 126.875498,37.591886 126.875534,37.591826 126.87564,37.59152 126.875696,37.591418 126.876033,37.590907 126.876279,37.590602 126.876542,37.590325 126.87701,37.589962</coordinates>    </LineString>   </Placemark>   <Placemark>    <tmap:index>23</tmap:index>    <tmap:lineIndex>23</tmap:lineIndex>    <styleUrl>#style0</styleUrl>    <tmap:id>2599922</tmap:id>    <name><![CDATA[대덕로/2599922/381185]]></name>    <description><![CDATA[제일카센터 에서 덕은부동산(고양시) 방면 정보없음 / 0]]></description>    <tmap:congestion>0</tmap:congestion>    <tmap:direction>0</tmap:direction>    <tmap:roadType>004</tmap:roadType>    <tmap:startNodeName><![CDATA[제일카센터]]></tmap:startNodeName>    <tmap:endNodeName><![CDATA[덕은부동산(고양시)]]></tmap:endNodeName>    <tmap:distance>262</tmap:distance>    <tmap:time>0.00</tmap:time>    <tmap:speed>0</tmap:speed>    <LineString>     <coordinates>126.877085,37.590023 126.876623,37.590382 126.876367,37.590651 126.876126,37.59095 126.875793,37.591455 126.875742,37.591549 126.875636,37.591856 126.875592,37.591928 126.875542,37.59199</coordinates>    </LineString>   </Placemark>   <Placemark>    <tmap:index>24</tmap:index>    <tmap:lineIndex>24</tmap:lineIndex>    <styleUrl>#style0</styleUrl>    <tmap:id>1057261</tmap:id>    <name><![CDATA[월드컵북로54길/1057261/361810]]></name>    <description><![CDATA[ 에서  방면 정보없음 / 0]]></description>    <tmap:congestion>0</tmap:congestion>    <tmap:direction>null</tmap:direction>    <tmap:roadType>004</tmap:roadType>    <tmap:startNodeName><![CDATA[]]></tmap:startNodeName>    <tmap:endNodeName><![CDATA[]]></tmap:endNodeName>    <tmap:distance>326</tmap:distance>    <tmap:time>0.00</tmap:time>    <tmap:speed>0</tmap:speed>    <LineString>     <coordinates>126.887918,37.579809 126.888781,37.580665 126.889425,37.581287 126.890252,37.582085</coordinates>    </LineString>   </Placemark>   <Placemark>    <tmap:index>25</tmap:index>    <tmap:lineIndex>25</tmap:lineIndex>    <styleUrl>#style0</styleUrl>    <tmap:id>1057262</tmap:id>    <name><![CDATA[월드컵북로54길/1057262/361811]]></name>    <description><![CDATA[ 에서  방면 정보없음 / 0]]></description>    <tmap:congestion>0</tmap:congestion>    <tmap:direction>null</tmap:direction>    <tmap:roadType>004</tmap:roadType>    <tmap:startNodeName><![CDATA[]]></tmap:startNodeName>    <tmap:endNodeName><![CDATA[]]></tmap:endNodeName>    <tmap:distance>326</tmap:distance>    <tmap:time>0.00</tmap:time>    <tmap:speed>0</tmap:speed>    <LineString>     <coordinates>126.890169,37.58214 126.889342,37.581342 126.888697,37.580719 126.887833,37.579863</coordinates>    </LineString>   </Placemark>   <Placemark>    <tmap:index>26</tmap:index>    <tmap:lineIndex>26</tmap:lineIndex>    <styleUrl>#style0</styleUrl>    <tmap:id>1057441</tmap:id>    <name><![CDATA[성암로/1057441/361844]]></name>    <description><![CDATA[ 에서  방면 정보없음 / 0]]></description>    <tmap:congestion>0</tmap:congestion>    <tmap:direction>null</tmap:direction>    <tmap:roadType>004</tmap:roadType>    <tmap:startNodeName><![CDATA[]]></tmap:startNodeName>    <tmap:endNodeName><![CDATA[]]></tmap:endNodeName>    <tmap:distance>326</tmap:distance>    <tmap:time>0.00</tmap:time>    <tmap:speed>0</tmap:speed>    <LineString>     <coordinates>126.887036,37.58357 126.888001,37.583125 126.888214,37.583028 126.889115,37.582611 126.889582,37.582398 126.889928,37.58222 126.890179,37.582078</coordinates>    </LineString>   </Placemark>   <Placemark>    <tmap:index>27</tmap:index>    <tmap:lineIndex>27</tmap:lineIndex>    <styleUrl>#style0</styleUrl>    <tmap:id>1057442</tmap:id>    <name><![CDATA[성암로/1057442/361845]]></name>    <description><![CDATA[ 에서  방면 정보없음 / 0]]></description>    <tmap:congestion>0</tmap:congestion>    <tmap:direction>null</tmap:direction>    <tmap:roadType>004</tmap:roadType>    <tmap:startNodeName><![CDATA[]]></tmap:startNodeName>    <tmap:endNodeName><![CDATA[]]></tmap:endNodeName>    <tmap:distance>326</tmap:distance>    <tmap:time>0.00</tmap:time>    <tmap:speed>0</tmap:speed>    <LineString>     <coordinates>126.890242,37.582147 126.889989,37.582291 126.889638,37.582471 126.889169,37.582685 126.888268,37.583101 126.888055,37.583199 126.887091,37.583644</coordinates>    </LineString>   </Placemark>   <Placemark>    <tmap:index>28</tmap:index>    <tmap:lineIndex>28</tmap:lineIndex>    <styleUrl>#style2</styleUrl>    <tmap:id>1006971</tmap:id>    <name><![CDATA[수색로/1006971/357908]]></name>    <description><![CDATA[수색교 에서 수색역 방면 서행 / 26]]></description>    <tmap:congestion>2</tmap:congestion>    <tmap:direction>0</tmap:direction>    <tmap:roadType>004</tmap:roadType>    <tmap:startNodeName><![CDATA[수색교]]></tmap:startNodeName>    <tmap:endNodeName><![CDATA[수색역]]></tmap:endNodeName>    <tmap:distance>928</tmap:distance>    <tmap:time>128.49</tmap:time>    <tmap:speed>26</tmap:speed>    <LineString>     <coordinates>126.887061,37.586934 126.888077,37.586097 126.888456,37.585784 126.889036,37.585324 126.889412,37.584997 126.889644,37.584813 126.889907,37.584623 126.890197,37.584486 126.891527,37.583921 126.891666,37.583854 126.892838,37.58337 126.893478,37.583091 126.893706,37.582992 126.894284,37.582666 126.895241,37.582103 126.89538,37.582023</coordinates>    </LineString>   </Placemark>   <Placemark>    <tmap:index>29</tmap:index>    <tmap:lineIndex>29</tmap:lineIndex>    <styleUrl>#style2</styleUrl>    <tmap:id>1006972</tmap:id>    <name><![CDATA[수색로/1006972/357909]]></name>    <description><![CDATA[수색역 에서 수색교 방면 서행 / 29]]></description>    <tmap:congestion>2</tmap:congestion>    <tmap:direction>1</tmap:direction>    <tmap:roadType>004</tmap:roadType>    <tmap:startNodeName><![CDATA[수색역]]></tmap:startNodeName>    <tmap:endNodeName><![CDATA[수색교]]></tmap:endNodeName>    <tmap:distance>928</tmap:distance>    <tmap:time>115.20</tmap:time>    <tmap:speed>29</tmap:speed>    <LineString>     <coordinates>126.895515,37.582265 126.893858,37.583255 126.891725,37.584137 126.890909,37.584477 126.890199,37.584775 126.890083,37.58484 126.889824,37.585019 126.889747,37.58509 126.889448,37.58536 126.889382,37.585412 126.888541,37.586132 126.88851,37.586156 126.888217,37.586409 126.88764,37.586863 126.887398,37.58706</coordinates>    </LineString>   </Placemark>   <Placemark>    <tmap:index>30</tmap:index>    <tmap:lineIndex>30</tmap:lineIndex>    <styleUrl>#style1</styleUrl>    <tmap:id>1056921</tmap:id>    <name><![CDATA[가양대로/1056921/361744]]></name>    <description><![CDATA[수색교 에서 DMC첨단산업센터 방면 원활 / 31]]></description>    <tmap:congestion>1</tmap:congestion>    <tmap:direction>0</tmap:direction>    <tmap:roadType>004</tmap:roadType>    <tmap:startNodeName><![CDATA[수색교]]></tmap:startNodeName>    <tmap:endNodeName><![CDATA[DMC첨단산업센터]]></tmap:endNodeName>    <tmap:distance>199</tmap:distance>    <tmap:time>23.10</tmap:time>    <tmap:speed>31</tmap:speed>    <LineString>     <coordinates>126.887063,37.586994 126.886189,37.586339 126.885525,37.585836</coordinates>    </LineString>   </Placemark>   <Placemark>    <tmap:index>31</tmap:index>    <tmap:lineIndex>31</tmap:lineIndex>    <styleUrl>#style3</styleUrl>    <tmap:id>1056922</tmap:id>    <name><![CDATA[가양대로/1056922/361745]]></name>    <description><![CDATA[DMC첨단산업센터 에서 수색교 방면 지체 / 19]]></description>    <tmap:congestion>3</tmap:congestion>    <tmap:direction>1</tmap:direction>    <tmap:roadType>004</tmap:roadType>    <tmap:startNodeName><![CDATA[DMC첨단산업센터]]></tmap:startNodeName>    <tmap:endNodeName><![CDATA[수색교]]></tmap:endNodeName>    <tmap:distance>199</tmap:distance>    <tmap:time>37.70</tmap:time>    <tmap:speed>19</tmap:speed>    <LineString>     <coordinates>126.8856,37.585774 126.886263,37.586278 126.887137,37.586932</coordinates>    </LineString>   </Placemark>   <Placemark>    <tmap:index>32</tmap:index>    <tmap:lineIndex>32</tmap:lineIndex>    <styleUrl>#style0</styleUrl>    <tmap:id>1057161</tmap:id>    <name><![CDATA[성암로/1057161/361790]]></name>    <description><![CDATA[ 에서  방면 정보없음 / 0]]></description>    <tmap:congestion>0</tmap:congestion>    <tmap:direction>null</tmap:direction>    <tmap:roadType>004</tmap:roadType>    <tmap:startNodeName><![CDATA[]]></tmap:startNodeName>    <tmap:endNodeName><![CDATA[]]></tmap:endNodeName>    <tmap:distance>275</tmap:distance>    <tmap:time>0.00</tmap:time>    <tmap:speed>0</tmap:speed>    <LineString>     <coordinates>126.887092,37.583644 126.886179,37.584096 126.885852,37.584261 126.884934,37.584725 126.884424,37.584965</coordinates>    </LineString>   </Placemark>   <Placemark>    <tmap:index>33</tmap:index>    <tmap:lineIndex>33</tmap:lineIndex>    <styleUrl>#style1</styleUrl>    <tmap:id>1057151</tmap:id>    <name><![CDATA[가양대로/1057151/361788]]></name>    <description><![CDATA[DMC첨단산업센터 에서 DMC첨단산업센터교차로 방면 원활 / 34]]></description>    <tmap:congestion>1</tmap:congestion>    <tmap:direction>0</tmap:direction>    <tmap:roadType>004</tmap:roadType>    <tmap:startNodeName><![CDATA[DMC첨단산업센터]]></tmap:startNodeName>    <tmap:endNodeName><![CDATA[DMC첨단산업센터교차로]]></tmap:endNodeName>    <tmap:distance>142</tmap:distance>    <tmap:time>15.03</tmap:time>    <tmap:speed>34</tmap:speed>    <LineString>     <coordinates>126.885525,37.585836 126.884817,37.585308 126.884359,37.584959</coordinates>    </LineString>   </Placemark>   <Placemark>    <tmap:index>34</tmap:index>    <tmap:lineIndex>34</tmap:lineIndex>    <styleUrl>#style1</styleUrl>    <tmap:id>1057152</tmap:id>    <name><![CDATA[가양대로/1057152/361789]]></name>    <description><![CDATA[DMC첨단산업센터교차로 에서 DMC첨단산업센터 방면 원활 / 39]]></description>    <tmap:congestion>1</tmap:congestion>    <tmap:direction>1</tmap:direction>    <tmap:roadType>004</tmap:roadType>    <tmap:startNodeName><![CDATA[DMC첨단산업센터교차로]]></tmap:startNodeName>    <tmap:endNodeName><![CDATA[DMC첨단산업센터]]></tmap:endNodeName>    <tmap:distance>142</tmap:distance>    <tmap:time>13.10</tmap:time>    <tmap:speed>39</tmap:speed>    <LineString>     <coordinates>126.884434,37.584897 126.884891,37.585246 126.885599,37.585774</coordinates>    </LineString>   </Placemark>   <Placemark>    <tmap:index>35</tmap:index>    <tmap:lineIndex>35</tmap:lineIndex>    <styleUrl>#style0</styleUrl>    <tmap:id>1057162</tmap:id>    <name><![CDATA[성암로/1057162/361791]]></name>    <description><![CDATA[ 에서  방면 정보없음 / 0]]></description>    <tmap:congestion>0</tmap:congestion>    <tmap:direction>null</tmap:direction>    <tmap:roadType>004</tmap:roadType>    <tmap:startNodeName><![CDATA[]]></tmap:startNodeName>    <tmap:endNodeName><![CDATA[]]></tmap:endNodeName>    <tmap:distance>275</tmap:distance>    <tmap:time>0.00</tmap:time>    <tmap:speed>0</tmap:speed>    <LineString>     <coordinates>126.884369,37.584891 126.884877,37.584652 126.885794,37.584189 126.886121,37.584023 126.887035,37.583571</coordinates>    </LineString>   </Placemark>   <Placemark>    <tmap:index>36</tmap:index>    <tmap:lineIndex>36</tmap:lineIndex>    <styleUrl>#style0</styleUrl>    <tmap:id>1057481</tmap:id>    <name><![CDATA[월드컵북로/1057481/361852]]></name>    <description><![CDATA[ 에서  방면 정보없음 / 0]]></description>    <tmap:congestion>0</tmap:congestion>    <tmap:direction>null</tmap:direction>    <tmap:roadType>004</tmap:roadType>    <tmap:startNodeName><![CDATA[]]></tmap:startNodeName>    <tmap:endNodeName><![CDATA[]]></tmap:endNodeName>    <tmap:distance>794</tmap:distance>    <tmap:time>0.00</tmap:time>    <tmap:speed>0</tmap:speed>    <LineString>     <coordinates>126.879381,37.584902 126.879516,37.585123 126.879725,37.585413 126.879802,37.585493 126.879937,37.585612 126.880063,37.585706 126.880215,37.585796 126.880424,37.585914 126.880612,37.58599 126.880822,37.586052 126.880916,37.586077 126.881004,37.586102 126.881324,37.58621 126.881459,37.586262 126.881561,37.586312 126.881651,37.586368 126.881712,37.586426 126.882415,37.587135 126.883024,37.587787 126.883361,37.587612 126.883888,37.587266 126.884244,37.587002 126.884256,37.58699 126.884747,37.58656 126.885017,37.586289 126.885228,37.5861 126.885519,37.58578</coordinates>    </LineString>   </Placemark>   <Placemark>    <tmap:index>37</tmap:index>    <tmap:lineIndex>37</tmap:lineIndex>    <styleUrl>#style0</styleUrl>    <tmap:id>1057482</tmap:id>    <name><![CDATA[월드컵북로/1057482/361853]]></name>    <description><![CDATA[ 에서  방면 정보없음 / 0]]></description>    <tmap:congestion>0</tmap:congestion>    <tmap:direction>null</tmap:direction>    <tmap:roadType>004</tmap:roadType>    <tmap:startNodeName><![CDATA[]]></tmap:startNodeName>    <tmap:endNodeName><![CDATA[]]></tmap:endNodeName>    <tmap:distance>794</tmap:distance>    <tmap:time>0.00</tmap:time>    <tmap:speed>0</tmap:speed>    <LineString>     <coordinates>126.885606,37.58583 126.885312,37.586154 126.8851,37.586344 126.884829,37.586616 126.884339,37.587044 126.884324,37.587059 126.883959,37.58733 126.883425,37.587681 126.882998,37.587903 126.882329,37.587187 126.881628,37.58648 126.881575,37.586429 126.881499,37.586382 126.881407,37.586337 126.88128,37.586288 126.880965,37.586182 126.88088,37.586158 126.880786,37.586132 126.880569,37.586069 126.880368,37.585988 126.880151,37.585865 126.879994,37.585771 126.87986,37.585672 126.879719,37.585548 126.879634,37.58546 126.87942,37.585162 126.879284,37.584939</coordinates>    </LineString>   </Placemark>   <Placemark>    <tmap:index>38</tmap:index>    <tmap:lineIndex>38</tmap:lineIndex>    <styleUrl>#style1</styleUrl>    <tmap:id>1056851</tmap:id>    <name><![CDATA[월드컵북로/1056851/361730]]></name>    <description><![CDATA[디지털미디어시티 에서 월드컵파크5단지 방면 원활 / 49]]></description>    <tmap:congestion>1</tmap:congestion>    <tmap:direction>1</tmap:direction>    <tmap:roadType>004</tmap:roadType>    <tmap:startNodeName><![CDATA[디지털미디어시티]]></tmap:startNodeName>    <tmap:endNodeName><![CDATA[월드컵파크5단지]]></tmap:endNodeName>    <tmap:distance>300</tmap:distance>    <tmap:time>22.04</tmap:time>    <tmap:speed>49</tmap:speed>    <LineString>     <coordinates>126.890632,37.578253 126.887908,37.57987</coordinates>    </LineString>   </Placemark>   <Placemark>    <tmap:index>39</tmap:index>    <tmap:lineIndex>39</tmap:lineIndex>    <styleUrl>#style1</styleUrl>    <tmap:id>1056852</tmap:id>    <name><![CDATA[월드컵북로/1056852/361731]]></name>    <description><![CDATA[월드컵파크5단지 에서 디지털미디어시티 방면 원활 / 43]]></description>    <tmap:congestion>1</tmap:congestion>    <tmap:direction>0</tmap:direction>    <tmap:roadType>004</tmap:roadType>    <tmap:startNodeName><![CDATA[월드컵파크5단지]]></tmap:startNodeName>    <tmap:endNodeName><![CDATA[디지털미디어시티]]></tmap:endNodeName>    <tmap:distance>300</tmap:distance>    <tmap:time>25.11</tmap:time>    <tmap:speed>43</tmap:speed>    <LineString>     <coordinates>126.887843,37.579802 126.890567,37.578185</coordinates>    </LineString>   </Placemark>   <Placemark>    <tmap:index>40</tmap:index>    <tmap:lineIndex>40</tmap:lineIndex>    <styleUrl>#style0</styleUrl>    <tmap:id>1056981</tmap:id>    <name><![CDATA[/1056981/361756]]></name>    <description><![CDATA[ 에서  방면 정보없음 / 0]]></description>    <tmap:congestion>0</tmap:congestion>    <tmap:direction>null</tmap:direction>    <tmap:roadType>004</tmap:roadType>    <tmap:startNodeName><![CDATA[]]></tmap:startNodeName>    <tmap:endNodeName><![CDATA[]]></tmap:endNodeName>    <tmap:distance>116</tmap:distance>    <tmap:time>0.00</tmap:time>    <tmap:speed>0</tmap:speed>    <LineString>     <coordinates>126.88723,37.579078 126.887919,37.579811</coordinates>    </LineString>   </Placemark>   <Placemark>    <tmap:index>41</tmap:index>    <tmap:lineIndex>41</tmap:lineIndex>    <styleUrl>#style0</styleUrl>    <tmap:id>1056982</tmap:id>    <name><![CDATA[/1056982/361757]]></name>    <description><![CDATA[ 에서  방면 정보없음 / 0]]></description>    <tmap:congestion>0</tmap:congestion>    <tmap:direction>null</tmap:direction>    <tmap:roadType>004</tmap:roadType>    <tmap:startNodeName><![CDATA[]]></tmap:startNodeName>    <tmap:endNodeName><![CDATA[]]></tmap:endNodeName>    <tmap:distance>116</tmap:distance>    <tmap:time>0.00</tmap:time>    <tmap:speed>0</tmap:speed>    <LineString>     <coordinates>126.887832,37.579862 126.887144,37.579129</coordinates>    </LineString>   </Placemark>   <Placemark>    <tmap:index>42</tmap:index>    <tmap:lineIndex>42</tmap:lineIndex>    <styleUrl>#style0</styleUrl>    <tmap:id>1057381</tmap:id>    <name><![CDATA[상암산로1길/1057381/361832]]></name>    <description><![CDATA[ 에서  방면 정보없음 / 0]]></description>    <tmap:congestion>0</tmap:congestion>    <tmap:direction>null</tmap:direction>    <tmap:roadType>004</tmap:roadType>    <tmap:startNodeName><![CDATA[]]></tmap:startNodeName>    <tmap:endNodeName><![CDATA[]]></tmap:endNodeName>    <tmap:distance>369</tmap:distance>    <tmap:time>0.00</tmap:time>    <tmap:speed>0</tmap:speed>    <LineString>     <coordinates>126.888401,37.576054 126.887868,37.576404 126.887715,37.576561 126.887657,37.576661 126.887638,37.576781 126.887628,37.576925 126.887644,37.577126 126.887674,37.577343 126.887664,37.577507 126.887656,37.577806 126.887653,37.577875 126.887558,37.578235 126.887336,37.578626 126.88725,37.578764 126.887217,37.578831 126.887185,37.578883 126.887156,37.578921</coordinates>    </LineString>   </Placemark>   <Placemark>    <tmap:index>43</tmap:index>    <tmap:lineIndex>43</tmap:lineIndex>    <styleUrl>#style1</styleUrl>    <tmap:id>1057191</tmap:id>    <name><![CDATA[월드컵북로/1057191/361796]]></name>    <description><![CDATA[월드컵파크6단지 에서 월드컵파크5단지 방면 원활 / 48]]></description>    <tmap:congestion>1</tmap:congestion>    <tmap:direction>0</tmap:direction>    <tmap:roadType>004</tmap:roadType>    <tmap:startNodeName><![CDATA[월드컵파크6단지]]></tmap:startNodeName>    <tmap:endNodeName><![CDATA[월드컵파크5단지]]></tmap:endNodeName>    <tmap:distance>322</tmap:distance>    <tmap:time>24.15</tmap:time>    <tmap:speed>48</tmap:speed>    <LineString>     <coordinates>126.884912,37.581521 126.885928,37.580915 126.886871,37.580377 126.887843,37.579802</coordinates>    </LineString>   </Placemark>   <Placemark>    <tmap:index>44</tmap:index>    <tmap:lineIndex>44</tmap:lineIndex>    <styleUrl>#style1</styleUrl>    <tmap:id>1057192</tmap:id>    <name><![CDATA[월드컵북로/1057192/361797]]></name>    <description><![CDATA[월드컵파크5단지 에서 월드컵파크6단지 방면 원활 / 36]]></description>    <tmap:congestion>1</tmap:congestion>    <tmap:direction>1</tmap:direction>    <tmap:roadType>004</tmap:roadType>    <tmap:startNodeName><![CDATA[월드컵파크5단지]]></tmap:startNodeName>    <tmap:endNodeName><![CDATA[월드컵파크6단지]]></tmap:endNodeName>    <tmap:distance>322</tmap:distance>    <tmap:time>32.19</tmap:time>    <tmap:speed>36</tmap:speed>    <LineString>     <coordinates>126.887908,37.57987 126.886934,37.580446 126.885992,37.580983 126.884977,37.581589</coordinates>    </LineString>   </Placemark>   <Placemark>    <tmap:index>45</tmap:index>    <tmap:lineIndex>45</tmap:lineIndex>    <styleUrl>#style0</styleUrl>    <tmap:id>1057371</tmap:id>    <name><![CDATA[상암산로1길/1057371/361830]]></name>    <description><![CDATA[ 에서  방면 정보없음 / 0]]></description>    <tmap:congestion>0</tmap:congestion>    <tmap:direction>null</tmap:direction>    <tmap:roadType>004</tmap:roadType>    <tmap:startNodeName><![CDATA[]]></tmap:startNodeName>    <tmap:endNodeName><![CDATA[]]></tmap:endNodeName>    <tmap:distance>326</tmap:distance>    <tmap:time>0.00</tmap:time>    <tmap:speed>0</tmap:speed>    <LineString>     <coordinates>126.886986,37.579098 126.886859,37.579231 126.886601,37.579395 126.886167,37.579663 126.8852,37.580232 126.884607,37.580591 126.884501,37.580638 126.884415,37.580678</coordinates>    </LineString>   </Placemark>   <Placemark>    <tmap:index>46</tmap:index>    <tmap:lineIndex>46</tmap:lineIndex>    <styleUrl>#style0</styleUrl>    <tmap:id>1057372</tmap:id>    <name><![CDATA[상암산로1길/1057372/361831]]></name>    <description><![CDATA[ 에서  방면 정보없음 / 0]]></description>    <tmap:congestion>0</tmap:congestion>    <tmap:direction>null</tmap:direction>    <tmap:roadType>004</tmap:roadType>    <tmap:startNodeName><![CDATA[]]></tmap:startNodeName>    <tmap:endNodeName><![CDATA[]]></tmap:endNodeName>    <tmap:distance>326</tmap:distance>    <tmap:time>0.00</tmap:time>    <tmap:speed>0</tmap:speed>    <LineString>     <coordinates>126.884156,37.580667 126.884196,37.580654 126.884365,37.580602 126.884448,37.580564 126.884548,37.58052 126.885135,37.580164 126.886102,37.579595 126.886534,37.579328 126.886781,37.579171 126.8869,37.579046</coordinates>    </LineString>   </Placemark>   <Placemark>    <tmap:index>47</tmap:index>    <tmap:lineIndex>47</tmap:lineIndex>    <styleUrl>#style2</styleUrl>    <tmap:id>1057211</tmap:id>    <name><![CDATA[월드컵북로/1057211/361800]]></name>    <description><![CDATA[월드컵파크6단지 에서 월드컵파크7단지앞 방면 서행 / 27]]></description>    <tmap:congestion>2</tmap:congestion>    <tmap:direction>1</tmap:direction>    <tmap:roadType>004</tmap:roadType>    <tmap:startNodeName><![CDATA[월드컵파크6단지]]></tmap:startNodeName>    <tmap:endNodeName><![CDATA[월드컵파크7단지앞]]></tmap:endNodeName>    <tmap:distance>320</tmap:distance>    <tmap:time>42.66</tmap:time>    <tmap:speed>27</tmap:speed>    <LineString>     <coordinates>126.884977,37.581589 126.883957,37.582196 126.882477,37.583074 126.882071,37.583314</coordinates>    </LineString>   </Placemark>   <Placemark>    <tmap:index>48</tmap:index>    <tmap:lineIndex>48</tmap:lineIndex>    <styleUrl>#style1</styleUrl>    <tmap:id>1057212</tmap:id>    <name><![CDATA[월드컵북로/1057212/361801]]></name>    <description><![CDATA[월드컵파크7단지앞 에서 월드컵파크6단지 방면 원활 / 40]]></description>    <tmap:congestion>1</tmap:congestion>    <tmap:direction>0</tmap:direction>    <tmap:roadType>004</tmap:roadType>    <tmap:startNodeName><![CDATA[월드컵파크7단지앞]]></tmap:startNodeName>    <tmap:endNodeName><![CDATA[월드컵파크6단지]]></tmap:endNodeName>    <tmap:distance>320</tmap:distance>    <tmap:time>28.80</tmap:time>    <tmap:speed>40</tmap:speed>    <LineString>     <coordinates>126.882006,37.583246 126.882412,37.583005 126.883893,37.582127 126.884912,37.581521</coordinates>    </LineString>   </Placemark>   <Placemark>    <tmap:index>49</tmap:index>    <tmap:lineIndex>49</tmap:lineIndex>    <styleUrl>#style1</styleUrl>    <tmap:id>1057241</tmap:id>    <name><![CDATA[가양대로/1057241/361806]]></name>    <description><![CDATA[월드컵파크7단지앞 에서 DMC첨단산업센터교차로 방면 원활 / 47]]></description>    <tmap:congestion>1</tmap:congestion>    <tmap:direction>1</tmap:direction>    <tmap:roadType>004</tmap:roadType>    <tmap:startNodeName><![CDATA[월드컵파크7단지앞]]></tmap:startNodeName>    <tmap:endNodeName><![CDATA[DMC첨단산업센터교차로]]></tmap:endNodeName>    <tmap:distance>277</tmap:distance>    <tmap:time>21.21</tmap:time>    <tmap:speed>47</tmap:speed>    <LineString>     <coordinates>126.882072,37.583247 126.882497,37.583519 126.882776,37.583711 126.884433,37.584896</coordinates>    </LineString>   </Placemark>   <Placemark>    <tmap:index>50</tmap:index>    <tmap:lineIndex>50</tmap:lineIndex>    <styleUrl>#style1</styleUrl>    <tmap:id>1057242</tmap:id>    <name><![CDATA[가양대로/1057242/361807]]></name>    <description><![CDATA[DMC첨단산업센터교차로 에서 월드컵파크7단지앞 방면 원활 / 36]]></description>    <tmap:congestion>1</tmap:congestion>    <tmap:direction>0</tmap:direction>    <tmap:roadType>004</tmap:roadType>    <tmap:startNodeName><![CDATA[DMC첨단산업센터교차로]]></tmap:startNodeName>    <tmap:endNodeName><![CDATA[월드컵파크7단지앞]]></tmap:endNodeName>    <tmap:distance>277</tmap:distance>    <tmap:time>27.70</tmap:time>    <tmap:speed>36</tmap:speed>    <LineString>     <coordinates>126.884361,37.58496 126.882704,37.583775 126.882427,37.583584 126.882005,37.583313</coordinates>    </LineString>   </Placemark>   <Placemark>    <tmap:index>51</tmap:index>    <tmap:lineIndex>51</tmap:lineIndex>    <styleUrl>#style0</styleUrl>    <tmap:id>1057382</tmap:id>    <name><![CDATA[상암산로1길/1057382/361833]]></name>    <description><![CDATA[ 에서  방면 정보없음 / 0]]></description>    <tmap:congestion>0</tmap:congestion>    <tmap:direction>null</tmap:direction>    <tmap:roadType>004</tmap:roadType>    <tmap:startNodeName><![CDATA[]]></tmap:startNodeName>    <tmap:endNodeName><![CDATA[]]></tmap:endNodeName>    <tmap:distance>369</tmap:distance>    <tmap:time>0.00</tmap:time>    <tmap:speed>0</tmap:speed>    <LineString>     <coordinates>126.887063,37.578878 126.88709,37.578842 126.887118,37.578796 126.887151,37.578729 126.887238,37.578589 126.887455,37.578208 126.887546,37.577865 126.887549,37.577803 126.887556,37.577504 126.887566,37.577346 126.887537,37.577134 126.88752,37.576925 126.88753,37.576773 126.887552,37.576638 126.887622,37.576516 126.88779,37.576345 126.888332,37.575988</coordinates>    </LineString>   </Placemark>   <Placemark>    <tmap:index>52</tmap:index>    <tmap:lineIndex>52</tmap:lineIndex>    <styleUrl>#style3</styleUrl>    <tmap:id>1052891</tmap:id>    <name><![CDATA[매봉산로/1052891/361361]]></name>    <description><![CDATA[상암초교입구 에서 상암초교 방면 지체 / 18]]></description>    <tmap:congestion>3</tmap:congestion>    <tmap:direction>0</tmap:direction>    <tmap:roadType>004</tmap:roadType>    <tmap:startNodeName><![CDATA[상암초교입구]]></tmap:startNodeName>    <tmap:endNodeName><![CDATA[상암초교]]></tmap:endNodeName>    <tmap:distance>300</tmap:distance>    <tmap:time>60.00</tmap:time>    <tmap:speed>18</tmap:speed>    <LineString>     <coordinates>126.89458,37.579408 126.894357,37.579192 126.893436,37.578305 126.893127,37.577997 126.892326,37.577198</coordinates>    </LineString>   </Placemark>   <Placemark>    <tmap:index>53</tmap:index>    <tmap:lineIndex>53</tmap:lineIndex>    <styleUrl>#style4</styleUrl>    <tmap:id>1052892</tmap:id>    <name><![CDATA[매봉산로/1052892/361362]]></name>    <description><![CDATA[상암초교 에서 상암초교입구 방면 정체 / 9]]></description>    <tmap:congestion>4</tmap:congestion>    <tmap:direction>1</tmap:direction>    <tmap:roadType>004</tmap:roadType>    <tmap:startNodeName><![CDATA[상암초교]]></tmap:startNodeName>    <tmap:endNodeName><![CDATA[상암초교입구]]></tmap:endNodeName>    <tmap:distance>300</tmap:distance>    <tmap:time>120.00</tmap:time>    <tmap:speed>9</tmap:speed>    <LineString>     <coordinates>126.892411,37.577145 126.893211,37.577943 126.89352,37.578251 126.89444,37.579137 126.894663,37.579354</coordinates>    </LineString>   </Placemark>   <Placemark>    <tmap:index>54</tmap:index>    <tmap:lineIndex>54</tmap:lineIndex>    <styleUrl>#style0</styleUrl>    <tmap:id>1057431</tmap:id>    <name><![CDATA[성암로/1057431/361842]]></name>    <description><![CDATA[ 에서  방면 정보없음 / 0]]></description>    <tmap:congestion>0</tmap:congestion>    <tmap:direction>null</tmap:direction>    <tmap:roadType>004</tmap:roadType>    <tmap:startNodeName><![CDATA[]]></tmap:startNodeName>    <tmap:endNodeName><![CDATA[]]></tmap:endNodeName>    <tmap:distance>194</tmap:distance>    <tmap:time>0.00</tmap:time>    <tmap:speed>0</tmap:speed>    <LineString>     <coordinates>126.892919,37.580486 126.894053,37.579743 126.894585,37.57935</coordinates>    </LineString>   </Placemark>   <Placemark>    <tmap:index>55</tmap:index>    <tmap:lineIndex>55</tmap:lineIndex>    <styleUrl>#style0</styleUrl>    <tmap:id>1057432</tmap:id>    <name><![CDATA[성암로/1057432/361843]]></name>    <description><![CDATA[ 에서  방면 정보없음 / 0]]></description>    <tmap:congestion>0</tmap:congestion>    <tmap:direction>null</tmap:direction>    <tmap:roadType>004</tmap:roadType>    <tmap:startNodeName><![CDATA[]]></tmap:startNodeName>    <tmap:endNodeName><![CDATA[]]></tmap:endNodeName>    <tmap:distance>194</tmap:distance>    <tmap:time>0.00</tmap:time>    <tmap:speed>0</tmap:speed>    <LineString>     <coordinates>126.894658,37.579413 126.894124,37.579807 126.892987,37.580552</coordinates>    </LineString>   </Placemark>   <Placemark>    <tmap:index>56</tmap:index>    <tmap:lineIndex>56</tmap:lineIndex>    <styleUrl>#style0</styleUrl>    <tmap:id>1056781</tmap:id>    <name><![CDATA[상암산로1길/1056781/361716]]></name>    <description><![CDATA[ 에서  방면 정보없음 / 0]]></description>    <tmap:congestion>0</tmap:congestion>    <tmap:direction>null</tmap:direction>    <tmap:roadType>004</tmap:roadType>    <tmap:startNodeName><![CDATA[]]></tmap:startNodeName>    <tmap:endNodeName><![CDATA[]]></tmap:endNodeName>    <tmap:distance>427</tmap:distance>    <tmap:time>0.00</tmap:time>    <tmap:speed>0</tmap:speed>    <LineString>     <coordinates>126.87996,37.580658 126.880219,37.58089 126.8804,37.581022 126.88056,37.581106 126.880757,37.581157 126.880876,37.581175 126.881046,37.581193 126.881325,37.581196 126.881487,37.581167 126.881635,37.581118 126.88208,37.580952 126.882276,37.580888 126.882413,37.580853 126.882656,37.580795 126.882844,37.580757 126.883113,37.580739 126.883541,37.58075 126.883711,37.58074 126.883823,37.580729 126.884165,37.580665</coordinates>    </LineString>   </Placemark>   <Placemark>    <tmap:index>57</tmap:index>    <tmap:lineIndex>57</tmap:lineIndex>    <styleUrl>#style0</styleUrl>    <tmap:id>1056782</tmap:id>    <name><![CDATA[상암산로1길/1056782/361717]]></name>    <description><![CDATA[ 에서  방면 정보없음 / 0]]></description>    <tmap:congestion>0</tmap:congestion>    <tmap:direction>null</tmap:direction>    <tmap:roadType>004</tmap:roadType>    <tmap:startNodeName><![CDATA[]]></tmap:startNodeName>    <tmap:endNodeName><![CDATA[]]></tmap:endNodeName>    <tmap:distance>427</tmap:distance>    <tmap:time>0.00</tmap:time>    <tmap:speed>0</tmap:speed>    <LineString>     <coordinates>126.883838,37.580814 126.883722,37.580825 126.883543,37.580836 126.883116,37.580824 126.882862,37.580841 126.882685,37.580877 126.882445,37.580935 126.882313,37.580968 126.882123,37.58103 126.881679,37.581196 126.88152,37.581249 126.881336,37.581282 126.881038,37.581278 126.880859,37.581259 126.88073,37.58124 126.880513,37.581183 126.880334,37.58109 126.880142,37.58095 126.879879,37.580714</coordinates>    </LineString>   </Placemark>   <Placemark>    <tmap:index>58</tmap:index>    <tmap:lineIndex>58</tmap:lineIndex>    <styleUrl>#style1</styleUrl>    <tmap:id>1057221</tmap:id>    <name><![CDATA[월드컵북로/1057221/361802]]></name>    <description><![CDATA[월드컵파크7단지앞 에서 상암홈플러스익스프레스 방면 원활 / 30]]></description>    <tmap:congestion>1</tmap:congestion>    <tmap:direction>1</tmap:direction>    <tmap:roadType>004</tmap:roadType>    <tmap:startNodeName><![CDATA[월드컵파크7단지앞]]></tmap:startNodeName>    <tmap:endNodeName><![CDATA[상암홈플러스익스프레스]]></tmap:endNodeName>    <tmap:distance>301</tmap:distance>    <tmap:time>36.11</tmap:time>    <tmap:speed>30</tmap:speed>    <LineString>     <coordinates>126.88207,37.583314 126.881592,37.583591 126.880831,37.584035 126.87959,37.584828 126.879363,37.584955</coordinates>    </LineString>   </Placemark>   <Placemark>    <tmap:index>59</tmap:index>    <tmap:lineIndex>59</tmap:lineIndex>    <styleUrl>#style3</styleUrl>    <tmap:id>1057222</tmap:id>    <name><![CDATA[월드컵북로/1057222/361803]]></name>    <description><![CDATA[상암홈플러스익스프레스 에서 월드컵파크7단지앞 방면 지체 / 12]]></description>    <tmap:congestion>3</tmap:congestion>    <tmap:direction>0</tmap:direction>    <tmap:roadType>004</tmap:roadType>    <tmap:startNodeName><![CDATA[상암홈플러스익스프레스]]></tmap:startNodeName>    <tmap:endNodeName><![CDATA[월드컵파크7단지앞]]></tmap:endNodeName>    <tmap:distance>301</tmap:distance>    <tmap:time>90.30</tmap:time>    <tmap:speed>12</tmap:speed>    <LineString>     <coordinates>126.879301,37.584885 126.879525,37.58476 126.880765,37.583967 126.881529,37.583522 126.882007,37.583245</coordinates>    </LineString>   </Placemark>   <Placemark>    <tmap:index>60</tmap:index>    <tmap:lineIndex>60</tmap:lineIndex>    <styleUrl>#style0</styleUrl>    <tmap:id>1057271</tmap:id>    <name><![CDATA[월드컵로42길/1057271/361812]]></name>    <description><![CDATA[ 에서  방면 정보없음 / 0]]></description>    <tmap:congestion>0</tmap:congestion>    <tmap:direction>null</tmap:direction>    <tmap:roadType>004</tmap:roadType>    <tmap:startNodeName><![CDATA[]]></tmap:startNodeName>    <tmap:endNodeName><![CDATA[]]></tmap:endNodeName>    <tmap:distance>503</tmap:distance>    <tmap:time>0.00</tmap:time>    <tmap:speed>0</tmap:speed>    <LineString>     <coordinates>126.88103,37.577378 126.881081,37.577432 126.881315,37.577538 126.881606,37.577855 126.881898,37.578185 126.882228,37.578542 126.882308,37.578651 126.882338,37.578734 126.882351,37.578817 126.882354,37.578908 126.882342,37.578976 126.882315,37.579049 126.882258,37.579147 126.88215,37.579258 126.881706,37.579479 126.88149,37.579581 126.880914,37.579909 126.880194,37.580294 126.880043,37.58037</coordinates>    </LineString>   </Placemark>   <Placemark>    <tmap:index>61</tmap:index>    <tmap:lineIndex>61</tmap:lineIndex>    <styleUrl>#style0</styleUrl>    <tmap:id>1057272</tmap:id>    <name><![CDATA[월드컵로42길/1057272/361813]]></name>    <description><![CDATA[ 에서  방면 정보없음 / 0]]></description>    <tmap:congestion>0</tmap:congestion>    <tmap:direction>null</tmap:direction>    <tmap:roadType>004</tmap:roadType>    <tmap:startNodeName><![CDATA[]]></tmap:startNodeName>    <tmap:endNodeName><![CDATA[]]></tmap:endNodeName>    <tmap:distance>503</tmap:distance>    <tmap:time>0.00</tmap:time>    <tmap:speed>0</tmap:speed>    <LineString>     <coordinates>126.879666,37.580468 126.879733,37.580423 126.879985,37.580298 126.880135,37.580222 126.880853,37.579839 126.881431,37.579509 126.88165,37.579406 126.882076,37.579194 126.882165,37.579102 126.882214,37.579019 126.882236,37.578958 126.882246,37.578903 126.882244,37.578823 126.882232,37.578752 126.882208,37.578685 126.882138,37.578589 126.88181,37.578235 126.881518,37.577905 126.881242,37.577603 126.881009,37.577498 126.880944,37.57743</coordinates>    </LineString>   </Placemark>   <Placemark>    <tmap:index>62</tmap:index>    <tmap:lineIndex>62</tmap:lineIndex>    <styleUrl>#style0</styleUrl>    <tmap:id>1056771</tmap:id>    <name><![CDATA[월드컵북로/1056771/361714]]></name>    <description><![CDATA[ 에서  방면 정보없음 / 0]]></description>    <tmap:congestion>0</tmap:congestion>    <tmap:direction>null</tmap:direction>    <tmap:roadType>004</tmap:roadType>    <tmap:startNodeName><![CDATA[]]></tmap:startNodeName>    <tmap:endNodeName><![CDATA[]]></tmap:endNodeName>    <tmap:distance>105</tmap:distance>    <tmap:time>0.00</tmap:time>    <tmap:speed>0</tmap:speed>    <LineString>     <coordinates>126.884349,37.58091 126.884454,37.580994 126.884987,37.581529</coordinates>    </LineString>   </Placemark>   <Placemark>    <tmap:index>63</tmap:index>    <tmap:lineIndex>63</tmap:lineIndex>    <styleUrl>#style0</styleUrl>    <tmap:id>1056772</tmap:id>    <name><![CDATA[월드컵북로/1056772/361715]]></name>    <description><![CDATA[ 에서  방면 정보없음 / 0]]></description>    <tmap:congestion>0</tmap:congestion>    <tmap:direction>null</tmap:direction>    <tmap:roadType>004</tmap:roadType>    <tmap:startNodeName><![CDATA[]]></tmap:startNodeName>    <tmap:endNodeName><![CDATA[]]></tmap:endNodeName>    <tmap:distance>105</tmap:distance>    <tmap:time>0.00</tmap:time>    <tmap:speed>0</tmap:speed>    <LineString>     <coordinates>126.884902,37.581582 126.884373,37.581051 126.884272,37.58097</coordinates>    </LineString>   </Placemark>   <Placemark>    <tmap:index>64</tmap:index>    <tmap:lineIndex>64</tmap:lineIndex>    <styleUrl>#style0</styleUrl>    <tmap:id>1057251</tmap:id>    <name><![CDATA[월드컵북로60길/1057251/361808]]></name>    <description><![CDATA[ 에서  방면 정보없음 / 0]]></description>    <tmap:congestion>0</tmap:congestion>    <tmap:direction>null</tmap:direction>    <tmap:roadType>004</tmap:roadType>    <tmap:startNodeName><![CDATA[]]></tmap:startNodeName>    <tmap:endNodeName><![CDATA[]]></tmap:endNodeName>    <tmap:distance>293</tmap:distance>    <tmap:time>0.00</tmap:time>    <tmap:speed>0</tmap:speed>    <LineString>     <coordinates>126.887022,37.583635 126.886169,37.582816 126.885529,37.582183 126.884903,37.581582</coordinates>    </LineString>   </Placemark>   <Placemark>    <tmap:index>65</tmap:index>    <tmap:lineIndex>65</tmap:lineIndex>    <styleUrl>#style0</styleUrl>    <tmap:id>1057252</tmap:id>    <name><![CDATA[월드컵북로60길/1057252/361809]]></name>    <description><![CDATA[ 에서  방면 정보없음 / 0]]></description>    <tmap:congestion>0</tmap:congestion>    <tmap:direction>null</tmap:direction>    <tmap:roadType>004</tmap:roadType>    <tmap:startNodeName><![CDATA[]]></tmap:startNodeName>    <tmap:endNodeName><![CDATA[]]></tmap:endNodeName>    <tmap:distance>293</tmap:distance>    <tmap:time>0.00</tmap:time>    <tmap:speed>0</tmap:speed>    <LineString>     <coordinates>126.884986,37.581528 126.885612,37.582129 126.886252,37.582762 126.887105,37.58358</coordinates>    </LineString>   </Placemark>   <Placemark>    <tmap:index>66</tmap:index>    <tmap:lineIndex>66</tmap:lineIndex>    <styleUrl>#style0</styleUrl>    <tmap:id>1057321</tmap:id>    <name><![CDATA[상암산로/1057321/361820]]></name>    <description><![CDATA[ 에서  방면 정보없음 / 0]]></description>    <tmap:congestion>0</tmap:congestion>    <tmap:direction>null</tmap:direction>    <tmap:roadType>004</tmap:roadType>    <tmap:startNodeName><![CDATA[]]></tmap:startNodeName>    <tmap:endNodeName><![CDATA[]]></tmap:endNodeName>    <tmap:distance>329</tmap:distance>    <tmap:time>0.00</tmap:time>    <tmap:speed>0</tmap:speed>    <LineString>     <coordinates>126.890641,37.578191 126.891345,37.578848 126.8922,37.579694 126.892995,37.580493</coordinates>    </LineString>   </Placemark>   <Placemark>    <tmap:index>67</tmap:index>    <tmap:lineIndex>67</tmap:lineIndex>    <styleUrl>#style0</styleUrl>    <tmap:id>1057322</tmap:id>    <name><![CDATA[상암산로/1057322/361821]]></name>    <description><![CDATA[ 에서  방면 정보없음 / 0]]></description>    <tmap:congestion>0</tmap:congestion>    <tmap:direction>null</tmap:direction>    <tmap:roadType>004</tmap:roadType>    <tmap:startNodeName><![CDATA[]]></tmap:startNodeName>    <tmap:endNodeName><![CDATA[]]></tmap:endNodeName>    <tmap:distance>329</tmap:distance>    <tmap:time>0.00</tmap:time>    <tmap:speed>0</tmap:speed>    <LineString>     <coordinates>126.892911,37.580546 126.892115,37.579747 126.891262,37.578902 126.890558,37.578247</coordinates>    </LineString>   </Placemark>   <Placemark>    <tmap:index>68</tmap:index>    <tmap:lineIndex>68</tmap:lineIndex>    <styleUrl>#style0</styleUrl>    <tmap:id>1057451</tmap:id>    <name><![CDATA[성암로/1057451/361846]]></name>    <description><![CDATA[ 에서  방면 정보없음 / 0]]></description>    <tmap:congestion>0</tmap:congestion>    <tmap:direction>null</tmap:direction>    <tmap:roadType>004</tmap:roadType>    <tmap:startNodeName><![CDATA[]]></tmap:startNodeName>    <tmap:endNodeName><![CDATA[]]></tmap:endNodeName>    <tmap:distance>302</tmap:distance>    <tmap:time>0.00</tmap:time>    <tmap:speed>0</tmap:speed>    <LineString>     <coordinates>126.89299,37.580551 126.892355,37.581013 126.89191,37.581335 126.891788,37.581417 126.891725,37.581452 126.89154,37.581561 126.891522,37.581568 126.891178,37.58173 126.890753,37.58192 126.890237,37.58215</coordinates>    </LineString>   </Placemark>   <Placemark>    <tmap:index>69</tmap:index>    <tmap:lineIndex>69</tmap:lineIndex>    <styleUrl>#style0</styleUrl>    <tmap:id>1057452</tmap:id>    <name><![CDATA[성암로/1057452/361847]]></name>    <description><![CDATA[ 에서  방면 정보없음 / 0]]></description>    <tmap:congestion>0</tmap:congestion>    <tmap:direction>null</tmap:direction>    <tmap:roadType>004</tmap:roadType>    <tmap:startNodeName><![CDATA[]]></tmap:startNodeName>    <tmap:endNodeName><![CDATA[]]></tmap:endNodeName>    <tmap:distance>302</tmap:distance>    <tmap:time>0.00</tmap:time>    <tmap:speed>0</tmap:speed>    <LineString>     <coordinates>126.890184,37.582075 126.8907,37.581845 126.891124,37.581656 126.89147,37.581493 126.891482,37.581488 126.891662,37.581383 126.891723,37.581349 126.891839,37.581271 126.892282,37.58095 126.892917,37.580488</coordinates>    </LineString>   </Placemark>   <Placemark>    <tmap:index>70</tmap:index>    <tmap:lineIndex>70</tmap:lineIndex>    <styleUrl>#style1</styleUrl>    <tmap:id>1006661</tmap:id>    <name><![CDATA[중앙로(고양시)/1006661/357860]]></name>    <description><![CDATA[덕은교 에서 화전역 방면 원활 / 31]]></description>    <tmap:congestion>1</tmap:congestion>    <tmap:direction>0</tmap:direction>    <tmap:roadType>004</tmap:roadType>    <tmap:startNodeName><![CDATA[덕은교]]></tmap:startNodeName>    <tmap:endNodeName><![CDATA[화전역]]></tmap:endNodeName>    <tmap:distance>2157</tmap:distance>    <tmap:time>250.49</tmap:time>    <tmap:speed>31</tmap:speed>    <LineString>     <coordinates>126.88268,37.591112 126.882543,37.591243 126.879986,37.593574 126.879356,37.594146 126.879138,37.594341 126.879046,37.594424 126.878641,37.594787 126.878572,37.594849 126.878519,37.594899 126.877907,37.595444 126.876523,37.596696 126.873561,37.599728 126.873514,37.599777 126.873064,37.60027 126.872341,37.601065 126.872096,37.601322 126.871721,37.601717 126.87155,37.601895 126.871495,37.601953 126.870089,37.603433 126.869988,37.603539 126.869189,37.604379 126.869072,37.604505 126.868917,37.604635 126.868847,37.604683 126.868762,37.604743 126.868629,37.60484</coordinates>    </LineString>   </Placemark>   <Placemark>    <tmap:index>71</tmap:index>    <tmap:lineIndex>71</tmap:lineIndex>    <styleUrl>#style1</styleUrl>    <tmap:id>1006662</tmap:id>    <name><![CDATA[중앙로(고양시)/1006662/357861]]></name>    <description><![CDATA[화전역 에서 덕은교 방면 원활 / 44]]></description>    <tmap:congestion>1</tmap:congestion>    <tmap:direction>1</tmap:direction>    <tmap:roadType>004</tmap:roadType>    <tmap:startNodeName><![CDATA[화전역]]></tmap:startNodeName>    <tmap:endNodeName><![CDATA[덕은교]]></tmap:endNodeName>    <tmap:distance>2157</tmap:distance>    <tmap:time>176.48</tmap:time>    <tmap:speed>44</tmap:speed>    <LineString>     <coordinates>126.868685,37.604466 126.868709,37.60445 126.868814,37.604379 126.868945,37.604279 126.869857,37.603289 126.870998,37.602064 126.871247,37.601798 126.871307,37.601734 126.871625,37.601391 126.871925,37.601069 126.873036,37.599947 126.87315,37.599813 126.873183,37.599769 126.873871,37.599047 126.876214,37.596592 126.87772,37.595248 126.877824,37.595153 126.878391,37.594639 126.882315,37.59108 126.882395,37.591008</coordinates>    </LineString>   </Placemark>  </Document> </kml> 