<?xml version="1.0" encoding="UTF-8"?> <kml xmlns="http://www.opengis.net/kml/2.2"  xmlns:xsi="http://www.w3.org/2001/XMLSchema-instance"  xsi:schemaLocation="http://schemas.opengis.net/kml/2.2.0/ogckml22.xsd"   xmlns:tmap="http://tlp.tmap.co.kr/">  <Document>   <Style id="accPoint">    <IconStyle>     <scale>1.5</scale>     <Icon>      <href>http://www.allnew2013altima.com/imggallery/134/icon-poi.png</href>     </Icon>    </IconStyle>   </Style>   <Style id="style0">    <LineStyle>     <color>FF828287</color>     <width>4</width>    </LineStyle>   </Style>   <Style id="style1">    <LineStyle>     <color>FF45D51D</color>     <width>4</width>    </LineStyle>   </Style>   <Style id="style2">    <LineStyle>     <color>FF01C6FF</color>     <width>4</width>    </LineStyle>   </Style>   <Style id="style3">    <LineStyle>     <color>FF0084FF</color>     <width>4</width>    </LineStyle>   </Style>   <Style id="style4">    <LineStyle>     <color>FF1E33FF</color>     <width>4</width>    </LineStyle>   </Style>  <tmap:updateTime>201707162340</tmap:updateTime>   <Placemark>    <tmap:index>0</tmap:index>    <tmap:lineIndex>0</tmap:lineIndex>    <styleUrl>#style1</styleUrl>    <tmap:id>1009491</tmap:id>    <name><![CDATA[월드컵북로/1009491/352390]]></name>    <description><![CDATA[중암교 에서 성원초교 방면 원활 / 44]]></description>    <tmap:congestion>1</tmap:congestion>    <tmap:direction>0</tmap:direction>    <tmap:roadType>004</tmap:roadType>    <tmap:startNodeName><![CDATA[중암교]]></tmap:startNodeName>    <tmap:endNodeName><![CDATA[성원초교]]></tmap:endNodeName>    <tmap:distance>630</tmap:distance>    <tmap:time>51.54</tmap:time>    <tmap:speed>44</tmap:speed>    <LineString>     <coordinates>126.900392,37.572259 126.901231,37.571641 126.901657,37.571319 126.90307,37.570282 126.903725,37.569789 126.903893,37.569672 126.904079,37.569579 126.904384,37.56945 126.904491,37.569411 126.904823,37.569265 126.907311,37.568309 126.907362,37.568285</coordinates>    </LineString>   </Placemark>   <Placemark>    <tmap:index>1</tmap:index>    <tmap:lineIndex>1</tmap:lineIndex>    <styleUrl>#style2</styleUrl>    <tmap:id>1009492</tmap:id>    <name><![CDATA[월드컵북로/1009492/352391]]></name>    <description><![CDATA[성원초교 에서 중암교 방면 서행 / 27]]></description>    <tmap:congestion>2</tmap:congestion>    <tmap:direction>1</tmap:direction>    <tmap:roadType>004</tmap:roadType>    <tmap:startNodeName><![CDATA[성원초교]]></tmap:startNodeName>    <tmap:endNodeName><![CDATA[중암교]]></tmap:endNodeName>    <tmap:distance>630</tmap:distance>    <tmap:time>84.00</tmap:time>    <tmap:speed>27</tmap:speed>    <LineString>     <coordinates>126.904538,37.569488 126.904432,37.569526 126.904133,37.569653 126.903958,37.569741 126.903798,37.569852 126.903144,37.570344 126.901731,37.571381 126.901305,37.571704 126.900465,37.572322</coordinates>    </LineString>   </Placemark>   <Placemark>    <tmap:index>2</tmap:index>    <tmap:lineIndex>2</tmap:lineIndex>    <styleUrl>#style1</styleUrl>    <tmap:id>1009501</tmap:id>    <name><![CDATA[성중길/1009501/352392]]></name>    <description><![CDATA[중암교 에서 상암교 방면 원활 / 35]]></description>    <tmap:congestion>1</tmap:congestion>    <tmap:direction>0</tmap:direction>    <tmap:roadType>004</tmap:roadType>    <tmap:startNodeName><![CDATA[중암교]]></tmap:startNodeName>    <tmap:endNodeName><![CDATA[상암교]]></tmap:endNodeName>    <tmap:distance>711</tmap:distance>    <tmap:time>73.13</tmap:time>    <tmap:speed>35</tmap:speed>    <LineString>     <coordinates>126.900375,37.572292 126.900194,37.569449 126.900011,37.566126</coordinates>    </LineString>   </Placemark>   <Placemark>    <tmap:index>3</tmap:index>    <tmap:lineIndex>3</tmap:lineIndex>    <styleUrl>#style1</styleUrl>    <tmap:id>1009391</tmap:id>    <name><![CDATA[내부순환로/1009391/352377]]></name>    <description><![CDATA[연희램프진출(내부순환) 에서 성산램프진출점 방면 원활 / 78]]></description>    <tmap:congestion>1</tmap:congestion>    <tmap:direction>1</tmap:direction>    <tmap:roadType>004</tmap:roadType>    <tmap:startNodeName><![CDATA[연희램프진출(내부순환)]]></tmap:startNodeName>    <tmap:endNodeName><![CDATA[성산램프진출점]]></tmap:endNodeName>    <tmap:distance>1417</tmap:distance>    <tmap:time>65.40</tmap:time>    <tmap:speed>78</tmap:speed>    <LineString>     <coordinates>126.921326,37.571757 126.918745,37.569849 126.918392,37.569569 126.918191,37.569392 126.917932,37.569141 126.917199,37.568383 126.917006,37.568177 126.916756,37.567932 126.916303,37.567549 126.915745,37.567152 126.915097,37.56679 126.914802,37.566646 126.914427,37.566483 126.913973,37.566337 126.909075,37.564982</coordinates>    </LineString>   </Placemark>   <Placemark>    <tmap:index>4</tmap:index>    <tmap:lineIndex>4</tmap:lineIndex>    <styleUrl>#style1</styleUrl>    <tmap:id>1012811</tmap:id>    <name><![CDATA[내부순환도로/1012811/352813]]></name>    <description><![CDATA[ 에서  방면 원활 / 72]]></description>    <tmap:congestion>1</tmap:congestion>    <tmap:direction>null</tmap:direction>    <tmap:roadType>004</tmap:roadType>    <tmap:startNodeName><![CDATA[]]></tmap:startNodeName>    <tmap:endNodeName><![CDATA[]]></tmap:endNodeName>    <tmap:distance>1017</tmap:distance>    <tmap:time>50.84</tmap:time>    <tmap:speed>72</tmap:speed>    <LineString>     <coordinates>126.898401,37.562026 126.897911,37.561886 126.897682,37.56182 126.896982,37.561631 126.896504,37.561496 126.89616,37.561377 126.895917,37.561264 126.895545,37.561072 126.895209,37.56082 126.895001,37.560641 126.894804,37.56043 126.894633,37.560211 126.894468,37.559932 126.894382,37.559747 126.894338,37.559608 126.894271,37.559348 126.89423,37.559029 126.894233,37.558742 126.894264,37.558481 126.894411,37.557899 126.894692,37.556918 126.894756,37.5567 126.894927,37.556329 126.895131,37.556025 126.8953,37.555827 126.895508,37.55562 126.896473,37.554905 126.899042,37.553058 126.900011,37.552463</coordinates>    </LineString>   </Placemark>   <Placemark>    <tmap:index>5</tmap:index>    <tmap:lineIndex>5</tmap:lineIndex>    <styleUrl>#style1</styleUrl>    <tmap:id>1012822</tmap:id>    <name><![CDATA[내부순환도로/1012822/352814]]></name>    <description><![CDATA[ 에서  방면 원활 / 70]]></description>    <tmap:congestion>1</tmap:congestion>    <tmap:direction>null</tmap:direction>    <tmap:roadType>004</tmap:roadType>    <tmap:startNodeName><![CDATA[]]></tmap:startNodeName>    <tmap:endNodeName><![CDATA[]]></tmap:endNodeName>    <tmap:distance>837</tmap:distance>    <tmap:time>43.04</tmap:time>    <tmap:speed>70</tmap:speed>    <LineString>     <coordinates>126.90061,37.552502 126.900474,37.552634 126.900105,37.553047 126.897782,37.554785 126.897268,37.555189 126.896969,37.555455 126.896507,37.555916 126.896107,37.55643 126.895842,37.556886 126.895703,37.55716 126.895492,37.55764 126.895285,37.558224 126.895209,37.558529 126.895193,37.558678 126.89519,37.559015 126.8952,37.55915 126.89526,37.559449 126.895342,37.559661 126.895537,37.560036 126.895737,37.560291 126.896275,37.560815 126.896461,37.560978 126.896682,37.561152 126.897065,37.561372 126.897304,37.56148 126.898029,37.561752</coordinates>    </LineString>   </Placemark>   <Placemark>    <tmap:index>6</tmap:index>    <tmap:lineIndex>6</tmap:lineIndex>    <styleUrl>#style2</styleUrl>    <tmap:id>1010381</tmap:id>    <name><![CDATA[월드컵로36길/1010381/352511]]></name>    <description><![CDATA[성원초교 에서 성산교통안전공단 방면 서행 / 20]]></description>    <tmap:congestion>2</tmap:congestion>    <tmap:direction>0</tmap:direction>    <tmap:roadType>004</tmap:roadType>    <tmap:startNodeName><![CDATA[성원초교]]></tmap:startNodeName>    <tmap:endNodeName><![CDATA[성산교통안전공단]]></tmap:endNodeName>    <tmap:distance>568</tmap:distance>    <tmap:time>102.24</tmap:time>    <tmap:speed>20</tmap:speed>    <LineString>     <coordinates>126.905919,37.56882 126.905902,37.568792 126.905878,37.568758 126.905843,37.568722 126.905364,37.568311 126.904371,37.56749 126.903855,37.567063 126.903314,37.566619 126.902544,37.565956 126.902312,37.565773 126.901576,37.56556 126.901523,37.565544 126.901455,37.565515 126.901404,37.565474</coordinates>    </LineString>   </Placemark>   <Placemark>    <tmap:index>7</tmap:index>    <tmap:lineIndex>7</tmap:lineIndex>    <styleUrl>#style2</styleUrl>    <tmap:id>1010382</tmap:id>    <name><![CDATA[월드컵로36길/1010382/352512]]></name>    <description><![CDATA[성산교통안전공단 에서 성원초교 방면 서행 / 20]]></description>    <tmap:congestion>2</tmap:congestion>    <tmap:direction>1</tmap:direction>    <tmap:roadType>004</tmap:roadType>    <tmap:startNodeName><![CDATA[성산교통안전공단]]></tmap:startNodeName>    <tmap:endNodeName><![CDATA[성원초교]]></tmap:endNodeName>    <tmap:distance>568</tmap:distance>    <tmap:time>102.24</tmap:time>    <tmap:speed>20</tmap:speed>    <LineString>     <coordinates>126.901481,37.565414 126.90152,37.565446 126.901569,37.565466 126.901614,37.56548 126.902371,37.565699 126.902622,37.565897 126.903392,37.56656 126.903933,37.567004 126.905442,37.568253 126.905926,37.568667 126.905969,37.568711 126.905997,37.568752 126.906016,37.568782</coordinates>    </LineString>   </Placemark>   <Placemark>    <tmap:index>8</tmap:index>    <tmap:lineIndex>8</tmap:lineIndex>    <styleUrl>#style3</styleUrl>    <tmap:id>1011291</tmap:id>    <name><![CDATA[월드컵로/1011291/352635]]></name>    <description><![CDATA[상암교 에서 성산교통안전공단 방면 지체 / 10]]></description>    <tmap:congestion>3</tmap:congestion>    <tmap:direction>0</tmap:direction>    <tmap:roadType>004</tmap:roadType>    <tmap:startNodeName><![CDATA[상암교]]></tmap:startNodeName>    <tmap:endNodeName><![CDATA[성산교통안전공단]]></tmap:endNodeName>    <tmap:distance>118</tmap:distance>    <tmap:time>42.48</tmap:time>    <tmap:speed>10</tmap:speed>    <LineString>     <coordinates>126.899155,37.566216 126.89931,37.566174 126.899965,37.565987 126.900095,37.565943 126.900138,37.565926 126.900571,37.565745 126.901418,37.565406</coordinates>    </LineString>   </Placemark>   <Placemark>    <tmap:index>9</tmap:index>    <tmap:lineIndex>9</tmap:lineIndex>    <styleUrl>#style1</styleUrl>    <tmap:id>1011292</tmap:id>    <name><![CDATA[월드컵로/1011292/352636]]></name>    <description><![CDATA[성산교통안전공단 에서 상암교 방면 원활 / 33]]></description>    <tmap:congestion>1</tmap:congestion>    <tmap:direction>1</tmap:direction>    <tmap:roadType>004</tmap:roadType>    <tmap:startNodeName><![CDATA[성산교통안전공단]]></tmap:startNodeName>    <tmap:endNodeName><![CDATA[상암교]]></tmap:endNodeName>    <tmap:distance>118</tmap:distance>    <tmap:time>12.87</tmap:time>    <tmap:speed>33</tmap:speed>    <LineString>     <coordinates>126.901467,37.565483 126.90062,37.565821 126.900187,37.566002 126.90014,37.566021 126.900004,37.566067 126.899346,37.566254 126.89919,37.566297</coordinates>    </LineString>   </Placemark>   <Placemark>    <tmap:index>10</tmap:index>    <tmap:lineIndex>10</tmap:lineIndex>    <styleUrl>#style2</styleUrl>    <tmap:id>1009502</tmap:id>    <name><![CDATA[성중길/1009502/352393]]></name>    <description><![CDATA[상암교 에서 중암교 방면 서행 / 25]]></description>    <tmap:congestion>2</tmap:congestion>    <tmap:direction>1</tmap:direction>    <tmap:roadType>004</tmap:roadType>    <tmap:startNodeName><![CDATA[상암교]]></tmap:startNodeName>    <tmap:endNodeName><![CDATA[중암교]]></tmap:endNodeName>    <tmap:distance>711</tmap:distance>    <tmap:time>102.38</tmap:time>    <tmap:speed>25</tmap:speed>    <LineString>     <coordinates>126.900167,37.565999 126.900155,37.566021 126.900136,37.566056 126.900125,37.566084 126.900119,37.566125 126.900301,37.569445 126.900482,37.572288</coordinates>    </LineString>   </Placemark>   <Placemark>    <tmap:index>11</tmap:index>    <tmap:lineIndex>11</tmap:lineIndex>    <styleUrl>#style2</styleUrl>    <tmap:id>1012292</tmap:id>    <name><![CDATA[성산로(서울)/1012292/352736]]></name>    <description><![CDATA[상암교입구 에서 마포구청역 방면 서행 / 21]]></description>    <tmap:congestion>2</tmap:congestion>    <tmap:direction>1</tmap:direction>    <tmap:roadType>004</tmap:roadType>    <tmap:startNodeName><![CDATA[상암교입구]]></tmap:startNodeName>    <tmap:endNodeName><![CDATA[마포구청역]]></tmap:endNodeName>    <tmap:distance>448</tmap:distance>    <tmap:time>76.80</tmap:time>    <tmap:speed>21</tmap:speed>    <LineString>     <coordinates>126.89893,37.561232 126.901694,37.562333 126.903888,37.562947</coordinates>    </LineString>   </Placemark>   <Placemark>    <tmap:index>12</tmap:index>    <tmap:lineIndex>12</tmap:lineIndex>    <styleUrl>#style2</styleUrl>    <tmap:id>1012301</tmap:id>    <name><![CDATA[월드컵로/1012301/352737]]></name>    <description><![CDATA[마포구청역 에서 망원우체국사거리 방면 서행 / 24]]></description>    <tmap:congestion>2</tmap:congestion>    <tmap:direction>0</tmap:direction>    <tmap:roadType>004</tmap:roadType>    <tmap:startNodeName><![CDATA[마포구청역]]></tmap:startNodeName>    <tmap:endNodeName><![CDATA[망원우체국사거리]]></tmap:endNodeName>    <tmap:distance>668</tmap:distance>    <tmap:time>100.20</tmap:time>    <tmap:speed>24</tmap:speed>    <LineString>     <coordinates>126.903827,37.562963 126.904334,37.562407 126.904689,37.562019 126.905461,37.561173 126.906033,37.560523 126.906403,37.560097 126.906854,37.559601 126.907097,37.559328 126.907687,37.558682 126.908258,37.558039</coordinates>    </LineString>   </Placemark>   <Placemark>    <tmap:index>13</tmap:index>    <tmap:lineIndex>13</tmap:lineIndex>    <styleUrl>#style2</styleUrl>    <tmap:id>1012302</tmap:id>    <name><![CDATA[월드컵로/1012302/352738]]></name>    <description><![CDATA[망원우체국사거리 에서 마포구청역 방면 서행 / 28]]></description>    <tmap:congestion>2</tmap:congestion>    <tmap:direction>1</tmap:direction>    <tmap:roadType>004</tmap:roadType>    <tmap:startNodeName><![CDATA[망원우체국사거리]]></tmap:startNodeName>    <tmap:endNodeName><![CDATA[마포구청역]]></tmap:endNodeName>    <tmap:distance>668</tmap:distance>    <tmap:time>85.88</tmap:time>    <tmap:speed>28</tmap:speed>    <LineString>     <coordinates>126.908346,37.558089 126.907775,37.558731 126.907184,37.559377 126.906941,37.55965 126.906491,37.560146 126.906122,37.560572 126.905549,37.561222 126.904777,37.562069 126.904422,37.562457 126.903914,37.563013</coordinates>    </LineString>   </Placemark>   <Placemark>    <tmap:index>14</tmap:index>    <tmap:lineIndex>14</tmap:lineIndex>    <styleUrl>#style1</styleUrl>    <tmap:id>1012422</tmap:id>    <name><![CDATA[내부순환로/1012422/352755]]></name>    <description><![CDATA[성산대교(내부순환진입) 에서 성산램프진입점 방면 원활 / 79]]></description>    <tmap:congestion>1</tmap:congestion>    <tmap:direction>0</tmap:direction>    <tmap:roadType>002</tmap:roadType>    <tmap:startNodeName><![CDATA[성산대교(내부순환진입)]]></tmap:startNodeName>    <tmap:endNodeName><![CDATA[성산램프진입점]]></tmap:endNodeName>    <tmap:distance>488</tmap:distance>    <tmap:time>22.23</tmap:time>    <tmap:speed>79</tmap:speed>    <LineString>     <coordinates>126.898022,37.56175 126.899401,37.562091 126.902345,37.562871</coordinates>    </LineString>   </Placemark>   <Placemark>    <tmap:index>15</tmap:index>    <tmap:lineIndex>15</tmap:lineIndex>    <styleUrl>#style1</styleUrl>    <tmap:id>1012571</tmap:id>    <name><![CDATA[성산로(서울)/1012571/417732]]></name>    <description><![CDATA[상암교입구 에서 성산대교북단입구 방면 원활 / 55]]></description>    <tmap:congestion>1</tmap:congestion>    <tmap:direction>0</tmap:direction>    <tmap:roadType>013</tmap:roadType>    <tmap:startNodeName><![CDATA[상암교입구]]></tmap:startNodeName>    <tmap:endNodeName><![CDATA[성산대교북단입구]]></tmap:endNodeName>    <tmap:distance>471</tmap:distance>    <tmap:time>30.82</tmap:time>    <tmap:speed>55</tmap:speed>    <LineString>     <coordinates>126.90095,37.562271 126.900352,37.56208399999999 126.899325,37.561684 126.898879,37.561495</coordinates>    </LineString>   </Placemark>   <Placemark>    <tmap:index>16</tmap:index>    <tmap:lineIndex>16</tmap:lineIndex>    <styleUrl>#style2</styleUrl>    <tmap:id>1011451</tmap:id>    <name><![CDATA[성산로(서울)/1011451/352661]]></name>    <description><![CDATA[성산제2교 에서 마포구청역 방면 서행 / 24]]></description>    <tmap:congestion>2</tmap:congestion>    <tmap:direction>0</tmap:direction>    <tmap:roadType>004</tmap:roadType>    <tmap:startNodeName><![CDATA[성산제2교]]></tmap:startNodeName>    <tmap:endNodeName><![CDATA[마포구청역]]></tmap:endNodeName>    <tmap:distance>843</tmap:distance>    <tmap:time>126.44</tmap:time>    <tmap:speed>24</tmap:speed>    <LineString>     <coordinates>126.911769,37.565335 126.911048,37.565127 126.910829,37.565065 126.907825,37.564249 126.907609,37.56418 126.90727,37.564069 126.905545,37.563507 126.903852,37.563028</coordinates>    </LineString>   </Placemark>   <Placemark>    <tmap:index>17</tmap:index>    <tmap:lineIndex>17</tmap:lineIndex>    <styleUrl>#style1</styleUrl>    <tmap:id>1011452</tmap:id>    <name><![CDATA[성산로(서울)/1011452/352662]]></name>    <description><![CDATA[마포구청역 에서 성산제2교 방면 원활 / 38]]></description>    <tmap:congestion>1</tmap:congestion>    <tmap:direction>1</tmap:direction>    <tmap:roadType>004</tmap:roadType>    <tmap:startNodeName><![CDATA[마포구청역]]></tmap:startNodeName>    <tmap:endNodeName><![CDATA[성산제2교]]></tmap:endNodeName>    <tmap:distance>843</tmap:distance>    <tmap:time>79.86</tmap:time>    <tmap:speed>38</tmap:speed>    <LineString>     <coordinates>126.903888,37.562947 126.905583,37.563427 126.907311,37.56399 126.90765,37.564101 126.907862,37.564169 126.910865,37.564984 126.911085,37.565047 126.911806,37.565255</coordinates>    </LineString>   </Placemark>   <Placemark>    <tmap:index>18</tmap:index>    <tmap:lineIndex>18</tmap:lineIndex>    <styleUrl>#style1</styleUrl>    <tmap:id>1054551</tmap:id>    <name><![CDATA[모래내로/1054551/355524]]></name>    <description><![CDATA[성산1교 에서 성산제2교 방면 원활 / 38]]></description>    <tmap:congestion>1</tmap:congestion>    <tmap:direction>1</tmap:direction>    <tmap:roadType>004</tmap:roadType>    <tmap:startNodeName><![CDATA[성산1교]]></tmap:startNodeName>    <tmap:endNodeName><![CDATA[성산제2교]]></tmap:endNodeName>    <tmap:distance>756</tmap:distance>    <tmap:time>71.62</tmap:time>    <tmap:speed>38</tmap:speed>    <LineString>     <coordinates>126.903168,37.563749 126.903542,37.563824 126.904526,37.564072 126.905844,37.564404 126.906359,37.564524 126.907323,37.564748 126.907578,37.564789 126.908007,37.564875 126.908675,37.564979 126.908868,37.565028 126.90929,37.565181 126.910579,37.565588 126.911272,37.565848</coordinates>    </LineString>   </Placemark>   <Placemark>    <tmap:index>19</tmap:index>    <tmap:lineIndex>19</tmap:lineIndex>    <styleUrl>#style2</styleUrl>    <tmap:id>1054552</tmap:id>    <name><![CDATA[모래내로/1054552/355525]]></name>    <description><![CDATA[성산제2교 에서 성산1교 방면 서행 / 22]]></description>    <tmap:congestion>2</tmap:congestion>    <tmap:direction>0</tmap:direction>    <tmap:roadType>004</tmap:roadType>    <tmap:startNodeName><![CDATA[성산제2교]]></tmap:startNodeName>    <tmap:endNodeName><![CDATA[성산1교]]></tmap:endNodeName>    <tmap:distance>756</tmap:distance>    <tmap:time>123.70</tmap:time>    <tmap:speed>22</tmap:speed>    <LineString>     <coordinates>126.911226,37.565925 126.910536,37.565667 126.909248,37.565259 126.908829,37.565108 126.908648,37.565062 126.907983,37.564958 126.907554,37.564872 126.907297,37.564831 126.906329,37.564606 126.905813,37.564486 126.904494,37.564154 126.903512,37.563907 126.903141,37.563832</coordinates>    </LineString>   </Placemark>   <Placemark>    <tmap:index>20</tmap:index>    <tmap:lineIndex>20</tmap:lineIndex>    <styleUrl>#style1</styleUrl>    <tmap:id>1054561</tmap:id>    <name><![CDATA[월드컵로/1054561/355526]]></name>    <description><![CDATA[마포구청역 에서 성산1교 방면 원활 / 36]]></description>    <tmap:congestion>1</tmap:congestion>    <tmap:direction>1</tmap:direction>    <tmap:roadType>004</tmap:roadType>    <tmap:startNodeName><![CDATA[마포구청역]]></tmap:startNodeName>    <tmap:endNodeName><![CDATA[성산1교]]></tmap:endNodeName>    <tmap:distance>109</tmap:distance>    <tmap:time>10.90</tmap:time>    <tmap:speed>36</tmap:speed>    <LineString>     <coordinates>126.903915,37.563012 126.903854,37.563081 126.903281,37.563722 126.903198,37.563815</coordinates>    </LineString>   </Placemark>   <Placemark>    <tmap:index>21</tmap:index>    <tmap:lineIndex>21</tmap:lineIndex>    <styleUrl>#style1</styleUrl>    <tmap:id>1009642</tmap:id>    <name><![CDATA[내부순환로/1009642/352412]]></name>    <description><![CDATA[성산램프진입점 에서 연희램프진입(내부순환) 방면 원활 / 80]]></description>    <tmap:congestion>1</tmap:congestion>    <tmap:direction>0</tmap:direction>    <tmap:roadType>004</tmap:roadType>    <tmap:startNodeName><![CDATA[성산램프진입점]]></tmap:startNodeName>    <tmap:endNodeName><![CDATA[연희램프진입(내부순환)]]></tmap:endNodeName>    <tmap:distance>2151</tmap:distance>    <tmap:time>96.79</tmap:time>    <tmap:speed>80</tmap:speed>    <LineString>     <coordinates>126.902345,37.562871 126.906882,37.564146 126.914172,37.566156 126.914549,37.566289 126.91491,37.566466 126.915234,37.566609 126.915878,37.566965 126.916505,37.567403 126.916969,37.567787 126.917205,37.568017 126.917493,37.568334 126.918128,37.568994 126.918349,37.569207 126.918599,37.569425 126.918847,37.569626 126.919957,37.570433 126.921775,37.571818 126.922741,37.572538</coordinates>    </LineString>   </Placemark>   <Placemark>    <tmap:index>22</tmap:index>    <tmap:lineIndex>22</tmap:lineIndex>    <styleUrl>#style1</styleUrl>    <tmap:id>1010392</tmap:id>    <name><![CDATA[월드컵북로/1010392/352513]]></name>    <description><![CDATA[성산제2교 에서 성원초교 방면 원활 / 35]]></description>    <tmap:congestion>1</tmap:congestion>    <tmap:direction>1</tmap:direction>    <tmap:roadType>004</tmap:roadType>    <tmap:startNodeName><![CDATA[성산제2교]]></tmap:startNodeName>    <tmap:endNodeName><![CDATA[성원초교]]></tmap:endNodeName>    <tmap:distance>561</tmap:distance>    <tmap:time>57.70</tmap:time>    <tmap:speed>35</tmap:speed>    <LineString>     <coordinates>126.911292,37.565911 126.910538,37.566723 126.909965,37.567238 126.909904,37.567284 126.90975,37.567382 126.909559,37.567501 126.908603,37.567914 126.907953,37.568172 126.907415,37.568359 126.907362,37.568384 126.904873,37.56934 126.904542,37.569487</coordinates>    </LineString>   </Placemark>   <Placemark>    <tmap:index>23</tmap:index>    <tmap:lineIndex>23</tmap:lineIndex>    <styleUrl>#style2</styleUrl>    <tmap:id>1010391</tmap:id>    <name><![CDATA[월드컵북로/1010391/417698]]></name>    <description><![CDATA[성원초교 에서 성산제2교 방면 서행 / 20]]></description>    <tmap:congestion>2</tmap:congestion>    <tmap:direction>0</tmap:direction>    <tmap:roadType>004</tmap:roadType>    <tmap:startNodeName><![CDATA[성원초교]]></tmap:startNodeName>    <tmap:endNodeName><![CDATA[성산제2교]]></tmap:endNodeName>    <tmap:distance>561</tmap:distance>    <tmap:time>100.98</tmap:time>    <tmap:speed>20</tmap:speed>    <LineString>     <coordinates>126.907368,37.568282 126.907907,37.568094 126.908553,37.567838 126.9095,37.567429 126.909683,37.567315 126.909832,37.56722 126.909887,37.567179 126.910455,37.566669 126.911206,37.565861 126.91134,37.565715 126.91159,37.565439 126.911744,37.56527</coordinates>    </LineString>   </Placemark>   <Placemark>    <tmap:index>24</tmap:index>    <tmap:lineIndex>24</tmap:lineIndex>    <styleUrl>#style1</styleUrl>    <tmap:id>1011611</tmap:id>    <name><![CDATA[내부순환로/1011611/352679]]></name>    <description><![CDATA[성산램프진출점 에서 성산대교(강변북로진출) 방면 원활 / 77]]></description>    <tmap:congestion>1</tmap:congestion>    <tmap:direction>1</tmap:direction>    <tmap:roadType>004</tmap:roadType>    <tmap:startNodeName><![CDATA[성산램프진출점]]></tmap:startNodeName>    <tmap:endNodeName><![CDATA[성산대교(강변북로진출)]]></tmap:endNodeName>    <tmap:distance>1360</tmap:distance>    <tmap:time>63.58</tmap:time>    <tmap:speed>77</tmap:speed>    <LineString>     <coordinates>126.909075,37.564982 126.898401,37.562026</coordinates>    </LineString>   </Placemark>   <Placemark>    <tmap:index>25</tmap:index>    <tmap:lineIndex>25</tmap:lineIndex>    <styleUrl>#style1</styleUrl>    <tmap:id>1012291</tmap:id>    <name><![CDATA[성산로(서울)/1012291/352735]]></name>    <description><![CDATA[마포구청역 에서 상암교입구 방면 원활 / 35]]></description>    <tmap:congestion>1</tmap:congestion>    <tmap:direction>0</tmap:direction>    <tmap:roadType>004</tmap:roadType>    <tmap:startNodeName><![CDATA[마포구청역]]></tmap:startNodeName>    <tmap:endNodeName><![CDATA[상암교입구]]></tmap:endNodeName>    <tmap:distance>448</tmap:distance>    <tmap:time>46.08</tmap:time>    <tmap:speed>35</tmap:speed>    <LineString>     <coordinates>126.903852,37.563028 126.901657,37.562413 126.900957,37.562273</coordinates>    </LineString>   </Placemark>   <Placemark>    <tmap:index>26</tmap:index>    <tmap:lineIndex>26</tmap:lineIndex>    <styleUrl>#style1</styleUrl>    <tmap:id>1054562</tmap:id>    <name><![CDATA[월드컵로/1054562/355527]]></name>    <description><![CDATA[성산1교 에서 마포구청역 방면 원활 / 36]]></description>    <tmap:congestion>1</tmap:congestion>    <tmap:direction>0</tmap:direction>    <tmap:roadType>004</tmap:roadType>    <tmap:startNodeName><![CDATA[성산1교]]></tmap:startNodeName>    <tmap:endNodeName><![CDATA[마포구청역]]></tmap:endNodeName>    <tmap:distance>109</tmap:distance>    <tmap:time>10.90</tmap:time>    <tmap:speed>36</tmap:speed>    <LineString>     <coordinates>126.90311,37.563766 126.903193,37.563673 126.903766,37.563032 126.903826,37.562963</coordinates>    </LineString>   </Placemark>   <Placemark>    <tmap:index>27</tmap:index>    <tmap:lineIndex>27</tmap:lineIndex>    <styleUrl>#style2</styleUrl>    <tmap:id>1054571</tmap:id>    <name><![CDATA[월드컵로/1054571/355528]]></name>    <description><![CDATA[성산1교 에서 성산교통안전공단 방면 서행 / 24]]></description>    <tmap:congestion>2</tmap:congestion>    <tmap:direction>1</tmap:direction>    <tmap:roadType>004</tmap:roadType>    <tmap:startNodeName><![CDATA[성산1교]]></tmap:startNodeName>    <tmap:endNodeName><![CDATA[성산교통안전공단]]></tmap:endNodeName>    <tmap:distance>238</tmap:distance>    <tmap:time>35.69</tmap:time>    <tmap:speed>24</tmap:speed>    <LineString>     <coordinates>126.903197,37.563817 126.902578,37.564462 126.90201,37.565078 126.901699,37.565345 126.901548,37.565441 126.901471,37.56548</coordinates>    </LineString>   </Placemark>   <Placemark>    <tmap:index>28</tmap:index>    <tmap:lineIndex>28</tmap:lineIndex>    <styleUrl>#style1</styleUrl>    <tmap:id>1054572</tmap:id>    <name><![CDATA[월드컵로/1054572/355529]]></name>    <description><![CDATA[성산교통안전공단 에서 성산1교 방면 원활 / 43]]></description>    <tmap:congestion>1</tmap:congestion>    <tmap:direction>0</tmap:direction>    <tmap:roadType>004</tmap:roadType>    <tmap:startNodeName><![CDATA[성산교통안전공단]]></tmap:startNodeName>    <tmap:endNodeName><![CDATA[성산1교]]></tmap:endNodeName>    <tmap:distance>238</tmap:distance>    <tmap:time>19.92</tmap:time>    <tmap:speed>43</tmap:speed>    <LineString>     <coordinates>126.901413,37.565408 126.901485,37.565372 126.901625,37.565282 126.901927,37.565024 126.902492,37.564411 126.903111,37.563765</coordinates>    </LineString>   </Placemark>   <Placemark>    <tmap:index>29</tmap:index>    <tmap:lineIndex>29</tmap:lineIndex>    <styleUrl>#style1</styleUrl>    <tmap:id>1052881</tmap:id>    <name><![CDATA[성암로(서울)/1052881/355467]]></name>    <description><![CDATA[연남교 에서 상암초교입구 방면 원활 / 39]]></description>    <tmap:congestion>1</tmap:congestion>    <tmap:direction>0</tmap:direction>    <tmap:roadType>004</tmap:roadType>    <tmap:startNodeName><![CDATA[연남교]]></tmap:startNodeName>    <tmap:endNodeName><![CDATA[상암초교입구]]></tmap:endNodeName>    <tmap:distance>2400</tmap:distance>    <tmap:time>221.53</tmap:time>    <tmap:speed>39</tmap:speed>    <LineString>     <coordinates>126.916845,37.567426 126.916036,37.567812 126.915851,37.567902 126.915404,37.568103 126.913105,37.569002 126.911436,37.569689 126.910459,37.570085 126.909212,37.570624 126.908823,37.57081 126.907932,37.57127 126.907108,37.571735 126.905732,37.572516 126.904156,37.573433 126.903226,37.573977 126.903063,37.574075 126.90259,37.574362 126.900916,37.575353 126.900237,37.575777 126.899495,37.576231 126.898672,37.576796 126.897762,37.577411 126.89682,37.578086 126.896356,37.578389 126.895577,37.578854 126.894654,37.579415</coordinates>    </LineString>   </Placemark>   <Placemark>    <tmap:index>30</tmap:index>    <tmap:lineIndex>30</tmap:lineIndex>    <styleUrl>#style1</styleUrl>    <tmap:id>1052882</tmap:id>    <name><![CDATA[성암로(서울)/1052882/355468]]></name>    <description><![CDATA[상암초교입구 에서 연남교 방면 원활 / 39]]></description>    <tmap:congestion>1</tmap:congestion>    <tmap:direction>1</tmap:direction>    <tmap:roadType>004</tmap:roadType>    <tmap:startNodeName><![CDATA[상암초교입구]]></tmap:startNodeName>    <tmap:endNodeName><![CDATA[연남교]]></tmap:endNodeName>    <tmap:distance>2400</tmap:distance>    <tmap:time>221.53</tmap:time>    <tmap:speed>39</tmap:speed>    <LineString>     <coordinates>126.894588,37.579347 126.895512,37.578786 126.896289,37.578322 126.896749,37.578022 126.89769,37.577347 126.898602,37.576732 126.899426,37.576165 126.900171,37.575709 126.90085,37.575285 126.902525,37.574294 126.902998,37.574007 126.903161,37.573908 126.904092,37.573364 126.905669,37.572446 126.907046,37.571666 126.907872,37.5712 126.908765,37.570738 126.909158,37.57055 126.910408,37.570009 126.911386,37.569613 126.913056,37.568926 126.915354,37.568027 126.915796,37.567829 126.91598,37.567739 126.916789,37.567352</coordinates>    </LineString>   </Placemark>  </Document> </kml> 