<?xml version="1.0" encoding="UTF-8"?> <kml xmlns="http://www.opengis.net/kml/2.2"  xmlns:xsi="http://www.w3.org/2001/XMLSchema-instance"  xsi:schemaLocation="http://schemas.opengis.net/kml/2.2.0/ogckml22.xsd"   xmlns:tmap="http://tlp.tmap.co.kr/">  <Document>   <Style id="accPoint">    <IconStyle>     <scale>1.5</scale>     <Icon>      <href>http://www.allnew2013altima.com/imggallery/134/icon-poi.png</href>     </Icon>    </IconStyle>   </Style>   <Style id="style0">    <LineStyle>     <color>FF828287</color>     <width>4</width>    </LineStyle>   </Style>   <Style id="style1">    <LineStyle>     <color>FF45D51D</color>     <width>4</width>    </LineStyle>   </Style>   <Style id="style2">    <LineStyle>     <color>FF01C6FF</color>     <width>4</width>    </LineStyle>   </Style>   <Style id="style3">    <LineStyle>     <color>FF0084FF</color>     <width>4</width>    </LineStyle>   </Style>   <Style id="style4">    <LineStyle>     <color>FF1E33FF</color>     <width>4</width>    </LineStyle>   </Style>  <tmap:updateTime>201707162340</tmap:updateTime>   <Placemark>    <tmap:index>0</tmap:index>    <tmap:lineIndex>0</tmap:lineIndex>    <styleUrl>#style1</styleUrl>    <tmap:id>1009171</tmap:id>    <name><![CDATA[증산로/1009171/352342]]></name>    <description><![CDATA[상암사거리 에서 월드컵경기장사거리 방면 원활 / 44]]></description>    <tmap:congestion>1</tmap:congestion>    <tmap:direction>0</tmap:direction>    <tmap:roadType>004</tmap:roadType>    <tmap:startNodeName><![CDATA[상암사거리]]></tmap:startNodeName>    <tmap:endNodeName><![CDATA[월드컵경기장사거리]]></tmap:endNodeName>    <tmap:distance>714</tmap:distance>    <tmap:time>58.41</tmap:time>    <tmap:speed>44</tmap:speed>    <LineString>     <coordinates>126.898787,37.573423 126.898606,37.573247 126.898588,37.573231 126.898557,37.573221 126.8985,37.57318 126.898435,37.57313 126.89813,37.572818 126.896972,37.571532 126.896159,37.570654 126.895412,37.569872 126.895202,37.569491 126.895101,37.569374 126.894558,37.568752 126.894458,37.568649 126.894008,37.568175 126.893579,37.567686</coordinates>    </LineString>   </Placemark>   <Placemark>    <tmap:index>1</tmap:index>    <tmap:lineIndex>1</tmap:lineIndex>    <styleUrl>#style1</styleUrl>    <tmap:id>1009172</tmap:id>    <name><![CDATA[증산로/1009172/352343]]></name>    <description><![CDATA[월드컵경기장사거리 에서 상암사거리 방면 원활 / 30]]></description>    <tmap:congestion>1</tmap:congestion>    <tmap:direction>1</tmap:direction>    <tmap:roadType>004</tmap:roadType>    <tmap:startNodeName><![CDATA[월드컵경기장사거리]]></tmap:startNodeName>    <tmap:endNodeName><![CDATA[상암사거리]]></tmap:endNodeName>    <tmap:distance>714</tmap:distance>    <tmap:time>85.68</tmap:time>    <tmap:speed>30</tmap:speed>    <LineString>     <coordinates>126.893667,37.567637 126.894095,37.568125 126.894543,37.568597 126.894645,37.568702 126.89519,37.569326 126.89529,37.569442 126.895679,37.569711 126.896406,37.570541 126.898371,37.572681 126.898623,37.573035 126.898648,37.573111 126.898664,37.573162 126.898669,37.573174 126.898688,37.573191 126.898871,37.573369</coordinates>    </LineString>   </Placemark>   <Placemark>    <tmap:index>2</tmap:index>    <tmap:lineIndex>2</tmap:lineIndex>    <styleUrl>#style2</styleUrl>    <tmap:id>1009231</tmap:id>    <name><![CDATA[월드컵로/1009231/352352]]></name>    <description><![CDATA[하늘공원 에서 월드컵경기장사거리 방면 서행 / 28]]></description>    <tmap:congestion>2</tmap:congestion>    <tmap:direction>0</tmap:direction>    <tmap:roadType>004</tmap:roadType>    <tmap:startNodeName><![CDATA[하늘공원]]></tmap:startNodeName>    <tmap:endNodeName><![CDATA[월드컵경기장사거리]]></tmap:endNodeName>    <tmap:distance>997</tmap:distance>    <tmap:time>128.18</tmap:time>    <tmap:speed>28</tmap:speed>    <LineString>     <coordinates>126.888126,37.573002 126.888355,37.572773 126.889413,37.57135 126.889699,37.570998 126.890681,37.569967 126.891201,37.569482 126.892018,37.568766 126.893146,37.567941 126.893587,37.56763</coordinates>    </LineString>   </Placemark>   <Placemark>    <tmap:index>3</tmap:index>    <tmap:lineIndex>3</tmap:lineIndex>    <styleUrl>#style1</styleUrl>    <tmap:id>1009232</tmap:id>    <name><![CDATA[월드컵로/1009232/352353]]></name>    <description><![CDATA[월드컵경기장사거리 에서 하늘공원 방면 원활 / 31]]></description>    <tmap:congestion>1</tmap:congestion>    <tmap:direction>1</tmap:direction>    <tmap:roadType>004</tmap:roadType>    <tmap:startNodeName><![CDATA[월드컵경기장사거리]]></tmap:startNodeName>    <tmap:endNodeName><![CDATA[하늘공원]]></tmap:endNodeName>    <tmap:distance>997</tmap:distance>    <tmap:time>115.78</tmap:time>    <tmap:speed>31</tmap:speed>    <LineString>     <coordinates>126.893659,37.567694 126.893218,37.568004 126.892094,37.568827 126.891282,37.569538 126.890765,37.570021 126.889787,37.571047 126.889505,37.571394 126.888444,37.572821 126.888211,37.573055</coordinates>    </LineString>   </Placemark>   <Placemark>    <tmap:index>4</tmap:index>    <tmap:lineIndex>4</tmap:lineIndex>    <styleUrl>#style2</styleUrl>    <tmap:id>1057141</tmap:id>    <name><![CDATA[월드컵북로/1057141/355896]]></name>    <description><![CDATA[월드컵파크1단지 에서 상암사거리 방면 서행 / 25]]></description>    <tmap:congestion>2</tmap:congestion>    <tmap:direction>0</tmap:direction>    <tmap:roadType>004</tmap:roadType>    <tmap:startNodeName><![CDATA[월드컵파크1단지]]></tmap:startNodeName>    <tmap:endNodeName><![CDATA[상암사거리]]></tmap:endNodeName>    <tmap:distance>445</tmap:distance>    <tmap:time>64.08</tmap:time>    <tmap:speed>25</tmap:speed>    <LineString>     <coordinates>126.894737,37.575734 126.895067,37.575549 126.895337,37.575396 126.89543,37.575344 126.895801,37.575136 126.897358,37.574231 126.898451,37.573541 126.8988,37.57336</coordinates>    </LineString>   </Placemark>   <Placemark>    <tmap:index>5</tmap:index>    <tmap:lineIndex>5</tmap:lineIndex>    <styleUrl>#style2</styleUrl>    <tmap:id>1057142</tmap:id>    <name><![CDATA[월드컵북로/1057142/355897]]></name>    <description><![CDATA[상암사거리 에서 월드컵파크1단지 방면 서행 / 26]]></description>    <tmap:congestion>2</tmap:congestion>    <tmap:direction>1</tmap:direction>    <tmap:roadType>004</tmap:roadType>    <tmap:startNodeName><![CDATA[상암사거리]]></tmap:startNodeName>    <tmap:endNodeName><![CDATA[월드컵파크1단지]]></tmap:endNodeName>    <tmap:distance>445</tmap:distance>    <tmap:time>61.61</tmap:time>    <tmap:speed>26</tmap:speed>    <LineString>     <coordinates>126.898859,37.573431 126.898515,37.57361 126.897423,37.574299 126.895864,37.575206 126.895492,37.575414 126.8954,37.575465 126.895129,37.575619 126.894799,37.575804</coordinates>    </LineString>   </Placemark>   <Placemark>    <tmap:index>6</tmap:index>    <tmap:lineIndex>6</tmap:lineIndex>    <styleUrl>#style1</styleUrl>    <tmap:id>1007911</tmap:id>    <name><![CDATA[수색로/1007911/352170]]></name>    <description><![CDATA[수색성당입구 에서 증산교 방면 원활 / 45]]></description>    <tmap:congestion>1</tmap:congestion>    <tmap:direction>0</tmap:direction>    <tmap:roadType>004</tmap:roadType>    <tmap:startNodeName><![CDATA[수색성당입구]]></tmap:startNodeName>    <tmap:endNodeName><![CDATA[증산교]]></tmap:endNodeName>    <tmap:distance>490</tmap:distance>    <tmap:time>39.20</tmap:time>    <tmap:speed>45</tmap:speed>    <LineString>     <coordinates>126.899669,37.579473 126.899815,37.579391 126.900569,37.578933 126.900804,37.57878 126.901003,37.57862 126.901082,37.578558 126.901684,37.578039 126.903177,37.576637 126.903302,37.576524</coordinates>    </LineString>   </Placemark>   <Placemark>    <tmap:index>7</tmap:index>    <tmap:lineIndex>7</tmap:lineIndex>    <styleUrl>#style2</styleUrl>    <tmap:id>1007912</tmap:id>    <name><![CDATA[수색로/1007912/352171]]></name>    <description><![CDATA[증산교 에서 수색성당입구 방면 서행 / 21]]></description>    <tmap:congestion>2</tmap:congestion>    <tmap:direction>1</tmap:direction>    <tmap:roadType>004</tmap:roadType>    <tmap:startNodeName><![CDATA[증산교]]></tmap:startNodeName>    <tmap:endNodeName><![CDATA[수색성당입구]]></tmap:endNodeName>    <tmap:distance>490</tmap:distance>    <tmap:time>84.00</tmap:time>    <tmap:speed>21</tmap:speed>    <LineString>     <coordinates>126.903063,37.577193 126.902923,37.577327 126.902237,37.577912 126.901849,37.578257 126.901379,37.57871 126.901154,37.578905 126.89997,37.579631</coordinates>    </LineString>   </Placemark>   <Placemark>    <tmap:index>8</tmap:index>    <tmap:lineIndex>8</tmap:lineIndex>    <styleUrl>#style1</styleUrl>    <tmap:id>1008161</tmap:id>    <name><![CDATA[증산로/1008161/417644]]></name>    <description><![CDATA[증산교차로 에서 상암사거리 방면 원활 / 47]]></description>    <tmap:congestion>1</tmap:congestion>    <tmap:direction>0</tmap:direction>    <tmap:roadType>004</tmap:roadType>    <tmap:startNodeName><![CDATA[증산교차로]]></tmap:startNodeName>    <tmap:endNodeName><![CDATA[상암사거리]]></tmap:endNodeName>    <tmap:distance>696</tmap:distance>    <tmap:time>53.31</tmap:time>    <tmap:speed>47</tmap:speed>    <LineString>     <coordinates>126.9041,37.578695 126.903788,37.57836499999999 126.901793,37.576563 126.901083,37.57585699999999 126.900401,37.575195 126.899437,37.574106 126.899093,37.573739 126.898786,37.573422</coordinates>    </LineString>   </Placemark>   <Placemark>    <tmap:index>9</tmap:index>    <tmap:lineIndex>9</tmap:lineIndex>    <styleUrl>#style1</styleUrl>    <tmap:id>1008162</tmap:id>    <name><![CDATA[증산로/1008162/352210]]></name>    <description><![CDATA[상암사거리 에서 증산교차로 방면 원활 / 60]]></description>    <tmap:congestion>1</tmap:congestion>    <tmap:direction>1</tmap:direction>    <tmap:roadType>013</tmap:roadType>    <tmap:startNodeName><![CDATA[상암사거리]]></tmap:startNodeName>    <tmap:endNodeName><![CDATA[증산교차로]]></tmap:endNodeName>    <tmap:distance>696</tmap:distance>    <tmap:time>41.76</tmap:time>    <tmap:speed>60</tmap:speed>    <LineString>     <coordinates>126.898872,37.57337 126.89918,37.573688 126.899524,37.574056 126.900487,37.575143 126.901167,37.575803 126.901876,37.576508 126.90387,37.57831</coordinates>    </LineString>   </Placemark>   <Placemark>    <tmap:index>10</tmap:index>    <tmap:lineIndex>10</tmap:lineIndex>    <styleUrl>#style2</styleUrl>    <tmap:id>1009152</tmap:id>    <name><![CDATA[월드컵북로/1009152/352341]]></name>    <description><![CDATA[중암교 에서 상암사거리 방면 서행 / 22]]></description>    <tmap:congestion>2</tmap:congestion>    <tmap:direction>1</tmap:direction>    <tmap:roadType>004</tmap:roadType>    <tmap:startNodeName><![CDATA[중암교]]></tmap:startNodeName>    <tmap:endNodeName><![CDATA[상암사거리]]></tmap:endNodeName>    <tmap:distance>193</tmap:distance>    <tmap:time>31.58</tmap:time>    <tmap:speed>22</tmap:speed>    <LineString>     <coordinates>126.900465,37.572322 126.899721,37.572863 126.89916,37.573226 126.898864,37.573428</coordinates>    </LineString>   </Placemark>   <Placemark>    <tmap:index>11</tmap:index>    <tmap:lineIndex>11</tmap:lineIndex>    <styleUrl>#style1</styleUrl>    <tmap:id>1052881</tmap:id>    <name><![CDATA[성암로(서울)/1052881/355467]]></name>    <description><![CDATA[연남교 에서 상암초교입구 방면 원활 / 39]]></description>    <tmap:congestion>1</tmap:congestion>    <tmap:direction>0</tmap:direction>    <tmap:roadType>004</tmap:roadType>    <tmap:startNodeName><![CDATA[연남교]]></tmap:startNodeName>    <tmap:endNodeName><![CDATA[상암초교입구]]></tmap:endNodeName>    <tmap:distance>2400</tmap:distance>    <tmap:time>221.53</tmap:time>    <tmap:speed>39</tmap:speed>    <LineString>     <coordinates>126.916845,37.567426 126.916036,37.567812 126.915851,37.567902 126.915404,37.568103 126.913105,37.569002 126.911436,37.569689 126.910459,37.570085 126.909212,37.570624 126.908823,37.57081 126.907932,37.57127 126.907108,37.571735 126.905732,37.572516 126.904156,37.573433 126.903226,37.573977 126.903063,37.574075 126.90259,37.574362 126.900916,37.575353 126.900237,37.575777 126.899495,37.576231 126.898672,37.576796 126.897762,37.577411 126.89682,37.578086 126.896356,37.578389 126.895577,37.578854 126.894654,37.579415</coordinates>    </LineString>   </Placemark>   <Placemark>    <tmap:index>12</tmap:index>    <tmap:lineIndex>12</tmap:lineIndex>    <styleUrl>#style1</styleUrl>    <tmap:id>1052882</tmap:id>    <name><![CDATA[성암로(서울)/1052882/355468]]></name>    <description><![CDATA[상암초교입구 에서 연남교 방면 원활 / 39]]></description>    <tmap:congestion>1</tmap:congestion>    <tmap:direction>1</tmap:direction>    <tmap:roadType>004</tmap:roadType>    <tmap:startNodeName><![CDATA[상암초교입구]]></tmap:startNodeName>    <tmap:endNodeName><![CDATA[연남교]]></tmap:endNodeName>    <tmap:distance>2400</tmap:distance>    <tmap:time>221.53</tmap:time>    <tmap:speed>39</tmap:speed>    <LineString>     <coordinates>126.894588,37.579347 126.895512,37.578786 126.896289,37.578322 126.896749,37.578022 126.89769,37.577347 126.898602,37.576732 126.899426,37.576165 126.900171,37.575709 126.90085,37.575285 126.902525,37.574294 126.902998,37.574007 126.903161,37.573908 126.904092,37.573364 126.905669,37.572446 126.907046,37.571666 126.907872,37.5712 126.908765,37.570738 126.909158,37.57055 126.910408,37.570009 126.911386,37.569613 126.913056,37.568926 126.915354,37.568027 126.915796,37.567829 126.91598,37.567739 126.916789,37.567352</coordinates>    </LineString>   </Placemark>   <Placemark>    <tmap:index>13</tmap:index>    <tmap:lineIndex>13</tmap:lineIndex>    <styleUrl>#style1</styleUrl>    <tmap:id>1007631</tmap:id>    <name><![CDATA[수색로/1007631/352123]]></name>    <description><![CDATA[수색역 에서 수색성당입구 방면 원활 / 44]]></description>    <tmap:congestion>1</tmap:congestion>    <tmap:direction>0</tmap:direction>    <tmap:roadType>004</tmap:roadType>    <tmap:startNodeName><![CDATA[수색역]]></tmap:startNodeName>    <tmap:endNodeName><![CDATA[수색성당입구]]></tmap:endNodeName>    <tmap:distance>474</tmap:distance>    <tmap:time>38.78</tmap:time>    <tmap:speed>44</tmap:speed>    <LineString>     <coordinates>126.895379,37.582024 126.897602,37.580715 126.899667,37.579474</coordinates>    </LineString>   </Placemark>   <Placemark>    <tmap:index>14</tmap:index>    <tmap:lineIndex>14</tmap:lineIndex>    <styleUrl>#style1</styleUrl>    <tmap:id>1007632</tmap:id>    <name><![CDATA[수색로/1007632/352124]]></name>    <description><![CDATA[수색성당입구 에서 수색역 방면 원활 / 45]]></description>    <tmap:congestion>1</tmap:congestion>    <tmap:direction>1</tmap:direction>    <tmap:roadType>004</tmap:roadType>    <tmap:startNodeName><![CDATA[수색성당입구]]></tmap:startNodeName>    <tmap:endNodeName><![CDATA[수색역]]></tmap:endNodeName>    <tmap:distance>474</tmap:distance>    <tmap:time>37.91</tmap:time>    <tmap:speed>45</tmap:speed>    <LineString>     <coordinates>126.899969,37.579631 126.89861,37.580429 126.897883,37.580873 126.896869,37.581464 126.896783,37.581514 126.896679,37.581574 126.896648,37.581595 126.895515,37.582265</coordinates>    </LineString>   </Placemark>   <Placemark>    <tmap:index>15</tmap:index>    <tmap:lineIndex>15</tmap:lineIndex>    <styleUrl>#style3</styleUrl>    <tmap:id>1007721</tmap:id>    <name><![CDATA[증산서길/1007721/352141]]></name>    <description><![CDATA[증산초교 에서 수색성당입구 방면 지체 / 15]]></description>    <tmap:congestion>3</tmap:congestion>    <tmap:direction>0</tmap:direction>    <tmap:roadType>004</tmap:roadType>    <tmap:startNodeName><![CDATA[증산초교]]></tmap:startNodeName>    <tmap:endNodeName><![CDATA[수색성당입구]]></tmap:endNodeName>    <tmap:distance>502</tmap:distance>    <tmap:time>120.47</tmap:time>    <tmap:speed>15</tmap:speed>    <LineString>     <coordinates>126.904516,37.581372 126.90416,37.580989 126.904005,37.580856 126.903664,37.580645 126.902602,37.579966 126.902046,37.579628 126.901597,37.57936 126.901484,37.579312 126.901422,37.579303 126.901394,37.5793 126.90135,37.579304 126.901269,37.579322 126.900467,37.57957 126.90021,37.579622 126.899989,37.579645 126.899931,37.579639</coordinates>    </LineString>   </Placemark>   <Placemark>    <tmap:index>16</tmap:index>    <tmap:lineIndex>16</tmap:lineIndex>    <styleUrl>#style2</styleUrl>    <tmap:id>1007722</tmap:id>    <name><![CDATA[증산서길/1007722/352142]]></name>    <description><![CDATA[수색성당입구 에서 증산초교 방면 서행 / 23]]></description>    <tmap:congestion>2</tmap:congestion>    <tmap:direction>1</tmap:direction>    <tmap:roadType>004</tmap:roadType>    <tmap:startNodeName><![CDATA[수색성당입구]]></tmap:startNodeName>    <tmap:endNodeName><![CDATA[증산초교]]></tmap:endNodeName>    <tmap:distance>502</tmap:distance>    <tmap:time>78.57</tmap:time>    <tmap:speed>23</tmap:speed>    <LineString>     <coordinates>126.899943,37.579554 126.899988,37.579559 126.90019,37.579538 126.900434,37.579489 126.901235,37.579241 126.901329,37.57922 126.901394,37.579214 126.901439,37.579218 126.90152,37.579231 126.901655,37.579287 126.902112,37.57956 126.902669,37.579899 126.903731,37.580578 126.904078,37.580793 126.904243,37.580935 126.904603,37.581321</coordinates>    </LineString>   </Placemark>   <Placemark>    <tmap:index>17</tmap:index>    <tmap:lineIndex>17</tmap:lineIndex>    <styleUrl>#style0</styleUrl>    <tmap:id>1057171</tmap:id>    <name><![CDATA[/1057171/355902]]></name>    <description><![CDATA[ 에서  방면 정보없음 / 0]]></description>    <tmap:congestion>0</tmap:congestion>    <tmap:direction>null</tmap:direction>    <tmap:roadType>004</tmap:roadType>    <tmap:startNodeName><![CDATA[]]></tmap:startNodeName>    <tmap:endNodeName><![CDATA[]]></tmap:endNodeName>    <tmap:distance>198</tmap:distance>    <tmap:time>0.00</tmap:time>    <tmap:speed>0</tmap:speed>    <LineString>     <coordinates>126.890128,37.574918 126.88919,37.575517 126.888402,37.576054</coordinates>    </LineString>   </Placemark>   <Placemark>    <tmap:index>18</tmap:index>    <tmap:lineIndex>18</tmap:lineIndex>    <styleUrl>#style0</styleUrl>    <tmap:id>1057172</tmap:id>    <name><![CDATA[/1057172/355903]]></name>    <description><![CDATA[ 에서  방면 정보없음 / 0]]></description>    <tmap:congestion>0</tmap:congestion>    <tmap:direction>null</tmap:direction>    <tmap:roadType>004</tmap:roadType>    <tmap:startNodeName><![CDATA[]]></tmap:startNodeName>    <tmap:endNodeName><![CDATA[]]></tmap:endNodeName>    <tmap:distance>198</tmap:distance>    <tmap:time>0.00</tmap:time>    <tmap:speed>0</tmap:speed>    <LineString>     <coordinates>126.888332,37.575989 126.889121,37.575451 126.89006,37.574851</coordinates>    </LineString>   </Placemark>   <Placemark>    <tmap:index>19</tmap:index>    <tmap:lineIndex>19</tmap:lineIndex>    <styleUrl>#style1</styleUrl>    <tmap:id>1056851</tmap:id>    <name><![CDATA[월드컵북로/1056851/355840]]></name>    <description><![CDATA[디지털미디어시티 에서 월드컵파크5단지 방면 원활 / 57]]></description>    <tmap:congestion>1</tmap:congestion>    <tmap:direction>1</tmap:direction>    <tmap:roadType>004</tmap:roadType>    <tmap:startNodeName><![CDATA[디지털미디어시티]]></tmap:startNodeName>    <tmap:endNodeName><![CDATA[월드컵파크5단지]]></tmap:endNodeName>    <tmap:distance>300</tmap:distance>    <tmap:time>18.94</tmap:time>    <tmap:speed>57</tmap:speed>    <LineString>     <coordinates>126.890632,37.578253 126.887908,37.57987</coordinates>    </LineString>   </Placemark>   <Placemark>    <tmap:index>20</tmap:index>    <tmap:lineIndex>20</tmap:lineIndex>    <styleUrl>#style1</styleUrl>    <tmap:id>1056852</tmap:id>    <name><![CDATA[월드컵북로/1056852/355841]]></name>    <description><![CDATA[월드컵파크5단지 에서 디지털미디어시티 방면 원활 / 54]]></description>    <tmap:congestion>1</tmap:congestion>    <tmap:direction>0</tmap:direction>    <tmap:roadType>004</tmap:roadType>    <tmap:startNodeName><![CDATA[월드컵파크5단지]]></tmap:startNodeName>    <tmap:endNodeName><![CDATA[디지털미디어시티]]></tmap:endNodeName>    <tmap:distance>300</tmap:distance>    <tmap:time>20.00</tmap:time>    <tmap:speed>54</tmap:speed>    <LineString>     <coordinates>126.887843,37.579802 126.890567,37.578185</coordinates>    </LineString>   </Placemark>   <Placemark>    <tmap:index>21</tmap:index>    <tmap:lineIndex>21</tmap:lineIndex>    <styleUrl>#style0</styleUrl>    <tmap:id>1057261</tmap:id>    <name><![CDATA[월드컵북로54길/1057261/355920]]></name>    <description><![CDATA[ 에서  방면 정보없음 / 0]]></description>    <tmap:congestion>0</tmap:congestion>    <tmap:direction>null</tmap:direction>    <tmap:roadType>004</tmap:roadType>    <tmap:startNodeName><![CDATA[]]></tmap:startNodeName>    <tmap:endNodeName><![CDATA[]]></tmap:endNodeName>    <tmap:distance>326</tmap:distance>    <tmap:time>0.00</tmap:time>    <tmap:speed>0</tmap:speed>    <LineString>     <coordinates>126.887918,37.579809 126.888781,37.580665 126.889425,37.581287 126.890252,37.582085</coordinates>    </LineString>   </Placemark>   <Placemark>    <tmap:index>22</tmap:index>    <tmap:lineIndex>22</tmap:lineIndex>    <styleUrl>#style0</styleUrl>    <tmap:id>1057262</tmap:id>    <name><![CDATA[월드컵북로54길/1057262/355921]]></name>    <description><![CDATA[ 에서  방면 정보없음 / 0]]></description>    <tmap:congestion>0</tmap:congestion>    <tmap:direction>null</tmap:direction>    <tmap:roadType>004</tmap:roadType>    <tmap:startNodeName><![CDATA[]]></tmap:startNodeName>    <tmap:endNodeName><![CDATA[]]></tmap:endNodeName>    <tmap:distance>326</tmap:distance>    <tmap:time>0.00</tmap:time>    <tmap:speed>0</tmap:speed>    <LineString>     <coordinates>126.890169,37.58214 126.889342,37.581342 126.888697,37.580719 126.887833,37.579863</coordinates>    </LineString>   </Placemark>   <Placemark>    <tmap:index>23</tmap:index>    <tmap:lineIndex>23</tmap:lineIndex>    <styleUrl>#style0</styleUrl>    <tmap:id>1057321</tmap:id>    <name><![CDATA[상암산로/1057321/355930]]></name>    <description><![CDATA[ 에서  방면 정보없음 / 0]]></description>    <tmap:congestion>0</tmap:congestion>    <tmap:direction>null</tmap:direction>    <tmap:roadType>004</tmap:roadType>    <tmap:startNodeName><![CDATA[]]></tmap:startNodeName>    <tmap:endNodeName><![CDATA[]]></tmap:endNodeName>    <tmap:distance>329</tmap:distance>    <tmap:time>0.00</tmap:time>    <tmap:speed>0</tmap:speed>    <LineString>     <coordinates>126.890641,37.578191 126.891345,37.578848 126.8922,37.579694 126.892995,37.580493</coordinates>    </LineString>   </Placemark>   <Placemark>    <tmap:index>24</tmap:index>    <tmap:lineIndex>24</tmap:lineIndex>    <styleUrl>#style0</styleUrl>    <tmap:id>1057322</tmap:id>    <name><![CDATA[상암산로/1057322/355931]]></name>    <description><![CDATA[ 에서  방면 정보없음 / 0]]></description>    <tmap:congestion>0</tmap:congestion>    <tmap:direction>null</tmap:direction>    <tmap:roadType>004</tmap:roadType>    <tmap:startNodeName><![CDATA[]]></tmap:startNodeName>    <tmap:endNodeName><![CDATA[]]></tmap:endNodeName>    <tmap:distance>329</tmap:distance>    <tmap:time>0.00</tmap:time>    <tmap:speed>0</tmap:speed>    <LineString>     <coordinates>126.892911,37.580546 126.892115,37.579747 126.891262,37.578902 126.890558,37.578247</coordinates>    </LineString>   </Placemark>   <Placemark>    <tmap:index>25</tmap:index>    <tmap:lineIndex>25</tmap:lineIndex>    <styleUrl>#style0</styleUrl>    <tmap:id>1057431</tmap:id>    <name><![CDATA[성암로/1057431/355952]]></name>    <description><![CDATA[ 에서  방면 정보없음 / 0]]></description>    <tmap:congestion>0</tmap:congestion>    <tmap:direction>null</tmap:direction>    <tmap:roadType>004</tmap:roadType>    <tmap:startNodeName><![CDATA[]]></tmap:startNodeName>    <tmap:endNodeName><![CDATA[]]></tmap:endNodeName>    <tmap:distance>194</tmap:distance>    <tmap:time>0.00</tmap:time>    <tmap:speed>0</tmap:speed>    <LineString>     <coordinates>126.892919,37.580486 126.894053,37.579743 126.894585,37.57935</coordinates>    </LineString>   </Placemark>   <Placemark>    <tmap:index>26</tmap:index>    <tmap:lineIndex>26</tmap:lineIndex>    <styleUrl>#style0</styleUrl>    <tmap:id>1057432</tmap:id>    <name><![CDATA[성암로/1057432/355953]]></name>    <description><![CDATA[ 에서  방면 정보없음 / 0]]></description>    <tmap:congestion>0</tmap:congestion>    <tmap:direction>null</tmap:direction>    <tmap:roadType>004</tmap:roadType>    <tmap:startNodeName><![CDATA[]]></tmap:startNodeName>    <tmap:endNodeName><![CDATA[]]></tmap:endNodeName>    <tmap:distance>194</tmap:distance>    <tmap:time>0.00</tmap:time>    <tmap:speed>0</tmap:speed>    <LineString>     <coordinates>126.894658,37.579413 126.894124,37.579807 126.892987,37.580552</coordinates>    </LineString>   </Placemark>   <Placemark>    <tmap:index>27</tmap:index>    <tmap:lineIndex>27</tmap:lineIndex>    <styleUrl>#style2</styleUrl>    <tmap:id>1009151</tmap:id>    <name><![CDATA[월드컵북로/1009151/352340]]></name>    <description><![CDATA[상암사거리 에서 중암교 방면 서행 / 27]]></description>    <tmap:congestion>2</tmap:congestion>    <tmap:direction>0</tmap:direction>    <tmap:roadType>004</tmap:roadType>    <tmap:startNodeName><![CDATA[상암사거리]]></tmap:startNodeName>    <tmap:endNodeName><![CDATA[중암교]]></tmap:endNodeName>    <tmap:distance>193</tmap:distance>    <tmap:time>25.73</tmap:time>    <tmap:speed>27</tmap:speed>    <LineString>     <coordinates>126.898794,37.573363 126.899091,37.57316 126.899651,37.572799 126.900392,37.572259</coordinates>    </LineString>   </Placemark>   <Placemark>    <tmap:index>28</tmap:index>    <tmap:lineIndex>28</tmap:lineIndex>    <styleUrl>#style2</styleUrl>    <tmap:id>1052891</tmap:id>    <name><![CDATA[매봉산로/1052891/355469]]></name>    <description><![CDATA[상암초교입구 에서 상암초교 방면 서행 / 26]]></description>    <tmap:congestion>2</tmap:congestion>    <tmap:direction>0</tmap:direction>    <tmap:roadType>004</tmap:roadType>    <tmap:startNodeName><![CDATA[상암초교입구]]></tmap:startNodeName>    <tmap:endNodeName><![CDATA[상암초교]]></tmap:endNodeName>    <tmap:distance>300</tmap:distance>    <tmap:time>41.53</tmap:time>    <tmap:speed>26</tmap:speed>    <LineString>     <coordinates>126.89458,37.579408 126.894357,37.579192 126.893436,37.578305 126.893127,37.577997 126.892326,37.577198</coordinates>    </LineString>   </Placemark>   <Placemark>    <tmap:index>29</tmap:index>    <tmap:lineIndex>29</tmap:lineIndex>    <styleUrl>#style1</styleUrl>    <tmap:id>1052892</tmap:id>    <name><![CDATA[매봉산로/1052892/355470]]></name>    <description><![CDATA[상암초교 에서 상암초교입구 방면 원활 / 36]]></description>    <tmap:congestion>1</tmap:congestion>    <tmap:direction>1</tmap:direction>    <tmap:roadType>004</tmap:roadType>    <tmap:startNodeName><![CDATA[상암초교]]></tmap:startNodeName>    <tmap:endNodeName><![CDATA[상암초교입구]]></tmap:endNodeName>    <tmap:distance>300</tmap:distance>    <tmap:time>30.00</tmap:time>    <tmap:speed>36</tmap:speed>    <LineString>     <coordinates>126.892411,37.577145 126.893211,37.577943 126.89352,37.578251 126.89444,37.579137 126.894663,37.579354</coordinates>    </LineString>   </Placemark>   <Placemark>    <tmap:index>30</tmap:index>    <tmap:lineIndex>30</tmap:lineIndex>    <styleUrl>#style1</styleUrl>    <tmap:id>1056821</tmap:id>    <name><![CDATA[월드컵북로/1056821/355834]]></name>    <description><![CDATA[월드컵파크1단지 에서 상암초교 방면 원활 / 38]]></description>    <tmap:congestion>1</tmap:congestion>    <tmap:direction>1</tmap:direction>    <tmap:roadType>004</tmap:roadType>    <tmap:startNodeName><![CDATA[월드컵파크1단지]]></tmap:startNodeName>    <tmap:endNodeName><![CDATA[상암초교]]></tmap:endNodeName>    <tmap:distance>263</tmap:distance>    <tmap:time>24.91</tmap:time>    <tmap:speed>38</tmap:speed>    <LineString>     <coordinates>126.894801,37.575803 126.893959,37.576316 126.893374,37.576665 126.892954,37.576903 126.892399,37.577207</coordinates>    </LineString>   </Placemark>   <Placemark>    <tmap:index>31</tmap:index>    <tmap:lineIndex>31</tmap:lineIndex>    <styleUrl>#style1</styleUrl>    <tmap:id>1056822</tmap:id>    <name><![CDATA[월드컵북로/1056822/355835]]></name>    <description><![CDATA[상암초교 에서 월드컵파크1단지 방면 원활 / 45]]></description>    <tmap:congestion>1</tmap:congestion>    <tmap:direction>0</tmap:direction>    <tmap:roadType>004</tmap:roadType>    <tmap:startNodeName><![CDATA[상암초교]]></tmap:startNodeName>    <tmap:endNodeName><![CDATA[월드컵파크1단지]]></tmap:endNodeName>    <tmap:distance>263</tmap:distance>    <tmap:time>21.04</tmap:time>    <tmap:speed>45</tmap:speed>    <LineString>     <coordinates>126.892338,37.577137 126.892892,37.576833 126.89331,37.576596 126.893894,37.576248 126.894735,37.575735</coordinates>    </LineString>   </Placemark>   <Placemark>    <tmap:index>32</tmap:index>    <tmap:lineIndex>32</tmap:lineIndex>    <styleUrl>#style1</styleUrl>    <tmap:id>1057021</tmap:id>    <name><![CDATA[월드컵북로/1057021/355874]]></name>    <description><![CDATA[상암초교 에서 디지털미디어시티 방면 원활 / 37]]></description>    <tmap:congestion>1</tmap:congestion>    <tmap:direction>1</tmap:direction>    <tmap:roadType>004</tmap:roadType>    <tmap:startNodeName><![CDATA[상암초교]]></tmap:startNodeName>    <tmap:endNodeName><![CDATA[디지털미디어시티]]></tmap:endNodeName>    <tmap:distance>195</tmap:distance>    <tmap:time>18.97</tmap:time>    <tmap:speed>37</tmap:speed>    <LineString>     <coordinates>126.892401,37.577206 126.890632,37.578253</coordinates>    </LineString>   </Placemark>   <Placemark>    <tmap:index>33</tmap:index>    <tmap:lineIndex>33</tmap:lineIndex>    <styleUrl>#style1</styleUrl>    <tmap:id>1057022</tmap:id>    <name><![CDATA[월드컵북로/1057022/355875]]></name>    <description><![CDATA[디지털미디어시티 에서 상암초교 방면 원활 / 59]]></description>    <tmap:congestion>1</tmap:congestion>    <tmap:direction>0</tmap:direction>    <tmap:roadType>004</tmap:roadType>    <tmap:startNodeName><![CDATA[디지털미디어시티]]></tmap:startNodeName>    <tmap:endNodeName><![CDATA[상암초교]]></tmap:endNodeName>    <tmap:distance>195</tmap:distance>    <tmap:time>11.89</tmap:time>    <tmap:speed>59</tmap:speed>    <LineString>     <coordinates>126.890567,37.578185 126.892336,37.577138</coordinates>    </LineString>   </Placemark>   <Placemark>    <tmap:index>34</tmap:index>    <tmap:lineIndex>34</tmap:lineIndex>    <styleUrl>#style0</styleUrl>    <tmap:id>1057181</tmap:id>    <name><![CDATA[상암산로/1057181/355904]]></name>    <description><![CDATA[ 에서  방면 정보없음 / 0]]></description>    <tmap:congestion>0</tmap:congestion>    <tmap:direction>null</tmap:direction>    <tmap:roadType>004</tmap:roadType>    <tmap:startNodeName><![CDATA[]]></tmap:startNodeName>    <tmap:endNodeName><![CDATA[]]></tmap:endNodeName>    <tmap:distance>314</tmap:distance>    <tmap:time>0.00</tmap:time>    <tmap:speed>0</tmap:speed>    <LineString>     <coordinates>126.890557,37.578246 126.8899,37.577596 126.888325,37.576048</coordinates>    </LineString>   </Placemark>   <Placemark>    <tmap:index>35</tmap:index>    <tmap:lineIndex>35</tmap:lineIndex>    <styleUrl>#style0</styleUrl>    <tmap:id>1057182</tmap:id>    <name><![CDATA[상암산로/1057182/355905]]></name>    <description><![CDATA[ 에서  방면 정보없음 / 0]]></description>    <tmap:congestion>0</tmap:congestion>    <tmap:direction>null</tmap:direction>    <tmap:roadType>004</tmap:roadType>    <tmap:startNodeName><![CDATA[]]></tmap:startNodeName>    <tmap:endNodeName><![CDATA[]]></tmap:endNodeName>    <tmap:distance>314</tmap:distance>    <tmap:time>0.00</tmap:time>    <tmap:speed>0</tmap:speed>    <LineString>     <coordinates>126.888409,37.575995 126.889984,37.577543 126.890642,37.578192</coordinates>    </LineString>   </Placemark>   <Placemark>    <tmap:index>36</tmap:index>    <tmap:lineIndex>36</tmap:lineIndex>    <styleUrl>#style0</styleUrl>    <tmap:id>1057391</tmap:id>    <name><![CDATA[월드컵북로47길/1057391/355944]]></name>    <description><![CDATA[ 에서  방면 정보없음 / 0]]></description>    <tmap:congestion>0</tmap:congestion>    <tmap:direction>null</tmap:direction>    <tmap:roadType>004</tmap:roadType>    <tmap:startNodeName><![CDATA[]]></tmap:startNodeName>    <tmap:endNodeName><![CDATA[]]></tmap:endNodeName>    <tmap:distance>524</tmap:distance>    <tmap:time>0.00</tmap:time>    <tmap:speed>0</tmap:speed>    <LineString>     <coordinates>126.89006,37.574851 126.890956,37.574286 126.891242,37.574163 126.891431,37.574088 126.891639,37.574035 126.89184,37.574002 126.892098,37.57399 126.892317,37.573995 126.892504,37.574012 126.892648,37.574041 126.892817,37.574083 126.893,37.57415 126.893182,37.574221 126.89339,37.574347 126.893546,37.574455 126.894235,37.575142 126.894811,37.575743</coordinates>    </LineString>   </Placemark>   <Placemark>    <tmap:index>37</tmap:index>    <tmap:lineIndex>37</tmap:lineIndex>    <styleUrl>#style0</styleUrl>    <tmap:id>1057392</tmap:id>    <name><![CDATA[월드컵북로47길/1057392/355945]]></name>    <description><![CDATA[ 에서  방면 정보없음 / 0]]></description>    <tmap:congestion>0</tmap:congestion>    <tmap:direction>null</tmap:direction>    <tmap:roadType>004</tmap:roadType>    <tmap:startNodeName><![CDATA[]]></tmap:startNodeName>    <tmap:endNodeName><![CDATA[]]></tmap:endNodeName>    <tmap:distance>524</tmap:distance>    <tmap:time>0.00</tmap:time>    <tmap:speed>0</tmap:speed>    <LineString>     <coordinates>126.894725,37.575795 126.89415,37.575194 126.893468,37.574514 126.893322,37.574413 126.893125,37.574294 126.892953,37.574227 126.892779,37.574163 126.892618,37.574123 126.892485,37.574096 126.892309,37.57408 126.892099,37.574075 126.891855,37.574087 126.891667,37.574118 126.891472,37.574168 126.891292,37.574239 126.891016,37.574358 126.890127,37.574918</coordinates>    </LineString>   </Placemark>   <Placemark>    <tmap:index>38</tmap:index>    <tmap:lineIndex>38</tmap:lineIndex>    <styleUrl>#style1</styleUrl>    <tmap:id>1057401</tmap:id>    <name><![CDATA[매봉산로/1057401/355946]]></name>    <description><![CDATA[월드컵파크2단지 에서 하늘공원 방면 원활 / 37]]></description>    <tmap:congestion>1</tmap:congestion>    <tmap:direction>0</tmap:direction>    <tmap:roadType>004</tmap:roadType>    <tmap:startNodeName><![CDATA[월드컵파크2단지]]></tmap:startNodeName>    <tmap:endNodeName><![CDATA[하늘공원]]></tmap:endNodeName>    <tmap:distance>267</tmap:distance>    <tmap:time>25.97</tmap:time>    <tmap:speed>37</tmap:speed>    <LineString>     <coordinates>126.890052,37.574912 126.888127,37.573056</coordinates>    </LineString>   </Placemark>   <Placemark>    <tmap:index>39</tmap:index>    <tmap:lineIndex>39</tmap:lineIndex>    <styleUrl>#style2</styleUrl>    <tmap:id>1057402</tmap:id>    <name><![CDATA[매봉산로/1057402/355947]]></name>    <description><![CDATA[하늘공원 에서 월드컵파크2단지 방면 서행 / 27]]></description>    <tmap:congestion>2</tmap:congestion>    <tmap:direction>1</tmap:direction>    <tmap:roadType>004</tmap:roadType>    <tmap:startNodeName><![CDATA[하늘공원]]></tmap:startNodeName>    <tmap:endNodeName><![CDATA[월드컵파크2단지]]></tmap:endNodeName>    <tmap:distance>267</tmap:distance>    <tmap:time>35.60</tmap:time>    <tmap:speed>27</tmap:speed>    <LineString>     <coordinates>126.88821,37.573002 126.890135,37.574858</coordinates>    </LineString>   </Placemark>   <Placemark>    <tmap:index>40</tmap:index>    <tmap:lineIndex>40</tmap:lineIndex>    <styleUrl>#style2</styleUrl>    <tmap:id>1057461</tmap:id>    <name><![CDATA[매봉산로/1057461/355958]]></name>    <description><![CDATA[월드컵파크2단지 에서 상암초교 방면 서행 / 23]]></description>    <tmap:congestion>2</tmap:congestion>    <tmap:direction>1</tmap:direction>    <tmap:roadType>004</tmap:roadType>    <tmap:startNodeName><![CDATA[월드컵파크2단지]]></tmap:startNodeName>    <tmap:endNodeName><![CDATA[상암초교]]></tmap:endNodeName>    <tmap:distance>324</tmap:distance>    <tmap:time>50.71</tmap:time>    <tmap:speed>23</tmap:speed>    <LineString>     <coordinates>126.890136,37.574858 126.891702,37.576446 126.89241,37.577145</coordinates>    </LineString>   </Placemark>   <Placemark>    <tmap:index>41</tmap:index>    <tmap:lineIndex>41</tmap:lineIndex>    <styleUrl>#style3</styleUrl>    <tmap:id>1057462</tmap:id>    <name><![CDATA[매봉산로/1057462/355959]]></name>    <description><![CDATA[상암초교 에서 월드컵파크2단지 방면 지체 / 13]]></description>    <tmap:congestion>3</tmap:congestion>    <tmap:direction>0</tmap:direction>    <tmap:roadType>004</tmap:roadType>    <tmap:startNodeName><![CDATA[상암초교]]></tmap:startNodeName>    <tmap:endNodeName><![CDATA[월드컵파크2단지]]></tmap:endNodeName>    <tmap:distance>324</tmap:distance>    <tmap:time>89.72</tmap:time>    <tmap:speed>13</tmap:speed>    <LineString>     <coordinates>126.892326,37.577199 126.891618,37.576499 126.890051,37.574911</coordinates>    </LineString>   </Placemark>  </Document> </kml> 