<?xml version="1.0" encoding="UTF-8"?> <kml xmlns="http://www.opengis.net/kml/2.2"  xmlns:xsi="http://www.w3.org/2001/XMLSchema-instance"  xsi:schemaLocation="http://schemas.opengis.net/kml/2.2.0/ogckml22.xsd"   xmlns:tmap="http://tlp.tmap.co.kr/">  <Document>   <Style id="accPoint">    <IconStyle>     <scale>1.5</scale>     <Icon>      <href>http://www.allnew2013altima.com/imggallery/134/icon-poi.png</href>     </Icon>    </IconStyle>   </Style>   <Style id="style0">    <LineStyle>     <color>FF828287</color>     <width>4</width>    </LineStyle>   </Style>   <Style id="style1">    <LineStyle>     <color>FF45D51D</color>     <width>4</width>    </LineStyle>   </Style>   <Style id="style2">    <LineStyle>     <color>FF01C6FF</color>     <width>4</width>    </LineStyle>   </Style>   <Style id="style3">    <LineStyle>     <color>FF0084FF</color>     <width>4</width>    </LineStyle>   </Style>   <Style id="style4">    <LineStyle>     <color>FF1E33FF</color>     <width>4</width>    </LineStyle>   </Style>  <tmap:updateTime></tmap:updateTime>   <Placemark>    <tmap:index>0</tmap:index>    <tmap:lineIndex>0</tmap:lineIndex>    <styleUrl>#style0</styleUrl>    <tmap:id>1006651</tmap:id>    <name><![CDATA[봉산로(서울)/1006651/417582]]></name>    <description><![CDATA[덕은교 에서 서오릉입구 방면 정보없음 / 0]]></description>    <tmap:congestion>0</tmap:congestion>    <tmap:direction>1</tmap:direction>    <tmap:roadType>004</tmap:roadType>    <tmap:startNodeName><![CDATA[덕은교]]></tmap:startNodeName>    <tmap:endNodeName><![CDATA[서오릉입구]]></tmap:endNodeName>    <tmap:distance>4629</tmap:distance>    <tmap:time>0.00</tmap:time>    <tmap:speed>0</tmap:speed>    <LineString>     <coordinates>126.883633,37.591501 126.883939,37.59147099999999 126.884797,37.591415 126.885066,37.591427 126.885221,37.591448 126.885369,37.59147 126.885503,37.591545 126.885922,37.59178699999999 126.886066,37.5919 126.886262,37.59207299999999 126.886358,37.592164 126.88645,37.592365 126.886728,37.592922 126.886858,37.593167 126.886967,37.593321 126.887374,37.593788 126.887616,37.594022 126.887661,37.59405 126.887786,37.594127 126.887804,37.59413299999999 126.887866,37.594143 126.887964,37.59414999999999 126.888047,37.594141 126.888477,37.59405699999999 126.888945,37.594005 126.889385,37.59400399999999 126.889807,37.59404 126.890131,37.59409 126.890474,37.594189 126.890826,37.59431599999999 126.891131,37.59445 126.891407,37.59459799999999 126.891669,37.594783 126.891929,37.595013 126.892149,37.595245 126.892371,37.595545 126.892569,37.595912 126.892629,37.59608</coordinates>    </LineString>   </Placemark>   <Placemark>    <tmap:index>1</tmap:index>    <tmap:lineIndex>1</tmap:lineIndex>    <styleUrl>#style0</styleUrl>    <tmap:id>1006652</tmap:id>    <name><![CDATA[봉산로(서울)/1006652/417585]]></name>    <description><![CDATA[서오릉입구 에서 덕은교 방면 정보없음 / 0]]></description>    <tmap:congestion>0</tmap:congestion>    <tmap:direction>0</tmap:direction>    <tmap:roadType>004</tmap:roadType>    <tmap:startNodeName><![CDATA[서오릉입구]]></tmap:startNodeName>    <tmap:endNodeName><![CDATA[덕은교]]></tmap:endNodeName>    <tmap:distance>4629</tmap:distance>    <tmap:time>0.00</tmap:time>    <tmap:speed>0</tmap:speed>    <LineString>     <coordinates>126.892525,37.59610299999999 126.892467,37.59593999999999 126.892275,37.595584 126.892059,37.595293 126.891846,37.59506799999999 126.891592,37.594844 126.891341,37.59466599999999 126.891075,37.594522 126.890778,37.59439199999999 126.890433,37.594268 126.890102,37.59417299999999 126.889791,37.594124 126.889379,37.59409 126.888953,37.594091 126.888498,37.59414 126.888067,37.594225 126.887966,37.594236 126.88785,37.594228 126.887774,37.59421499999999 126.887733,37.594203 126.887594,37.59411699999999 126.88754,37.594084 126.887287,37.593839 126.886876,37.593366 126.886761,37.5932 126.886628,37.592955 126.886349,37.592396 126.886263,37.592207 126.886181,37.59212 126.885988,37.591959 126.885852,37.591852 126.885442,37.591616 126.885326,37.59155799999999 126.885198,37.591531 126.885054,37.591512 126.884798,37.5915 126.88395,37.59155599999999 126.883646,37.591585</coordinates>    </LineString>   </Placemark>   <Placemark>    <tmap:index>2</tmap:index>    <tmap:lineIndex>2</tmap:lineIndex>    <styleUrl>#style1</styleUrl>    <tmap:id>1006481</tmap:id>    <name><![CDATA[은평터널로/1006481/351937]]></name>    <description><![CDATA[상신중교입구 에서 수색역 방면 원활 / 32]]></description>    <tmap:congestion>1</tmap:congestion>    <tmap:direction>0</tmap:direction>    <tmap:roadType>004</tmap:roadType>    <tmap:startNodeName><![CDATA[상신중교입구]]></tmap:startNodeName>    <tmap:endNodeName><![CDATA[수색역]]></tmap:endNodeName>    <tmap:distance>1308</tmap:distance>    <tmap:time>147.15</tmap:time>    <tmap:speed>32</tmap:speed>    <LineString>     <coordinates>126.905178,37.590872 126.905045,37.59074 126.904394,37.590079 126.902147,37.587802 126.90115,37.586815 126.901117,37.586786 126.900547,37.586333 126.899653,37.585632 126.899376,37.585417 126.899332,37.585384 126.898964,37.585101 126.898057,37.584416 126.897552,37.584033 126.89661,37.583349 126.895978,37.582741 126.895443,37.582259</coordinates>    </LineString>   </Placemark>   <Placemark>    <tmap:index>3</tmap:index>    <tmap:lineIndex>3</tmap:lineIndex>    <styleUrl>#style2</styleUrl>    <tmap:id>1006482</tmap:id>    <name><![CDATA[은평터널로/1006482/351938]]></name>    <description><![CDATA[수색역 에서 상신중교입구 방면 서행 / 26]]></description>    <tmap:congestion>2</tmap:congestion>    <tmap:direction>1</tmap:direction>    <tmap:roadType>004</tmap:roadType>    <tmap:startNodeName><![CDATA[수색역]]></tmap:startNodeName>    <tmap:endNodeName><![CDATA[상신중교입구]]></tmap:endNodeName>    <tmap:distance>1308</tmap:distance>    <tmap:time>181.10</tmap:time>    <tmap:speed>26</tmap:speed>    <LineString>     <coordinates>126.895523,37.582203 126.89606,37.582686 126.896688,37.58329 126.897625,37.58397 126.898131,37.584355 126.899039,37.585039 126.899406,37.585322 126.899451,37.585355 126.899728,37.585571 126.900623,37.586272 126.901196,37.586728 126.901232,37.58676 126.902231,37.587749 126.904478,37.590027 126.905129,37.590687 126.905262,37.590819</coordinates>    </LineString>   </Placemark>  </Document> </kml> 