<?xml version="1.0" encoding="UTF-8"?> <kml xmlns="http://www.opengis.net/kml/2.2"  xmlns:xsi="http://www.w3.org/2001/XMLSchema-instance"  xsi:schemaLocation="http://schemas.opengis.net/kml/2.2.0/ogckml22.xsd"   xmlns:tmap="http://tlp.tmap.co.kr/">  <Document>   <Style id="accPoint">    <IconStyle>     <scale>1.5</scale>     <Icon>      <href>http://www.allnew2013altima.com/imggallery/134/icon-poi.png</href>     </Icon>    </IconStyle>   </Style>   <Style id="style0">    <LineStyle>     <color>FF828287</color>     <width>4</width>    </LineStyle>   </Style>   <Style id="style1">    <LineStyle>     <color>FF45D51D</color>     <width>4</width>    </LineStyle>   </Style>   <Style id="style2">    <LineStyle>     <color>FF01C6FF</color>     <width>4</width>    </LineStyle>   </Style>   <Style id="style3">    <LineStyle>     <color>FF0084FF</color>     <width>4</width>    </LineStyle>   </Style>   <Style id="style4">    <LineStyle>     <color>FF1E33FF</color>     <width>4</width>    </LineStyle>   </Style>  <tmap:updateTime>201707162340</tmap:updateTime>   <Placemark>    <tmap:index>0</tmap:index>    <tmap:lineIndex>0</tmap:lineIndex>    <styleUrl>#style2</styleUrl>    <tmap:id>1009231</tmap:id>    <name><![CDATA[월드컵로/1009231/352352]]></name>    <description><![CDATA[하늘공원 에서 월드컵경기장사거리 방면 서행 / 28]]></description>    <tmap:congestion>2</tmap:congestion>    <tmap:direction>0</tmap:direction>    <tmap:roadType>004</tmap:roadType>    <tmap:startNodeName><![CDATA[하늘공원]]></tmap:startNodeName>    <tmap:endNodeName><![CDATA[월드컵경기장사거리]]></tmap:endNodeName>    <tmap:distance>997</tmap:distance>    <tmap:time>128.18</tmap:time>    <tmap:speed>28</tmap:speed>    <LineString>     <coordinates>126.888126,37.573002 126.888355,37.572773 126.889413,37.57135 126.889699,37.570998 126.890681,37.569967 126.891201,37.569482 126.892018,37.568766 126.893146,37.567941 126.893587,37.56763</coordinates>    </LineString>   </Placemark>   <Placemark>    <tmap:index>1</tmap:index>    <tmap:lineIndex>1</tmap:lineIndex>    <styleUrl>#style1</styleUrl>    <tmap:id>1009232</tmap:id>    <name><![CDATA[월드컵로/1009232/352353]]></name>    <description><![CDATA[월드컵경기장사거리 에서 하늘공원 방면 원활 / 31]]></description>    <tmap:congestion>1</tmap:congestion>    <tmap:direction>1</tmap:direction>    <tmap:roadType>004</tmap:roadType>    <tmap:startNodeName><![CDATA[월드컵경기장사거리]]></tmap:startNodeName>    <tmap:endNodeName><![CDATA[하늘공원]]></tmap:endNodeName>    <tmap:distance>997</tmap:distance>    <tmap:time>115.78</tmap:time>    <tmap:speed>31</tmap:speed>    <LineString>     <coordinates>126.893659,37.567694 126.893218,37.568004 126.892094,37.568827 126.891282,37.569538 126.890765,37.570021 126.889787,37.571047 126.889505,37.571394 126.888444,37.572821 126.888211,37.573055</coordinates>    </LineString>   </Placemark>   <Placemark>    <tmap:index>2</tmap:index>    <tmap:lineIndex>2</tmap:lineIndex>    <styleUrl>#style1</styleUrl>    <tmap:id>1008631</tmap:id>    <name><![CDATA[월드컵로/1008631/352268]]></name>    <description><![CDATA[난지천공원입구 에서 구룡사거리(고양) 방면 원활 / 43]]></description>    <tmap:congestion>1</tmap:congestion>    <tmap:direction>1</tmap:direction>    <tmap:roadType>004</tmap:roadType>    <tmap:startNodeName><![CDATA[난지천공원입구]]></tmap:startNodeName>    <tmap:endNodeName><![CDATA[구룡사거리(고양)]]></tmap:endNodeName>    <tmap:distance>512</tmap:distance>    <tmap:time>42.86</tmap:time>    <tmap:speed>43</tmap:speed>    <LineString>     <coordinates>126.881019,37.577438 126.876796,37.579931 126.876279,37.580265</coordinates>    </LineString>   </Placemark>   <Placemark>    <tmap:index>3</tmap:index>    <tmap:lineIndex>3</tmap:lineIndex>    <styleUrl>#style1</styleUrl>    <tmap:id>1008632</tmap:id>    <name><![CDATA[월드컵로/1008632/352269]]></name>    <description><![CDATA[구룡사거리(고양) 에서 난지천공원입구 방면 원활 / 45]]></description>    <tmap:congestion>1</tmap:congestion>    <tmap:direction>0</tmap:direction>    <tmap:roadType>004</tmap:roadType>    <tmap:startNodeName><![CDATA[구룡사거리(고양)]]></tmap:startNodeName>    <tmap:endNodeName><![CDATA[난지천공원입구]]></tmap:endNodeName>    <tmap:distance>512</tmap:distance>    <tmap:time>40.96</tmap:time>    <tmap:speed>45</tmap:speed>    <LineString>     <coordinates>126.876211,37.580199 126.87673,37.579863 126.880954,37.57737</coordinates>    </LineString>   </Placemark>   <Placemark>    <tmap:index>4</tmap:index>    <tmap:lineIndex>4</tmap:lineIndex>    <styleUrl>#style1</styleUrl>    <tmap:id>1057091</tmap:id>    <name><![CDATA[월드컵로/1057091/355888]]></name>    <description><![CDATA[디지털미디어시티입구 에서 난지천공원입구 방면 원활 / 68]]></description>    <tmap:congestion>1</tmap:congestion>    <tmap:direction>1</tmap:direction>    <tmap:roadType>004</tmap:roadType>    <tmap:startNodeName><![CDATA[디지털미디어시티입구]]></tmap:startNodeName>    <tmap:endNodeName><![CDATA[난지천공원입구]]></tmap:endNodeName>    <tmap:distance>601</tmap:distance>    <tmap:time>31.81</tmap:time>    <tmap:speed>68</tmap:speed>    <LineString>     <coordinates>126.886488,37.574212 126.883774,37.575822 126.881019,37.577438</coordinates>    </LineString>   </Placemark>   <Placemark>    <tmap:index>5</tmap:index>    <tmap:lineIndex>5</tmap:lineIndex>    <styleUrl>#style1</styleUrl>    <tmap:id>1057092</tmap:id>    <name><![CDATA[월드컵로/1057092/355889]]></name>    <description><![CDATA[난지천공원입구 에서 디지털미디어시티입구 방면 원활 / 38]]></description>    <tmap:congestion>1</tmap:congestion>    <tmap:direction>0</tmap:direction>    <tmap:roadType>004</tmap:roadType>    <tmap:startNodeName><![CDATA[난지천공원입구]]></tmap:startNodeName>    <tmap:endNodeName><![CDATA[디지털미디어시티입구]]></tmap:endNodeName>    <tmap:distance>601</tmap:distance>    <tmap:time>56.93</tmap:time>    <tmap:speed>38</tmap:speed>    <LineString>     <coordinates>126.880955,37.57737 126.88371,37.575754 126.886424,37.574143</coordinates>    </LineString>   </Placemark>   <Placemark>    <tmap:index>6</tmap:index>    <tmap:lineIndex>6</tmap:lineIndex>    <styleUrl>#style0</styleUrl>    <tmap:id>1057271</tmap:id>    <name><![CDATA[월드컵로42길/1057271/355922]]></name>    <description><![CDATA[ 에서  방면 정보없음 / 0]]></description>    <tmap:congestion>0</tmap:congestion>    <tmap:direction>null</tmap:direction>    <tmap:roadType>004</tmap:roadType>    <tmap:startNodeName><![CDATA[]]></tmap:startNodeName>    <tmap:endNodeName><![CDATA[]]></tmap:endNodeName>    <tmap:distance>503</tmap:distance>    <tmap:time>0.00</tmap:time>    <tmap:speed>0</tmap:speed>    <LineString>     <coordinates>126.88103,37.577378 126.881081,37.577432 126.881315,37.577538 126.881606,37.577855 126.881898,37.578185 126.882228,37.578542 126.882308,37.578651 126.882338,37.578734 126.882351,37.578817 126.882354,37.578908 126.882342,37.578976 126.882315,37.579049 126.882258,37.579147 126.88215,37.579258 126.881706,37.579479 126.88149,37.579581 126.880914,37.579909 126.880194,37.580294 126.880043,37.58037</coordinates>    </LineString>   </Placemark>   <Placemark>    <tmap:index>7</tmap:index>    <tmap:lineIndex>7</tmap:lineIndex>    <styleUrl>#style0</styleUrl>    <tmap:id>1057272</tmap:id>    <name><![CDATA[월드컵로42길/1057272/355923]]></name>    <description><![CDATA[ 에서  방면 정보없음 / 0]]></description>    <tmap:congestion>0</tmap:congestion>    <tmap:direction>null</tmap:direction>    <tmap:roadType>004</tmap:roadType>    <tmap:startNodeName><![CDATA[]]></tmap:startNodeName>    <tmap:endNodeName><![CDATA[]]></tmap:endNodeName>    <tmap:distance>503</tmap:distance>    <tmap:time>0.00</tmap:time>    <tmap:speed>0</tmap:speed>    <LineString>     <coordinates>126.879666,37.580468 126.879733,37.580423 126.879985,37.580298 126.880135,37.580222 126.880853,37.579839 126.881431,37.579509 126.88165,37.579406 126.882076,37.579194 126.882165,37.579102 126.882214,37.579019 126.882236,37.578958 126.882246,37.578903 126.882244,37.578823 126.882232,37.578752 126.882208,37.578685 126.882138,37.578589 126.88181,37.578235 126.881518,37.577905 126.881242,37.577603 126.881009,37.577498 126.880944,37.57743</coordinates>    </LineString>   </Placemark>   <Placemark>    <tmap:index>8</tmap:index>    <tmap:lineIndex>8</tmap:lineIndex>    <styleUrl>#style1</styleUrl>    <tmap:id>1008041</tmap:id>    <name><![CDATA[강변북로/1008041/352190]]></name>    <description><![CDATA[가양대교강변북로점 에서 월드컵경기장IC천호방면 방면 원활 / 76]]></description>    <tmap:congestion>1</tmap:congestion>    <tmap:direction>0</tmap:direction>    <tmap:roadType>007</tmap:roadType>    <tmap:startNodeName><![CDATA[가양대교강변북로점]]></tmap:startNodeName>    <tmap:endNodeName><![CDATA[월드컵경기장IC천호방면]]></tmap:endNodeName>    <tmap:distance>1977</tmap:distance>    <tmap:time>93.64</tmap:time>    <tmap:speed>76</tmap:speed>    <LineString>     <coordinates>126.865073,37.574982 126.867789,37.573421 126.869371,37.572503 126.871237,37.571433 126.872217,37.570878 126.873776,37.569996 126.87721,37.568028 126.884128,37.564059 126.88711,37.562346</coordinates>    </LineString>   </Placemark>   <Placemark>    <tmap:index>9</tmap:index>    <tmap:lineIndex>9</tmap:lineIndex>    <styleUrl>#style1</styleUrl>    <tmap:id>1040191</tmap:id>    <name><![CDATA[강변북로/1040191/355427]]></name>    <description><![CDATA[월드컵경기장IC일산방면 에서 가양대교강변북로점 방면 원활 / 81]]></description>    <tmap:congestion>1</tmap:congestion>    <tmap:direction>1</tmap:direction>    <tmap:roadType>002</tmap:roadType>    <tmap:startNodeName><![CDATA[월드컵경기장IC일산방면]]></tmap:startNodeName>    <tmap:endNodeName><![CDATA[가양대교강변북로점]]></tmap:endNodeName>    <tmap:distance>1757</tmap:distance>    <tmap:time>78.08</tmap:time>    <tmap:speed>81</tmap:speed>    <LineString>     <coordinates>126.886351,37.56311 126.883286,37.564899 126.882564,37.565318 126.879972,37.566822 126.877401,37.568299 126.872781,37.570974 126.871177,37.57189 126.868275,37.573642 126.868009,37.573894 126.867431,37.574304 126.867247,37.574427</coordinates>    </LineString>   </Placemark>   <Placemark>    <tmap:index>10</tmap:index>    <tmap:lineIndex>10</tmap:lineIndex>    <styleUrl>#style0</styleUrl>    <tmap:id>1056861</tmap:id>    <name><![CDATA[상암산로/1056861/355842]]></name>    <description><![CDATA[ 에서  방면 정보없음 / 0]]></description>    <tmap:congestion>0</tmap:congestion>    <tmap:direction>null</tmap:direction>    <tmap:roadType>004</tmap:roadType>    <tmap:startNodeName><![CDATA[]]></tmap:startNodeName>    <tmap:endNodeName><![CDATA[]]></tmap:endNodeName>    <tmap:distance>265</tmap:distance>    <tmap:time>0.00</tmap:time>    <tmap:speed>0</tmap:speed>    <LineString>     <coordinates>126.888325,37.576048 126.887296,37.575053 126.886414,37.574204</coordinates>    </LineString>   </Placemark>   <Placemark>    <tmap:index>11</tmap:index>    <tmap:lineIndex>11</tmap:lineIndex>    <styleUrl>#style0</styleUrl>    <tmap:id>1056862</tmap:id>    <name><![CDATA[상암산로/1056862/355843]]></name>    <description><![CDATA[ 에서  방면 정보없음 / 0]]></description>    <tmap:congestion>0</tmap:congestion>    <tmap:direction>null</tmap:direction>    <tmap:roadType>004</tmap:roadType>    <tmap:startNodeName><![CDATA[]]></tmap:startNodeName>    <tmap:endNodeName><![CDATA[]]></tmap:endNodeName>    <tmap:distance>265</tmap:distance>    <tmap:time>0.00</tmap:time>    <tmap:speed>0</tmap:speed>    <LineString>     <coordinates>126.886498,37.57415 126.88738,37.574999 126.888408,37.575994</coordinates>    </LineString>   </Placemark>   <Placemark>    <tmap:index>12</tmap:index>    <tmap:lineIndex>12</tmap:lineIndex>    <styleUrl>#style1</styleUrl>    <tmap:id>1056871</tmap:id>    <name><![CDATA[월드컵로/1056871/355844]]></name>    <description><![CDATA[하늘공원 에서 디지털미디어시티입구 방면 원활 / 51]]></description>    <tmap:congestion>1</tmap:congestion>    <tmap:direction>1</tmap:direction>    <tmap:roadType>004</tmap:roadType>    <tmap:startNodeName><![CDATA[하늘공원]]></tmap:startNodeName>    <tmap:endNodeName><![CDATA[디지털미디어시티입구]]></tmap:endNodeName>    <tmap:distance>198</tmap:distance>    <tmap:time>13.97</tmap:time>    <tmap:speed>51</tmap:speed>    <LineString>     <coordinates>126.888206,37.57306 126.887868,37.573318 126.88649,37.57421</coordinates>    </LineString>   </Placemark>   <Placemark>    <tmap:index>13</tmap:index>    <tmap:lineIndex>13</tmap:lineIndex>    <styleUrl>#style1</styleUrl>    <tmap:id>1056872</tmap:id>    <name><![CDATA[월드컵로/1056872/355845]]></name>    <description><![CDATA[디지털미디어시티입구 에서 하늘공원 방면 원활 / 45]]></description>    <tmap:congestion>1</tmap:congestion>    <tmap:direction>0</tmap:direction>    <tmap:roadType>004</tmap:roadType>    <tmap:startNodeName><![CDATA[디지털미디어시티입구]]></tmap:startNodeName>    <tmap:endNodeName><![CDATA[하늘공원]]></tmap:endNodeName>    <tmap:distance>198</tmap:distance>    <tmap:time>15.84</tmap:time>    <tmap:speed>45</tmap:speed>    <LineString>     <coordinates>126.886422,37.574144 126.887796,37.573254 126.888131,37.572998</coordinates>    </LineString>   </Placemark>   <Placemark>    <tmap:index>14</tmap:index>    <tmap:lineIndex>14</tmap:lineIndex>    <styleUrl>#style0</styleUrl>    <tmap:id>1057171</tmap:id>    <name><![CDATA[/1057171/355902]]></name>    <description><![CDATA[ 에서  방면 정보없음 / 0]]></description>    <tmap:congestion>0</tmap:congestion>    <tmap:direction>null</tmap:direction>    <tmap:roadType>004</tmap:roadType>    <tmap:startNodeName><![CDATA[]]></tmap:startNodeName>    <tmap:endNodeName><![CDATA[]]></tmap:endNodeName>    <tmap:distance>198</tmap:distance>    <tmap:time>0.00</tmap:time>    <tmap:speed>0</tmap:speed>    <LineString>     <coordinates>126.890128,37.574918 126.88919,37.575517 126.888402,37.576054</coordinates>    </LineString>   </Placemark>   <Placemark>    <tmap:index>15</tmap:index>    <tmap:lineIndex>15</tmap:lineIndex>    <styleUrl>#style0</styleUrl>    <tmap:id>1057172</tmap:id>    <name><![CDATA[/1057172/355903]]></name>    <description><![CDATA[ 에서  방면 정보없음 / 0]]></description>    <tmap:congestion>0</tmap:congestion>    <tmap:direction>null</tmap:direction>    <tmap:roadType>004</tmap:roadType>    <tmap:startNodeName><![CDATA[]]></tmap:startNodeName>    <tmap:endNodeName><![CDATA[]]></tmap:endNodeName>    <tmap:distance>198</tmap:distance>    <tmap:time>0.00</tmap:time>    <tmap:speed>0</tmap:speed>    <LineString>     <coordinates>126.888332,37.575989 126.889121,37.575451 126.89006,37.574851</coordinates>    </LineString>   </Placemark>   <Placemark>    <tmap:index>16</tmap:index>    <tmap:lineIndex>16</tmap:lineIndex>    <styleUrl>#style1</styleUrl>    <tmap:id>1056851</tmap:id>    <name><![CDATA[월드컵북로/1056851/355840]]></name>    <description><![CDATA[디지털미디어시티 에서 월드컵파크5단지 방면 원활 / 57]]></description>    <tmap:congestion>1</tmap:congestion>    <tmap:direction>1</tmap:direction>    <tmap:roadType>004</tmap:roadType>    <tmap:startNodeName><![CDATA[디지털미디어시티]]></tmap:startNodeName>    <tmap:endNodeName><![CDATA[월드컵파크5단지]]></tmap:endNodeName>    <tmap:distance>300</tmap:distance>    <tmap:time>18.94</tmap:time>    <tmap:speed>57</tmap:speed>    <LineString>     <coordinates>126.890632,37.578253 126.887908,37.57987</coordinates>    </LineString>   </Placemark>   <Placemark>    <tmap:index>17</tmap:index>    <tmap:lineIndex>17</tmap:lineIndex>    <styleUrl>#style1</styleUrl>    <tmap:id>1056852</tmap:id>    <name><![CDATA[월드컵북로/1056852/355841]]></name>    <description><![CDATA[월드컵파크5단지 에서 디지털미디어시티 방면 원활 / 54]]></description>    <tmap:congestion>1</tmap:congestion>    <tmap:direction>0</tmap:direction>    <tmap:roadType>004</tmap:roadType>    <tmap:startNodeName><![CDATA[월드컵파크5단지]]></tmap:startNodeName>    <tmap:endNodeName><![CDATA[디지털미디어시티]]></tmap:endNodeName>    <tmap:distance>300</tmap:distance>    <tmap:time>20.00</tmap:time>    <tmap:speed>54</tmap:speed>    <LineString>     <coordinates>126.887843,37.579802 126.890567,37.578185</coordinates>    </LineString>   </Placemark>   <Placemark>    <tmap:index>18</tmap:index>    <tmap:lineIndex>18</tmap:lineIndex>    <styleUrl>#style0</styleUrl>    <tmap:id>1056981</tmap:id>    <name><![CDATA[/1056981/355866]]></name>    <description><![CDATA[ 에서  방면 정보없음 / 0]]></description>    <tmap:congestion>0</tmap:congestion>    <tmap:direction>null</tmap:direction>    <tmap:roadType>004</tmap:roadType>    <tmap:startNodeName><![CDATA[]]></tmap:startNodeName>    <tmap:endNodeName><![CDATA[]]></tmap:endNodeName>    <tmap:distance>116</tmap:distance>    <tmap:time>0.00</tmap:time>    <tmap:speed>0</tmap:speed>    <LineString>     <coordinates>126.88723,37.579078 126.887919,37.579811</coordinates>    </LineString>   </Placemark>   <Placemark>    <tmap:index>19</tmap:index>    <tmap:lineIndex>19</tmap:lineIndex>    <styleUrl>#style0</styleUrl>    <tmap:id>1056982</tmap:id>    <name><![CDATA[/1056982/355867]]></name>    <description><![CDATA[ 에서  방면 정보없음 / 0]]></description>    <tmap:congestion>0</tmap:congestion>    <tmap:direction>null</tmap:direction>    <tmap:roadType>004</tmap:roadType>    <tmap:startNodeName><![CDATA[]]></tmap:startNodeName>    <tmap:endNodeName><![CDATA[]]></tmap:endNodeName>    <tmap:distance>116</tmap:distance>    <tmap:time>0.00</tmap:time>    <tmap:speed>0</tmap:speed>    <LineString>     <coordinates>126.887832,37.579862 126.887144,37.579129</coordinates>    </LineString>   </Placemark>   <Placemark>    <tmap:index>20</tmap:index>    <tmap:lineIndex>20</tmap:lineIndex>    <styleUrl>#style2</styleUrl>    <tmap:id>1057191</tmap:id>    <name><![CDATA[월드컵북로/1057191/355906]]></name>    <description><![CDATA[월드컵파크6단지 에서 월드컵파크5단지 방면 서행 / 23]]></description>    <tmap:congestion>2</tmap:congestion>    <tmap:direction>0</tmap:direction>    <tmap:roadType>004</tmap:roadType>    <tmap:startNodeName><![CDATA[월드컵파크6단지]]></tmap:startNodeName>    <tmap:endNodeName><![CDATA[월드컵파크5단지]]></tmap:endNodeName>    <tmap:distance>322</tmap:distance>    <tmap:time>50.40</tmap:time>    <tmap:speed>23</tmap:speed>    <LineString>     <coordinates>126.884912,37.581521 126.885928,37.580915 126.886871,37.580377 126.887843,37.579802</coordinates>    </LineString>   </Placemark>   <Placemark>    <tmap:index>21</tmap:index>    <tmap:lineIndex>21</tmap:lineIndex>    <styleUrl>#style2</styleUrl>    <tmap:id>1057192</tmap:id>    <name><![CDATA[월드컵북로/1057192/355907]]></name>    <description><![CDATA[월드컵파크5단지 에서 월드컵파크6단지 방면 서행 / 22]]></description>    <tmap:congestion>2</tmap:congestion>    <tmap:direction>1</tmap:direction>    <tmap:roadType>004</tmap:roadType>    <tmap:startNodeName><![CDATA[월드컵파크5단지]]></tmap:startNodeName>    <tmap:endNodeName><![CDATA[월드컵파크6단지]]></tmap:endNodeName>    <tmap:distance>322</tmap:distance>    <tmap:time>52.69</tmap:time>    <tmap:speed>22</tmap:speed>    <LineString>     <coordinates>126.887908,37.57987 126.886934,37.580446 126.885992,37.580983 126.884977,37.581589</coordinates>    </LineString>   </Placemark>   <Placemark>    <tmap:index>22</tmap:index>    <tmap:lineIndex>22</tmap:lineIndex>    <styleUrl>#style0</styleUrl>    <tmap:id>1057261</tmap:id>    <name><![CDATA[월드컵북로54길/1057261/355920]]></name>    <description><![CDATA[ 에서  방면 정보없음 / 0]]></description>    <tmap:congestion>0</tmap:congestion>    <tmap:direction>null</tmap:direction>    <tmap:roadType>004</tmap:roadType>    <tmap:startNodeName><![CDATA[]]></tmap:startNodeName>    <tmap:endNodeName><![CDATA[]]></tmap:endNodeName>    <tmap:distance>326</tmap:distance>    <tmap:time>0.00</tmap:time>    <tmap:speed>0</tmap:speed>    <LineString>     <coordinates>126.887918,37.579809 126.888781,37.580665 126.889425,37.581287 126.890252,37.582085</coordinates>    </LineString>   </Placemark>   <Placemark>    <tmap:index>23</tmap:index>    <tmap:lineIndex>23</tmap:lineIndex>    <styleUrl>#style0</styleUrl>    <tmap:id>1057262</tmap:id>    <name><![CDATA[월드컵북로54길/1057262/355921]]></name>    <description><![CDATA[ 에서  방면 정보없음 / 0]]></description>    <tmap:congestion>0</tmap:congestion>    <tmap:direction>null</tmap:direction>    <tmap:roadType>004</tmap:roadType>    <tmap:startNodeName><![CDATA[]]></tmap:startNodeName>    <tmap:endNodeName><![CDATA[]]></tmap:endNodeName>    <tmap:distance>326</tmap:distance>    <tmap:time>0.00</tmap:time>    <tmap:speed>0</tmap:speed>    <LineString>     <coordinates>126.890169,37.58214 126.889342,37.581342 126.888697,37.580719 126.887833,37.579863</coordinates>    </LineString>   </Placemark>   <Placemark>    <tmap:index>24</tmap:index>    <tmap:lineIndex>24</tmap:lineIndex>    <styleUrl>#style0</styleUrl>    <tmap:id>1057371</tmap:id>    <name><![CDATA[상암산로1길/1057371/355940]]></name>    <description><![CDATA[ 에서  방면 정보없음 / 0]]></description>    <tmap:congestion>0</tmap:congestion>    <tmap:direction>null</tmap:direction>    <tmap:roadType>004</tmap:roadType>    <tmap:startNodeName><![CDATA[]]></tmap:startNodeName>    <tmap:endNodeName><![CDATA[]]></tmap:endNodeName>    <tmap:distance>326</tmap:distance>    <tmap:time>0.00</tmap:time>    <tmap:speed>0</tmap:speed>    <LineString>     <coordinates>126.886986,37.579098 126.886859,37.579231 126.886601,37.579395 126.886167,37.579663 126.8852,37.580232 126.884607,37.580591 126.884501,37.580638 126.884415,37.580678</coordinates>    </LineString>   </Placemark>   <Placemark>    <tmap:index>25</tmap:index>    <tmap:lineIndex>25</tmap:lineIndex>    <styleUrl>#style0</styleUrl>    <tmap:id>1057372</tmap:id>    <name><![CDATA[상암산로1길/1057372/355941]]></name>    <description><![CDATA[ 에서  방면 정보없음 / 0]]></description>    <tmap:congestion>0</tmap:congestion>    <tmap:direction>null</tmap:direction>    <tmap:roadType>004</tmap:roadType>    <tmap:startNodeName><![CDATA[]]></tmap:startNodeName>    <tmap:endNodeName><![CDATA[]]></tmap:endNodeName>    <tmap:distance>326</tmap:distance>    <tmap:time>0.00</tmap:time>    <tmap:speed>0</tmap:speed>    <LineString>     <coordinates>126.884156,37.580667 126.884196,37.580654 126.884365,37.580602 126.884448,37.580564 126.884548,37.58052 126.885135,37.580164 126.886102,37.579595 126.886534,37.579328 126.886781,37.579171 126.8869,37.579046</coordinates>    </LineString>   </Placemark>   <Placemark>    <tmap:index>26</tmap:index>    <tmap:lineIndex>26</tmap:lineIndex>    <styleUrl>#style0</styleUrl>    <tmap:id>1057181</tmap:id>    <name><![CDATA[상암산로/1057181/355904]]></name>    <description><![CDATA[ 에서  방면 정보없음 / 0]]></description>    <tmap:congestion>0</tmap:congestion>    <tmap:direction>null</tmap:direction>    <tmap:roadType>004</tmap:roadType>    <tmap:startNodeName><![CDATA[]]></tmap:startNodeName>    <tmap:endNodeName><![CDATA[]]></tmap:endNodeName>    <tmap:distance>314</tmap:distance>    <tmap:time>0.00</tmap:time>    <tmap:speed>0</tmap:speed>    <LineString>     <coordinates>126.890557,37.578246 126.8899,37.577596 126.888325,37.576048</coordinates>    </LineString>   </Placemark>   <Placemark>    <tmap:index>27</tmap:index>    <tmap:lineIndex>27</tmap:lineIndex>    <styleUrl>#style0</styleUrl>    <tmap:id>1057182</tmap:id>    <name><![CDATA[상암산로/1057182/355905]]></name>    <description><![CDATA[ 에서  방면 정보없음 / 0]]></description>    <tmap:congestion>0</tmap:congestion>    <tmap:direction>null</tmap:direction>    <tmap:roadType>004</tmap:roadType>    <tmap:startNodeName><![CDATA[]]></tmap:startNodeName>    <tmap:endNodeName><![CDATA[]]></tmap:endNodeName>    <tmap:distance>314</tmap:distance>    <tmap:time>0.00</tmap:time>    <tmap:speed>0</tmap:speed>    <LineString>     <coordinates>126.888409,37.575995 126.889984,37.577543 126.890642,37.578192</coordinates>    </LineString>   </Placemark>   <Placemark>    <tmap:index>28</tmap:index>    <tmap:lineIndex>28</tmap:lineIndex>    <styleUrl>#style0</styleUrl>    <tmap:id>1057381</tmap:id>    <name><![CDATA[상암산로1길/1057381/355942]]></name>    <description><![CDATA[ 에서  방면 정보없음 / 0]]></description>    <tmap:congestion>0</tmap:congestion>    <tmap:direction>null</tmap:direction>    <tmap:roadType>004</tmap:roadType>    <tmap:startNodeName><![CDATA[]]></tmap:startNodeName>    <tmap:endNodeName><![CDATA[]]></tmap:endNodeName>    <tmap:distance>369</tmap:distance>    <tmap:time>0.00</tmap:time>    <tmap:speed>0</tmap:speed>    <LineString>     <coordinates>126.888401,37.576054 126.887868,37.576404 126.887715,37.576561 126.887657,37.576661 126.887638,37.576781 126.887628,37.576925 126.887644,37.577126 126.887674,37.577343 126.887664,37.577507 126.887656,37.577806 126.887653,37.577875 126.887558,37.578235 126.887336,37.578626 126.88725,37.578764 126.887217,37.578831 126.887185,37.578883 126.887156,37.578921</coordinates>    </LineString>   </Placemark>   <Placemark>    <tmap:index>29</tmap:index>    <tmap:lineIndex>29</tmap:lineIndex>    <styleUrl>#style0</styleUrl>    <tmap:id>1057382</tmap:id>    <name><![CDATA[상암산로1길/1057382/355943]]></name>    <description><![CDATA[ 에서  방면 정보없음 / 0]]></description>    <tmap:congestion>0</tmap:congestion>    <tmap:direction>null</tmap:direction>    <tmap:roadType>004</tmap:roadType>    <tmap:startNodeName><![CDATA[]]></tmap:startNodeName>    <tmap:endNodeName><![CDATA[]]></tmap:endNodeName>    <tmap:distance>369</tmap:distance>    <tmap:time>0.00</tmap:time>    <tmap:speed>0</tmap:speed>    <LineString>     <coordinates>126.887063,37.578878 126.88709,37.578842 126.887118,37.578796 126.887151,37.578729 126.887238,37.578589 126.887455,37.578208 126.887546,37.577865 126.887549,37.577803 126.887556,37.577504 126.887566,37.577346 126.887537,37.577134 126.88752,37.576925 126.88753,37.576773 126.887552,37.576638 126.887622,37.576516 126.88779,37.576345 126.888332,37.575988</coordinates>    </LineString>   </Placemark>   <Placemark>    <tmap:index>30</tmap:index>    <tmap:lineIndex>30</tmap:lineIndex>    <styleUrl>#style1</styleUrl>    <tmap:id>1057401</tmap:id>    <name><![CDATA[매봉산로/1057401/355946]]></name>    <description><![CDATA[월드컵파크2단지 에서 하늘공원 방면 원활 / 37]]></description>    <tmap:congestion>1</tmap:congestion>    <tmap:direction>0</tmap:direction>    <tmap:roadType>004</tmap:roadType>    <tmap:startNodeName><![CDATA[월드컵파크2단지]]></tmap:startNodeName>    <tmap:endNodeName><![CDATA[하늘공원]]></tmap:endNodeName>    <tmap:distance>267</tmap:distance>    <tmap:time>25.97</tmap:time>    <tmap:speed>37</tmap:speed>    <LineString>     <coordinates>126.890052,37.574912 126.888127,37.573056</coordinates>    </LineString>   </Placemark>   <Placemark>    <tmap:index>31</tmap:index>    <tmap:lineIndex>31</tmap:lineIndex>    <styleUrl>#style2</styleUrl>    <tmap:id>1057402</tmap:id>    <name><![CDATA[매봉산로/1057402/355947]]></name>    <description><![CDATA[하늘공원 에서 월드컵파크2단지 방면 서행 / 27]]></description>    <tmap:congestion>2</tmap:congestion>    <tmap:direction>1</tmap:direction>    <tmap:roadType>004</tmap:roadType>    <tmap:startNodeName><![CDATA[하늘공원]]></tmap:startNodeName>    <tmap:endNodeName><![CDATA[월드컵파크2단지]]></tmap:endNodeName>    <tmap:distance>267</tmap:distance>    <tmap:time>35.60</tmap:time>    <tmap:speed>27</tmap:speed>    <LineString>     <coordinates>126.88821,37.573002 126.890135,37.574858</coordinates>    </LineString>   </Placemark>  </Document> </kml> 