<?xml version="1.0" encoding="UTF-8"?> <kml xmlns="http://www.opengis.net/kml/2.2"  xmlns:xsi="http://www.w3.org/2001/XMLSchema-instance"  xsi:schemaLocation="http://schemas.opengis.net/kml/2.2.0/ogckml22.xsd"   xmlns:tmap="http://tlp.tmap.co.kr/">  <Document>   <Style id="accPoint">    <IconStyle>     <scale>1.5</scale>     <Icon>      <href>http://www.allnew2013altima.com/imggallery/134/icon-poi.png</href>     </Icon>    </IconStyle>   </Style>   <Style id="style0">    <LineStyle>     <color>FF828287</color>     <width>4</width>    </LineStyle>   </Style>   <Style id="style1">    <LineStyle>     <color>FF45D51D</color>     <width>4</width>    </LineStyle>   </Style>   <Style id="style2">    <LineStyle>     <color>FF01C6FF</color>     <width>4</width>    </LineStyle>   </Style>   <Style id="style3">    <LineStyle>     <color>FF0084FF</color>     <width>4</width>    </LineStyle>   </Style>   <Style id="style4">    <LineStyle>     <color>FF1E33FF</color>     <width>4</width>    </LineStyle>   </Style>  <tmap:updateTime>201707162340</tmap:updateTime>   <Placemark>    <tmap:index>0</tmap:index>    <tmap:lineIndex>0</tmap:lineIndex>    <styleUrl>#style3</styleUrl>    <tmap:id>1006471</tmap:id>    <name><![CDATA[증산로15길/1006471/351935]]></name>    <description><![CDATA[상신중교입구 에서 와산교 방면 지체 / 17]]></description>    <tmap:congestion>3</tmap:congestion>    <tmap:direction>1</tmap:direction>    <tmap:roadType>004</tmap:roadType>    <tmap:startNodeName><![CDATA[상신중교입구]]></tmap:startNodeName>    <tmap:endNodeName><![CDATA[와산교]]></tmap:endNodeName>    <tmap:distance>750</tmap:distance>    <tmap:time>158.82</tmap:time>    <tmap:speed>17</tmap:speed>    <LineString>     <coordinates>126.905202,37.590806 126.905876,37.590617 126.906158,37.590551 126.906435,37.590511 126.907493,37.590444 126.908448,37.590389 126.90883,37.590394 126.908904,37.590394 126.909014,37.590394 126.909091,37.590383 126.909194,37.590356 126.909285,37.590328 126.909411,37.590252 126.909487,37.590215 126.909925,37.589976 126.910144,37.589829 126.910332,37.589655 126.910488,37.589504 126.910654,37.589318 126.910717,37.58925 126.910862,37.589166 126.911026,37.589073 126.91154,37.588953 126.912522,37.588756 126.912851,37.588686 126.913035,37.588663</coordinates>    </LineString>   </Placemark>   <Placemark>    <tmap:index>1</tmap:index>    <tmap:lineIndex>1</tmap:lineIndex>    <styleUrl>#style3</styleUrl>    <tmap:id>1006472</tmap:id>    <name><![CDATA[증산로15길/1006472/351936]]></name>    <description><![CDATA[와산교 에서 상신중교입구 방면 지체 / 16]]></description>    <tmap:congestion>3</tmap:congestion>    <tmap:direction>0</tmap:direction>    <tmap:roadType>004</tmap:roadType>    <tmap:startNodeName><![CDATA[와산교]]></tmap:startNodeName>    <tmap:endNodeName><![CDATA[상신중교입구]]></tmap:endNodeName>    <tmap:distance>750</tmap:distance>    <tmap:time>168.75</tmap:time>    <tmap:speed>16</tmap:speed>    <LineString>     <coordinates>126.913052,37.588747 126.912873,37.588769 126.912549,37.588839 126.911569,37.589035 126.911074,37.589151 126.910925,37.589235 126.910794,37.589311 126.910741,37.589368 126.910574,37.589556 126.910415,37.58971 126.91022,37.58989 126.90999,37.590044 126.909545,37.590287 126.909472,37.590322 126.909338,37.590404 126.90923,37.590437 126.909117,37.590466 126.909024,37.590479 126.908904,37.59048 126.908829,37.59048 126.908451,37.590475 126.907501,37.590529 126.906449,37.590596 126.906183,37.590635 126.905909,37.590699 126.905238,37.590886</coordinates>    </LineString>   </Placemark>   <Placemark>    <tmap:index>2</tmap:index>    <tmap:lineIndex>2</tmap:lineIndex>    <styleUrl>#style2</styleUrl>    <tmap:id>1006741</tmap:id>    <name><![CDATA[증산서길/1006741/351984]]></name>    <description><![CDATA[와산교 에서 증산역 방면 서행 / 28]]></description>    <tmap:congestion>2</tmap:congestion>    <tmap:direction>0</tmap:direction>    <tmap:roadType>004</tmap:roadType>    <tmap:startNodeName><![CDATA[와산교]]></tmap:startNodeName>    <tmap:endNodeName><![CDATA[증산역]]></tmap:endNodeName>    <tmap:distance>538</tmap:distance>    <tmap:time>69.17</tmap:time>    <tmap:speed>28</tmap:speed>    <LineString>     <coordinates>126.912487,37.588816 126.912444,37.588745 126.911833,37.588023 126.911514,37.587646 126.911233,37.587313 126.910419,37.586357 126.91029,37.586229 126.910014,37.586037 126.909604,37.58587 126.909315,37.585758 126.908863,37.585577</coordinates>    </LineString>   </Placemark>   <Placemark>    <tmap:index>3</tmap:index>    <tmap:lineIndex>3</tmap:lineIndex>    <styleUrl>#style1</styleUrl>    <tmap:id>1006481</tmap:id>    <name><![CDATA[은평터널로/1006481/351937]]></name>    <description><![CDATA[상신중교입구 에서 수색역 방면 원활 / 32]]></description>    <tmap:congestion>1</tmap:congestion>    <tmap:direction>0</tmap:direction>    <tmap:roadType>004</tmap:roadType>    <tmap:startNodeName><![CDATA[상신중교입구]]></tmap:startNodeName>    <tmap:endNodeName><![CDATA[수색역]]></tmap:endNodeName>    <tmap:distance>1308</tmap:distance>    <tmap:time>147.15</tmap:time>    <tmap:speed>32</tmap:speed>    <LineString>     <coordinates>126.905178,37.590872 126.905045,37.59074 126.904394,37.590079 126.902147,37.587802 126.90115,37.586815 126.901117,37.586786 126.900547,37.586333 126.899653,37.585632 126.899376,37.585417 126.899332,37.585384 126.898964,37.585101 126.898057,37.584416 126.897552,37.584033 126.89661,37.583349 126.895978,37.582741 126.895443,37.582259</coordinates>    </LineString>   </Placemark>   <Placemark>    <tmap:index>4</tmap:index>    <tmap:lineIndex>4</tmap:lineIndex>    <styleUrl>#style2</styleUrl>    <tmap:id>1006482</tmap:id>    <name><![CDATA[은평터널로/1006482/351938]]></name>    <description><![CDATA[수색역 에서 상신중교입구 방면 서행 / 26]]></description>    <tmap:congestion>2</tmap:congestion>    <tmap:direction>1</tmap:direction>    <tmap:roadType>004</tmap:roadType>    <tmap:startNodeName><![CDATA[수색역]]></tmap:startNodeName>    <tmap:endNodeName><![CDATA[상신중교입구]]></tmap:endNodeName>    <tmap:distance>1308</tmap:distance>    <tmap:time>181.10</tmap:time>    <tmap:speed>26</tmap:speed>    <LineString>     <coordinates>126.895523,37.582203 126.89606,37.582686 126.896688,37.58329 126.897625,37.58397 126.898131,37.584355 126.899039,37.585039 126.899406,37.585322 126.899451,37.585355 126.899728,37.585571 126.900623,37.586272 126.901196,37.586728 126.901232,37.58676 126.902231,37.587749 126.904478,37.590027 126.905129,37.590687 126.905262,37.590819</coordinates>    </LineString>   </Placemark>   <Placemark>    <tmap:index>5</tmap:index>    <tmap:lineIndex>5</tmap:lineIndex>    <styleUrl>#style2</styleUrl>    <tmap:id>1006742</tmap:id>    <name><![CDATA[증산서길/1006742/351985]]></name>    <description><![CDATA[증산역 에서 와산교 방면 서행 / 22]]></description>    <tmap:congestion>2</tmap:congestion>    <tmap:direction>1</tmap:direction>    <tmap:roadType>004</tmap:roadType>    <tmap:startNodeName><![CDATA[증산역]]></tmap:startNodeName>    <tmap:endNodeName><![CDATA[와산교]]></tmap:endNodeName>    <tmap:distance>538</tmap:distance>    <tmap:time>88.03</tmap:time>    <tmap:speed>22</tmap:speed>    <LineString>     <coordinates>126.908912,37.585501 126.909363,37.585681 126.909653,37.585793 126.910075,37.585966 126.910368,37.58617 126.910506,37.586307 126.911322,37.587265 126.911604,37.587599 126.911923,37.587976 126.912537,37.588702 126.912584,37.588778</coordinates>    </LineString>   </Placemark>   <Placemark>    <tmap:index>6</tmap:index>    <tmap:lineIndex>6</tmap:lineIndex>    <styleUrl>#style2</styleUrl>    <tmap:id>1007221</tmap:id>    <name><![CDATA[증산로9길/1007221/352063]]></name>    <description><![CDATA[증산역 에서 증산2교 방면 서행 / 27]]></description>    <tmap:congestion>2</tmap:congestion>    <tmap:direction>0</tmap:direction>    <tmap:roadType>004</tmap:roadType>    <tmap:startNodeName><![CDATA[증산역]]></tmap:startNodeName>    <tmap:endNodeName><![CDATA[증산2교]]></tmap:endNodeName>    <tmap:distance>166</tmap:distance>    <tmap:time>22.13</tmap:time>    <tmap:speed>27</tmap:speed>    <LineString>     <coordinates>126.908852,37.585507 126.909233,37.585243 126.909676,37.584926 126.9103,37.584487</coordinates>    </LineString>   </Placemark>   <Placemark>    <tmap:index>7</tmap:index>    <tmap:lineIndex>7</tmap:lineIndex>    <styleUrl>#style3</styleUrl>    <tmap:id>1007222</tmap:id>    <name><![CDATA[증산로9길/1007222/352064]]></name>    <description><![CDATA[증산2교 에서 증산역 방면 지체 / 18]]></description>    <tmap:congestion>3</tmap:congestion>    <tmap:direction>1</tmap:direction>    <tmap:roadType>004</tmap:roadType>    <tmap:startNodeName><![CDATA[증산2교]]></tmap:startNodeName>    <tmap:endNodeName><![CDATA[증산역]]></tmap:endNodeName>    <tmap:distance>166</tmap:distance>    <tmap:time>33.19</tmap:time>    <tmap:speed>18</tmap:speed>    <LineString>     <coordinates>126.910372,37.584551 126.909748,37.584989 126.909304,37.585306 126.908923,37.585571</coordinates>    </LineString>   </Placemark>   <Placemark>    <tmap:index>8</tmap:index>    <tmap:lineIndex>8</tmap:lineIndex>    <styleUrl>#style1</styleUrl>    <tmap:id>1007601</tmap:id>    <name><![CDATA[응암로/1007601/352119]]></name>    <description><![CDATA[북가좌사거리 에서 북가좌초교입구 방면 원활 / 43]]></description>    <tmap:congestion>1</tmap:congestion>    <tmap:direction>0</tmap:direction>    <tmap:roadType>004</tmap:roadType>    <tmap:startNodeName><![CDATA[북가좌사거리]]></tmap:startNodeName>    <tmap:endNodeName><![CDATA[북가좌초교입구]]></tmap:endNodeName>    <tmap:distance>605</tmap:distance>    <tmap:time>50.65</tmap:time>    <tmap:speed>43</tmap:speed>    <LineString>     <coordinates>126.913233,37.582481 126.912698,37.581779 126.912029,37.580886 126.91139,37.580065 126.910733,37.579207 126.909697,37.577897</coordinates>    </LineString>   </Placemark>   <Placemark>    <tmap:index>9</tmap:index>    <tmap:lineIndex>9</tmap:lineIndex>    <styleUrl>#style3</styleUrl>    <tmap:id>1007602</tmap:id>    <name><![CDATA[응암로/1007602/352120]]></name>    <description><![CDATA[북가좌초교입구 에서 북가좌사거리 방면 지체 / 17]]></description>    <tmap:congestion>3</tmap:congestion>    <tmap:direction>1</tmap:direction>    <tmap:roadType>004</tmap:roadType>    <tmap:startNodeName><![CDATA[북가좌초교입구]]></tmap:startNodeName>    <tmap:endNodeName><![CDATA[북가좌사거리]]></tmap:endNodeName>    <tmap:distance>605</tmap:distance>    <tmap:time>128.11</tmap:time>    <tmap:speed>17</tmap:speed>    <LineString>     <coordinates>126.909788,37.577851 126.910825,37.579162 126.911482,37.58002 126.912121,37.580841 126.912791,37.581735 126.913325,37.582437</coordinates>    </LineString>   </Placemark>   <Placemark>    <tmap:index>10</tmap:index>    <tmap:lineIndex>10</tmap:lineIndex>    <styleUrl>#style1</styleUrl>    <tmap:id>1007801</tmap:id>    <name><![CDATA[증산로/1007801/352155]]></name>    <description><![CDATA[증산3교 에서 증산교차로 방면 원활 / 49]]></description>    <tmap:congestion>1</tmap:congestion>    <tmap:direction>0</tmap:direction>    <tmap:roadType>013</tmap:roadType>    <tmap:startNodeName><![CDATA[증산3교]]></tmap:startNodeName>    <tmap:endNodeName><![CDATA[증산교차로]]></tmap:endNodeName>    <tmap:distance>354</tmap:distance>    <tmap:time>26.00</tmap:time>    <tmap:speed>49</tmap:speed>    <LineString>     <coordinates>126.905898,37.580436 126.905003,37.579591 126.904183,37.578769 126.904103,37.578697</coordinates>    </LineString>   </Placemark>   <Placemark>    <tmap:index>11</tmap:index>    <tmap:lineIndex>11</tmap:lineIndex>    <styleUrl>#style1</styleUrl>    <tmap:id>1007802</tmap:id>    <name><![CDATA[증산로/1007802/352156]]></name>    <description><![CDATA[증산교차로 에서 증산3교 방면 원활 / 35]]></description>    <tmap:congestion>1</tmap:congestion>    <tmap:direction>1</tmap:direction>    <tmap:roadType>004</tmap:roadType>    <tmap:startNodeName><![CDATA[증산교차로]]></tmap:startNodeName>    <tmap:endNodeName><![CDATA[증산3교]]></tmap:endNodeName>    <tmap:distance>354</tmap:distance>    <tmap:time>36.41</tmap:time>    <tmap:speed>35</tmap:speed>    <LineString>     <coordinates>126.903873,37.578313 126.904185,37.578642 126.904265,37.578714 126.905086,37.579537 126.90598,37.580382</coordinates>    </LineString>   </Placemark>   <Placemark>    <tmap:index>12</tmap:index>    <tmap:lineIndex>12</tmap:lineIndex>    <styleUrl>#style3</styleUrl>    <tmap:id>1007812</tmap:id>    <name><![CDATA[거북골로/1007812/352158]]></name>    <description><![CDATA[북가좌초교입구 에서 증산3교 방면 지체 / 14]]></description>    <tmap:congestion>3</tmap:congestion>    <tmap:direction>0</tmap:direction>    <tmap:roadType>004</tmap:roadType>    <tmap:startNodeName><![CDATA[북가좌초교입구]]></tmap:startNodeName>    <tmap:endNodeName><![CDATA[증산3교]]></tmap:endNodeName>    <tmap:distance>429</tmap:distance>    <tmap:time>110.31</tmap:time>    <tmap:speed>14</tmap:speed>    <LineString>     <coordinates>126.909777,37.577907 126.90925,37.578251 126.908163,37.57898 126.907975,37.579103 126.907705,37.579278 126.907437,37.579457 126.907153,37.579648 126.906972,37.579768 126.906662,37.57996 126.906531,37.580047 126.906169,37.58028 126.905978,37.580439</coordinates>    </LineString>   </Placemark>   <Placemark>    <tmap:index>13</tmap:index>    <tmap:lineIndex>13</tmap:lineIndex>    <styleUrl>#style2</styleUrl>    <tmap:id>1007231</tmap:id>    <name><![CDATA[증산서길/1007231/352065]]></name>    <description><![CDATA[증산역 에서 증산초교 방면 서행 / 22]]></description>    <tmap:congestion>2</tmap:congestion>    <tmap:direction>0</tmap:direction>    <tmap:roadType>004</tmap:roadType>    <tmap:startNodeName><![CDATA[증산역]]></tmap:startNodeName>    <tmap:endNodeName><![CDATA[증산초교]]></tmap:endNodeName>    <tmap:distance>618</tmap:distance>    <tmap:time>101.12</tmap:time>    <tmap:speed>22</tmap:speed>    <LineString>     <coordinates>126.908864,37.585577 126.90857,37.585462 126.908293,37.585348 126.90822,37.585305 126.908118,37.585241 126.908006,37.585152 126.907897,37.585054 126.907759,37.584915 126.907328,37.58445 126.906309,37.583334 126.905437,37.582386 126.904878,37.581777 126.904516,37.581371</coordinates>    </LineString>   </Placemark>   <Placemark>    <tmap:index>14</tmap:index>    <tmap:lineIndex>14</tmap:lineIndex>    <styleUrl>#style2</styleUrl>    <tmap:id>1007232</tmap:id>    <name><![CDATA[증산서길/1007232/352066]]></name>    <description><![CDATA[증산초교 에서 증산역 방면 서행 / 23]]></description>    <tmap:congestion>2</tmap:congestion>    <tmap:direction>1</tmap:direction>    <tmap:roadType>004</tmap:roadType>    <tmap:startNodeName><![CDATA[증산초교]]></tmap:startNodeName>    <tmap:endNodeName><![CDATA[증산역]]></tmap:endNodeName>    <tmap:distance>618</tmap:distance>    <tmap:time>96.73</tmap:time>    <tmap:speed>23</tmap:speed>    <LineString>     <coordinates>126.904604,37.581322 126.904965,37.581727 126.905524,37.582335 126.906396,37.583284 126.907415,37.584399 126.907845,37.584864 126.907979,37.584999 126.908085,37.585093 126.90819,37.585177 126.908286,37.585238 126.90835,37.585276 126.908618,37.585386 126.908912,37.585501</coordinates>    </LineString>   </Placemark>   <Placemark>    <tmap:index>15</tmap:index>    <tmap:lineIndex>15</tmap:lineIndex>    <styleUrl>#style2</styleUrl>    <tmap:id>1007331</tmap:id>    <name><![CDATA[증산로/1007331/352080]]></name>    <description><![CDATA[증산2교 에서 증산3교 방면 서행 / 26]]></description>    <tmap:congestion>2</tmap:congestion>    <tmap:direction>0</tmap:direction>    <tmap:roadType>004</tmap:roadType>    <tmap:startNodeName><![CDATA[증산2교]]></tmap:startNodeName>    <tmap:endNodeName><![CDATA[증산3교]]></tmap:endNodeName>    <tmap:distance>600</tmap:distance>    <tmap:time>83.07</tmap:time>    <tmap:speed>26</tmap:speed>    <LineString>     <coordinates>126.910294,37.584547 126.909885,37.584154 126.909022,37.583371 126.907904,37.582317 126.907346,37.581797 126.906953,37.581433 126.905898,37.580437</coordinates>    </LineString>   </Placemark>   <Placemark>    <tmap:index>16</tmap:index>    <tmap:lineIndex>16</tmap:lineIndex>    <styleUrl>#style1</styleUrl>    <tmap:id>1007332</tmap:id>    <name><![CDATA[증산로/1007332/352081]]></name>    <description><![CDATA[증산3교 에서 증산2교 방면 원활 / 50]]></description>    <tmap:congestion>1</tmap:congestion>    <tmap:direction>1</tmap:direction>    <tmap:roadType>004</tmap:roadType>    <tmap:startNodeName><![CDATA[증산3교]]></tmap:startNodeName>    <tmap:endNodeName><![CDATA[증산2교]]></tmap:endNodeName>    <tmap:distance>600</tmap:distance>    <tmap:time>43.20</tmap:time>    <tmap:speed>50</tmap:speed>    <LineString>     <coordinates>126.90598,37.580382 126.907035,37.581378 126.907428,37.581742 126.907987,37.582262 126.909104,37.583315 126.909967,37.584099 126.910377,37.584492</coordinates>    </LineString>   </Placemark>   <Placemark>    <tmap:index>17</tmap:index>    <tmap:lineIndex>17</tmap:lineIndex>    <styleUrl>#style4</styleUrl>    <tmap:id>1007711</tmap:id>    <name><![CDATA[증산로3길/1007711/352139]]></name>    <description><![CDATA[증산초교 에서 증산3교 방면 정체 / 6]]></description>    <tmap:congestion>4</tmap:congestion>    <tmap:direction>0</tmap:direction>    <tmap:roadType>004</tmap:roadType>    <tmap:startNodeName><![CDATA[증산초교]]></tmap:startNodeName>    <tmap:endNodeName><![CDATA[증산3교]]></tmap:endNodeName>    <tmap:distance>172</tmap:distance>    <tmap:time>103.19</tmap:time>    <tmap:speed>6</tmap:speed>    <LineString>     <coordinates>126.904524,37.581315 126.905001,37.580981 126.905904,37.580376</coordinates>    </LineString>   </Placemark>   <Placemark>    <tmap:index>18</tmap:index>    <tmap:lineIndex>18</tmap:lineIndex>    <styleUrl>#style4</styleUrl>    <tmap:id>1007712</tmap:id>    <name><![CDATA[증산로3길/1007712/352140]]></name>    <description><![CDATA[증산3교 에서 증산초교 방면 정체 / 8]]></description>    <tmap:congestion>4</tmap:congestion>    <tmap:direction>1</tmap:direction>    <tmap:roadType>004</tmap:roadType>    <tmap:startNodeName><![CDATA[증산3교]]></tmap:startNodeName>    <tmap:endNodeName><![CDATA[증산초교]]></tmap:endNodeName>    <tmap:distance>172</tmap:distance>    <tmap:time>77.39</tmap:time>    <tmap:speed>8</tmap:speed>    <LineString>     <coordinates>126.905974,37.580442 126.905071,37.581045 126.904595,37.581379</coordinates>    </LineString>   </Placemark>   <Placemark>    <tmap:index>19</tmap:index>    <tmap:lineIndex>19</tmap:lineIndex>    <styleUrl>#style3</styleUrl>    <tmap:id>1007721</tmap:id>    <name><![CDATA[증산서길/1007721/352141]]></name>    <description><![CDATA[증산초교 에서 수색성당입구 방면 지체 / 15]]></description>    <tmap:congestion>3</tmap:congestion>    <tmap:direction>0</tmap:direction>    <tmap:roadType>004</tmap:roadType>    <tmap:startNodeName><![CDATA[증산초교]]></tmap:startNodeName>    <tmap:endNodeName><![CDATA[수색성당입구]]></tmap:endNodeName>    <tmap:distance>502</tmap:distance>    <tmap:time>120.47</tmap:time>    <tmap:speed>15</tmap:speed>    <LineString>     <coordinates>126.904516,37.581372 126.90416,37.580989 126.904005,37.580856 126.903664,37.580645 126.902602,37.579966 126.902046,37.579628 126.901597,37.57936 126.901484,37.579312 126.901422,37.579303 126.901394,37.5793 126.90135,37.579304 126.901269,37.579322 126.900467,37.57957 126.90021,37.579622 126.899989,37.579645 126.899931,37.579639</coordinates>    </LineString>   </Placemark>   <Placemark>    <tmap:index>20</tmap:index>    <tmap:lineIndex>20</tmap:lineIndex>    <styleUrl>#style2</styleUrl>    <tmap:id>1007722</tmap:id>    <name><![CDATA[증산서길/1007722/352142]]></name>    <description><![CDATA[수색성당입구 에서 증산초교 방면 서행 / 23]]></description>    <tmap:congestion>2</tmap:congestion>    <tmap:direction>1</tmap:direction>    <tmap:roadType>004</tmap:roadType>    <tmap:startNodeName><![CDATA[수색성당입구]]></tmap:startNodeName>    <tmap:endNodeName><![CDATA[증산초교]]></tmap:endNodeName>    <tmap:distance>502</tmap:distance>    <tmap:time>78.57</tmap:time>    <tmap:speed>23</tmap:speed>    <LineString>     <coordinates>126.899943,37.579554 126.899988,37.579559 126.90019,37.579538 126.900434,37.579489 126.901235,37.579241 126.901329,37.57922 126.901394,37.579214 126.901439,37.579218 126.90152,37.579231 126.901655,37.579287 126.902112,37.57956 126.902669,37.579899 126.903731,37.580578 126.904078,37.580793 126.904243,37.580935 126.904603,37.581321</coordinates>    </LineString>   </Placemark>   <Placemark>    <tmap:index>21</tmap:index>    <tmap:lineIndex>21</tmap:lineIndex>    <styleUrl>#style3</styleUrl>    <tmap:id>1007811</tmap:id>    <name><![CDATA[거북골로/1007811/352157]]></name>    <description><![CDATA[증산3교 에서 북가좌초교입구 방면 지체 / 17]]></description>    <tmap:congestion>3</tmap:congestion>    <tmap:direction>1</tmap:direction>    <tmap:roadType>004</tmap:roadType>    <tmap:startNodeName><![CDATA[증산3교]]></tmap:startNodeName>    <tmap:endNodeName><![CDATA[북가좌초교입구]]></tmap:endNodeName>    <tmap:distance>429</tmap:distance>    <tmap:time>90.84</tmap:time>    <tmap:speed>17</tmap:speed>    <LineString>     <coordinates>126.9059,37.58038 126.906096,37.580217 126.906463,37.579982 126.906594,37.579894 126.906904,37.579702 126.907083,37.579583 126.907368,37.579392 126.907636,37.579212 126.907907,37.579037 126.908094,37.578915 126.909181,37.578185 126.909708,37.577841</coordinates>    </LineString>   </Placemark>  </Document> </kml> 