<?xml version="1.0" encoding="UTF-8"?> <kml xmlns="http://www.opengis.net/kml/2.2"  xmlns:xsi="http://www.w3.org/2001/XMLSchema-instance"  xsi:schemaLocation="http://schemas.opengis.net/kml/2.2.0/ogckml22.xsd"   xmlns:tmap="http://tlp.tmap.co.kr/">  <Document>   <Style id="accPoint">    <IconStyle>     <scale>1.5</scale>     <Icon>      <href>http://www.allnew2013altima.com/imggallery/134/icon-poi.png</href>     </Icon>    </IconStyle>   </Style>   <Style id="style0">    <LineStyle>     <color>FF828287</color>     <width>4</width>    </LineStyle>   </Style>   <Style id="style1">    <LineStyle>     <color>FF45D51D</color>     <width>4</width>    </LineStyle>   </Style>   <Style id="style2">    <LineStyle>     <color>FF01C6FF</color>     <width>4</width>    </LineStyle>   </Style>   <Style id="style3">    <LineStyle>     <color>FF0084FF</color>     <width>4</width>    </LineStyle>   </Style>   <Style id="style4">    <LineStyle>     <color>FF1E33FF</color>     <width>4</width>    </LineStyle>   </Style>  <tmap:updateTime>201707162340</tmap:updateTime>   <Placemark>    <tmap:index>0</tmap:index>    <tmap:lineIndex>0</tmap:lineIndex>    <styleUrl>#style2</styleUrl>    <tmap:id>1007611</tmap:id>    <name><![CDATA[증가로/1007611/352121]]></name>    <description><![CDATA[북가좌사거리 에서 남가좌동사거리 방면 서행 / 21]]></description>    <tmap:congestion>2</tmap:congestion>    <tmap:direction>0</tmap:direction>    <tmap:roadType>004</tmap:roadType>    <tmap:startNodeName><![CDATA[북가좌사거리]]></tmap:startNodeName>    <tmap:endNodeName><![CDATA[남가좌동사거리]]></tmap:endNodeName>    <tmap:distance>908</tmap:distance>    <tmap:time>155.65</tmap:time>    <tmap:speed>21</tmap:speed>    <LineString>     <coordinates>126.913244,37.582427 126.913454,37.582286 126.913692,37.582086 126.914129,37.581702 126.914243,37.581604 126.914866,37.581089 126.915162,37.580845 126.915604,37.580466 126.91591,37.580203 126.916025,37.580098 126.916151,37.579982 126.91637,37.579789 126.916791,37.579475 126.917194,37.579265 126.918887,37.578378 126.9191,37.578267 126.919483,37.578065 126.919869,37.577895 126.920196,37.577791 126.920581,37.57771 126.921228,37.577616</coordinates>    </LineString>   </Placemark>   <Placemark>    <tmap:index>1</tmap:index>    <tmap:lineIndex>1</tmap:lineIndex>    <styleUrl>#style2</styleUrl>    <tmap:id>1007612</tmap:id>    <name><![CDATA[증가로/1007612/352122]]></name>    <description><![CDATA[남가좌동사거리 에서 북가좌사거리 방면 서행 / 26]]></description>    <tmap:congestion>2</tmap:congestion>    <tmap:direction>1</tmap:direction>    <tmap:roadType>004</tmap:roadType>    <tmap:startNodeName><![CDATA[남가좌동사거리]]></tmap:startNodeName>    <tmap:endNodeName><![CDATA[북가좌사거리]]></tmap:endNodeName>    <tmap:distance>908</tmap:distance>    <tmap:time>125.72</tmap:time>    <tmap:speed>26</tmap:speed>    <LineString>     <coordinates>126.921247,37.5777 126.920605,37.577793 126.92023,37.577872 126.919915,37.577973 126.919539,37.578138 126.919159,37.578338 126.918946,37.57845 126.917253,37.579336 126.916858,37.579543 126.916447,37.579849 126.916232,37.580039 126.916106,37.580154 126.91599,37.58026 126.915683,37.580524 126.91524,37.580903 126.914944,37.581148 126.914321,37.581663 126.914208,37.58176 126.913771,37.582144 126.913528,37.582348 126.913314,37.582492</coordinates>    </LineString>   </Placemark>   <Placemark>    <tmap:index>2</tmap:index>    <tmap:lineIndex>2</tmap:lineIndex>    <styleUrl>#style2</styleUrl>    <tmap:id>1006561</tmap:id>    <name><![CDATA[가좌로/1006561/351952]]></name>    <description><![CDATA[응암오거리 에서 충암고교 방면 서행 / 20]]></description>    <tmap:congestion>2</tmap:congestion>    <tmap:direction>0</tmap:direction>    <tmap:roadType>004</tmap:roadType>    <tmap:startNodeName><![CDATA[응암오거리]]></tmap:startNodeName>    <tmap:endNodeName><![CDATA[충암고교]]></tmap:endNodeName>    <tmap:distance>678</tmap:distance>    <tmap:time>122.04</tmap:time>    <tmap:speed>20</tmap:speed>    <LineString>     <coordinates>126.917202,37.59006 126.917488,37.589832 126.918291,37.58919 126.918797,37.588803 126.919082,37.588585 126.920074,37.587789 126.920703,37.587291 126.921678,37.586504 126.922008,37.586253 126.92249,37.585867 126.922797,37.5856</coordinates>    </LineString>   </Placemark>   <Placemark>    <tmap:index>3</tmap:index>    <tmap:lineIndex>3</tmap:lineIndex>    <styleUrl>#style2</styleUrl>    <tmap:id>1006562</tmap:id>    <name><![CDATA[가좌로/1006562/351953]]></name>    <description><![CDATA[충암고교 에서 응암오거리 방면 서행 / 25]]></description>    <tmap:congestion>2</tmap:congestion>    <tmap:direction>1</tmap:direction>    <tmap:roadType>004</tmap:roadType>    <tmap:startNodeName><![CDATA[충암고교]]></tmap:startNodeName>    <tmap:endNodeName><![CDATA[응암오거리]]></tmap:endNodeName>    <tmap:distance>678</tmap:distance>    <tmap:time>97.63</tmap:time>    <tmap:speed>25</tmap:speed>    <LineString>     <coordinates>126.922877,37.585657 126.922568,37.585926 126.922083,37.586314 126.921754,37.586565 126.920779,37.587351 126.92015,37.587849 126.919158,37.588646 126.918872,37.588865 126.918367,37.589251 126.917564,37.589893 126.917278,37.59012</coordinates>    </LineString>   </Placemark>   <Placemark>    <tmap:index>4</tmap:index>    <tmap:lineIndex>4</tmap:lineIndex>    <styleUrl>#style2</styleUrl>    <tmap:id>1006221</tmap:id>    <name><![CDATA[증산로/1006221/351892]]></name>    <description><![CDATA[새절역 에서 와산교 방면 서행 / 22]]></description>    <tmap:congestion>2</tmap:congestion>    <tmap:direction>0</tmap:direction>    <tmap:roadType>004</tmap:roadType>    <tmap:startNodeName><![CDATA[새절역]]></tmap:startNodeName>    <tmap:endNodeName><![CDATA[와산교]]></tmap:endNodeName>    <tmap:distance>438</tmap:distance>    <tmap:time>71.67</tmap:time>    <tmap:speed>22</tmap:speed>    <LineString>     <coordinates>126.913952,37.592662 126.91383,37.592144 126.913698,37.59161 126.913396,37.590471 126.913098,37.589212 126.912991,37.588712</coordinates>    </LineString>   </Placemark>   <Placemark>    <tmap:index>5</tmap:index>    <tmap:lineIndex>5</tmap:lineIndex>    <styleUrl>#style1</styleUrl>    <tmap:id>1006222</tmap:id>    <name><![CDATA[증산로/1006222/351893]]></name>    <description><![CDATA[와산교 에서 새절역 방면 원활 / 40]]></description>    <tmap:congestion>1</tmap:congestion>    <tmap:direction>1</tmap:direction>    <tmap:roadType>004</tmap:roadType>    <tmap:startNodeName><![CDATA[와산교]]></tmap:startNodeName>    <tmap:endNodeName><![CDATA[새절역]]></tmap:endNodeName>    <tmap:distance>438</tmap:distance>    <tmap:time>39.42</tmap:time>    <tmap:speed>40</tmap:speed>    <LineString>     <coordinates>126.913097,37.588698 126.913204,37.589197 126.913502,37.590455 126.913803,37.591593 126.913936,37.592128 126.914058,37.592646</coordinates>    </LineString>   </Placemark>   <Placemark>    <tmap:index>6</tmap:index>    <tmap:lineIndex>6</tmap:lineIndex>    <styleUrl>#style3</styleUrl>    <tmap:id>1006471</tmap:id>    <name><![CDATA[증산로15길/1006471/351935]]></name>    <description><![CDATA[상신중교입구 에서 와산교 방면 지체 / 17]]></description>    <tmap:congestion>3</tmap:congestion>    <tmap:direction>1</tmap:direction>    <tmap:roadType>004</tmap:roadType>    <tmap:startNodeName><![CDATA[상신중교입구]]></tmap:startNodeName>    <tmap:endNodeName><![CDATA[와산교]]></tmap:endNodeName>    <tmap:distance>750</tmap:distance>    <tmap:time>158.82</tmap:time>    <tmap:speed>17</tmap:speed>    <LineString>     <coordinates>126.905202,37.590806 126.905876,37.590617 126.906158,37.590551 126.906435,37.590511 126.907493,37.590444 126.908448,37.590389 126.90883,37.590394 126.908904,37.590394 126.909014,37.590394 126.909091,37.590383 126.909194,37.590356 126.909285,37.590328 126.909411,37.590252 126.909487,37.590215 126.909925,37.589976 126.910144,37.589829 126.910332,37.589655 126.910488,37.589504 126.910654,37.589318 126.910717,37.58925 126.910862,37.589166 126.911026,37.589073 126.91154,37.588953 126.912522,37.588756 126.912851,37.588686 126.913035,37.588663</coordinates>    </LineString>   </Placemark>   <Placemark>    <tmap:index>7</tmap:index>    <tmap:lineIndex>7</tmap:lineIndex>    <styleUrl>#style3</styleUrl>    <tmap:id>1006472</tmap:id>    <name><![CDATA[증산로15길/1006472/351936]]></name>    <description><![CDATA[와산교 에서 상신중교입구 방면 지체 / 16]]></description>    <tmap:congestion>3</tmap:congestion>    <tmap:direction>0</tmap:direction>    <tmap:roadType>004</tmap:roadType>    <tmap:startNodeName><![CDATA[와산교]]></tmap:startNodeName>    <tmap:endNodeName><![CDATA[상신중교입구]]></tmap:endNodeName>    <tmap:distance>750</tmap:distance>    <tmap:time>168.75</tmap:time>    <tmap:speed>16</tmap:speed>    <LineString>     <coordinates>126.913052,37.588747 126.912873,37.588769 126.912549,37.588839 126.911569,37.589035 126.911074,37.589151 126.910925,37.589235 126.910794,37.589311 126.910741,37.589368 126.910574,37.589556 126.910415,37.58971 126.91022,37.58989 126.90999,37.590044 126.909545,37.590287 126.909472,37.590322 126.909338,37.590404 126.90923,37.590437 126.909117,37.590466 126.909024,37.590479 126.908904,37.59048 126.908829,37.59048 126.908451,37.590475 126.907501,37.590529 126.906449,37.590596 126.906183,37.590635 126.905909,37.590699 126.905238,37.590886</coordinates>    </LineString>   </Placemark>   <Placemark>    <tmap:index>8</tmap:index>    <tmap:lineIndex>8</tmap:lineIndex>    <styleUrl>#style2</styleUrl>    <tmap:id>1006702</tmap:id>    <name><![CDATA[응암로13길/1006702/351977]]></name>    <description><![CDATA[와산교 에서 응암오거리입구 방면 서행 / 20]]></description>    <tmap:congestion>2</tmap:congestion>    <tmap:direction>1</tmap:direction>    <tmap:roadType>004</tmap:roadType>    <tmap:startNodeName><![CDATA[와산교]]></tmap:startNodeName>    <tmap:endNodeName><![CDATA[응암오거리입구]]></tmap:endNodeName>    <tmap:distance>174</tmap:distance>    <tmap:time>31.31</tmap:time>    <tmap:speed>20</tmap:speed>    <LineString>     <coordinates>126.913042,37.588662 126.913385,37.588652 126.913798,37.588662 126.913926,37.58867 126.914375,37.588736 126.914509,37.588771 126.914969,37.588956</coordinates>    </LineString>   </Placemark>   <Placemark>    <tmap:index>9</tmap:index>    <tmap:lineIndex>9</tmap:lineIndex>    <styleUrl>#style2</styleUrl>    <tmap:id>1006741</tmap:id>    <name><![CDATA[증산서길/1006741/351984]]></name>    <description><![CDATA[와산교 에서 증산역 방면 서행 / 28]]></description>    <tmap:congestion>2</tmap:congestion>    <tmap:direction>0</tmap:direction>    <tmap:roadType>004</tmap:roadType>    <tmap:startNodeName><![CDATA[와산교]]></tmap:startNodeName>    <tmap:endNodeName><![CDATA[증산역]]></tmap:endNodeName>    <tmap:distance>538</tmap:distance>    <tmap:time>69.17</tmap:time>    <tmap:speed>28</tmap:speed>    <LineString>     <coordinates>126.912487,37.588816 126.912444,37.588745 126.911833,37.588023 126.911514,37.587646 126.911233,37.587313 126.910419,37.586357 126.91029,37.586229 126.910014,37.586037 126.909604,37.58587 126.909315,37.585758 126.908863,37.585577</coordinates>    </LineString>   </Placemark>   <Placemark>    <tmap:index>10</tmap:index>    <tmap:lineIndex>10</tmap:lineIndex>    <styleUrl>#style3</styleUrl>    <tmap:id>1006541</tmap:id>    <name><![CDATA[응암로13길/1006541/351949]]></name>    <description><![CDATA[응암오거리 에서 응암오거리입구 방면 지체 / 19]]></description>    <tmap:congestion>3</tmap:congestion>    <tmap:direction>0</tmap:direction>    <tmap:roadType>004</tmap:roadType>    <tmap:startNodeName><![CDATA[응암오거리]]></tmap:startNodeName>    <tmap:endNodeName><![CDATA[응암오거리입구]]></tmap:endNodeName>    <tmap:distance>242</tmap:distance>    <tmap:time>45.85</tmap:time>    <tmap:speed>19</tmap:speed>    <LineString>     <coordinates>126.917218,37.590129 126.917192,37.59012 126.917131,37.590086 126.916994,37.589971 126.915917,37.589474 126.915477,37.589289 126.915049,37.589089</coordinates>    </LineString>   </Placemark>   <Placemark>    <tmap:index>11</tmap:index>    <tmap:lineIndex>11</tmap:lineIndex>    <styleUrl>#style1</styleUrl>    <tmap:id>1006551</tmap:id>    <name><![CDATA[응암로/1006551/351950]]></name>    <description><![CDATA[응암오거리 에서 금잔디예식장 방면 원활 / 38]]></description>    <tmap:congestion>1</tmap:congestion>    <tmap:direction>0</tmap:direction>    <tmap:roadType>004</tmap:roadType>    <tmap:startNodeName><![CDATA[응암오거리]]></tmap:startNodeName>    <tmap:endNodeName><![CDATA[금잔디예식장]]></tmap:endNodeName>    <tmap:distance>200</tmap:distance>    <tmap:time>18.94</tmap:time>    <tmap:speed>38</tmap:speed>    <LineString>     <coordinates>126.917187,37.590099 126.917139,37.589906 126.917116,37.589817 126.9169,37.588963 126.916743,37.588299</coordinates>    </LineString>   </Placemark>   <Placemark>    <tmap:index>12</tmap:index>    <tmap:lineIndex>12</tmap:lineIndex>    <styleUrl>#style2</styleUrl>    <tmap:id>1006552</tmap:id>    <name><![CDATA[응암로/1006552/351951]]></name>    <description><![CDATA[금잔디예식장 에서 응암오거리 방면 서행 / 26]]></description>    <tmap:congestion>2</tmap:congestion>    <tmap:direction>1</tmap:direction>    <tmap:roadType>004</tmap:roadType>    <tmap:startNodeName><![CDATA[금잔디예식장]]></tmap:startNodeName>    <tmap:endNodeName><![CDATA[응암오거리]]></tmap:endNodeName>    <tmap:distance>200</tmap:distance>    <tmap:time>27.69</tmap:time>    <tmap:speed>26</tmap:speed>    <LineString>     <coordinates>126.916849,37.588284 126.917005,37.588947 126.917222,37.5898 126.917244,37.58989 126.917293,37.590082</coordinates>    </LineString>   </Placemark>   <Placemark>    <tmap:index>13</tmap:index>    <tmap:lineIndex>13</tmap:lineIndex>    <styleUrl>#style3</styleUrl>    <tmap:id>1006712</tmap:id>    <name><![CDATA[응암로11길/1006712/351979]]></name>    <description><![CDATA[금잔디예식장 에서 응암오거리입구 방면 지체 / 14]]></description>    <tmap:congestion>3</tmap:congestion>    <tmap:direction>0</tmap:direction>    <tmap:roadType>004</tmap:roadType>    <tmap:startNodeName><![CDATA[금잔디예식장]]></tmap:startNodeName>    <tmap:endNodeName><![CDATA[응암오거리입구]]></tmap:endNodeName>    <tmap:distance>188</tmap:distance>    <tmap:time>48.34</tmap:time>    <tmap:speed>14</tmap:speed>    <LineString>     <coordinates>126.916806,37.588333 126.916156,37.588433 126.915932,37.588489 126.915827,37.588525 126.915668,37.588611 126.915468,37.58872 126.915157,37.588951 126.915133,37.588974</coordinates>    </LineString>   </Placemark>   <Placemark>    <tmap:index>14</tmap:index>    <tmap:lineIndex>14</tmap:lineIndex>    <styleUrl>#style2</styleUrl>    <tmap:id>1006742</tmap:id>    <name><![CDATA[증산서길/1006742/351985]]></name>    <description><![CDATA[증산역 에서 와산교 방면 서행 / 22]]></description>    <tmap:congestion>2</tmap:congestion>    <tmap:direction>1</tmap:direction>    <tmap:roadType>004</tmap:roadType>    <tmap:startNodeName><![CDATA[증산역]]></tmap:startNodeName>    <tmap:endNodeName><![CDATA[와산교]]></tmap:endNodeName>    <tmap:distance>538</tmap:distance>    <tmap:time>88.03</tmap:time>    <tmap:speed>22</tmap:speed>    <LineString>     <coordinates>126.908912,37.585501 126.909363,37.585681 126.909653,37.585793 126.910075,37.585966 126.910368,37.58617 126.910506,37.586307 126.911322,37.587265 126.911604,37.587599 126.911923,37.587976 126.912537,37.588702 126.912584,37.588778</coordinates>    </LineString>   </Placemark>   <Placemark>    <tmap:index>15</tmap:index>    <tmap:lineIndex>15</tmap:lineIndex>    <styleUrl>#style1</styleUrl>    <tmap:id>1006751</tmap:id>    <name><![CDATA[증산로/1006751/351986]]></name>    <description><![CDATA[와산교 에서 증산2교 방면 원활 / 42]]></description>    <tmap:congestion>1</tmap:congestion>    <tmap:direction>0</tmap:direction>    <tmap:roadType>004</tmap:roadType>    <tmap:startNodeName><![CDATA[와산교]]></tmap:startNodeName>    <tmap:endNodeName><![CDATA[증산2교]]></tmap:endNodeName>    <tmap:distance>545</tmap:distance>    <tmap:time>46.71</tmap:time>    <tmap:speed>42</tmap:speed>    <LineString>     <coordinates>126.912991,37.588712 126.912782,37.587737 126.912728,37.587502 126.912666,37.587337 126.912595,37.587159 126.912475,37.586933 126.912348,37.586709 126.912162,37.586435 126.911841,37.586044 126.911493,37.5857 126.910294,37.584546</coordinates>    </LineString>   </Placemark>   <Placemark>    <tmap:index>16</tmap:index>    <tmap:lineIndex>16</tmap:lineIndex>    <styleUrl>#style2</styleUrl>    <tmap:id>1006752</tmap:id>    <name><![CDATA[증산로/1006752/351987]]></name>    <description><![CDATA[증산2교 에서 와산교 방면 서행 / 27]]></description>    <tmap:congestion>2</tmap:congestion>    <tmap:direction>1</tmap:direction>    <tmap:roadType>004</tmap:roadType>    <tmap:startNodeName><![CDATA[증산2교]]></tmap:startNodeName>    <tmap:endNodeName><![CDATA[와산교]]></tmap:endNodeName>    <tmap:distance>545</tmap:distance>    <tmap:time>72.66</tmap:time>    <tmap:speed>27</tmap:speed>    <LineString>     <coordinates>126.910377,37.584492 126.911577,37.585646 126.911929,37.585994 126.912255,37.586392 126.912444,37.586672 126.912574,37.586899 126.912696,37.587129 126.912769,37.587312 126.912833,37.587482 126.912888,37.587723 126.913097,37.588698</coordinates>    </LineString>   </Placemark>   <Placemark>    <tmap:index>17</tmap:index>    <tmap:lineIndex>17</tmap:lineIndex>    <styleUrl>#style2</styleUrl>    <tmap:id>1007221</tmap:id>    <name><![CDATA[증산로9길/1007221/352063]]></name>    <description><![CDATA[증산역 에서 증산2교 방면 서행 / 27]]></description>    <tmap:congestion>2</tmap:congestion>    <tmap:direction>0</tmap:direction>    <tmap:roadType>004</tmap:roadType>    <tmap:startNodeName><![CDATA[증산역]]></tmap:startNodeName>    <tmap:endNodeName><![CDATA[증산2교]]></tmap:endNodeName>    <tmap:distance>166</tmap:distance>    <tmap:time>22.13</tmap:time>    <tmap:speed>27</tmap:speed>    <LineString>     <coordinates>126.908852,37.585507 126.909233,37.585243 126.909676,37.584926 126.9103,37.584487</coordinates>    </LineString>   </Placemark>   <Placemark>    <tmap:index>18</tmap:index>    <tmap:lineIndex>18</tmap:lineIndex>    <styleUrl>#style3</styleUrl>    <tmap:id>1007222</tmap:id>    <name><![CDATA[증산로9길/1007222/352064]]></name>    <description><![CDATA[증산2교 에서 증산역 방면 지체 / 18]]></description>    <tmap:congestion>3</tmap:congestion>    <tmap:direction>1</tmap:direction>    <tmap:roadType>004</tmap:roadType>    <tmap:startNodeName><![CDATA[증산2교]]></tmap:startNodeName>    <tmap:endNodeName><![CDATA[증산역]]></tmap:endNodeName>    <tmap:distance>166</tmap:distance>    <tmap:time>33.19</tmap:time>    <tmap:speed>18</tmap:speed>    <LineString>     <coordinates>126.910372,37.584551 126.909748,37.584989 126.909304,37.585306 126.908923,37.585571</coordinates>    </LineString>   </Placemark>   <Placemark>    <tmap:index>19</tmap:index>    <tmap:lineIndex>19</tmap:lineIndex>    <styleUrl>#style3</styleUrl>    <tmap:id>1007321</tmap:id>    <name><![CDATA[증가로/1007321/352078]]></name>    <description><![CDATA[증산2교 에서 북가좌사거리 방면 지체 / 15]]></description>    <tmap:congestion>3</tmap:congestion>    <tmap:direction>0</tmap:direction>    <tmap:roadType>004</tmap:roadType>    <tmap:startNodeName><![CDATA[증산2교]]></tmap:startNodeName>    <tmap:endNodeName><![CDATA[북가좌사거리]]></tmap:endNodeName>    <tmap:distance>353</tmap:distance>    <tmap:time>84.72</tmap:time>    <tmap:speed>15</tmap:speed>    <LineString>     <coordinates>126.9103,37.584487 126.910482,37.584361 126.910904,37.584073 126.910971,37.584025 126.91142,37.583704 126.912396,37.583022 126.912749,37.582773 126.913244,37.582427</coordinates>    </LineString>   </Placemark>   <Placemark>    <tmap:index>20</tmap:index>    <tmap:lineIndex>20</tmap:lineIndex>    <styleUrl>#style2</styleUrl>    <tmap:id>1007322</tmap:id>    <name><![CDATA[증가로/1007322/352079]]></name>    <description><![CDATA[북가좌사거리 에서 증산2교 방면 서행 / 20]]></description>    <tmap:congestion>2</tmap:congestion>    <tmap:direction>1</tmap:direction>    <tmap:roadType>004</tmap:roadType>    <tmap:startNodeName><![CDATA[북가좌사거리]]></tmap:startNodeName>    <tmap:endNodeName><![CDATA[증산2교]]></tmap:endNodeName>    <tmap:distance>353</tmap:distance>    <tmap:time>63.54</tmap:time>    <tmap:speed>20</tmap:speed>    <LineString>     <coordinates>126.913315,37.582491 126.91282,37.582837 126.912468,37.583086 126.911492,37.583768 126.911043,37.584089 126.910975,37.584137 126.910553,37.584426 126.910371,37.584551</coordinates>    </LineString>   </Placemark>   <Placemark>    <tmap:index>21</tmap:index>    <tmap:lineIndex>21</tmap:lineIndex>    <styleUrl>#style3</styleUrl>    <tmap:id>1006701</tmap:id>    <name><![CDATA[응암로13길/1006701/351976]]></name>    <description><![CDATA[응암오거리입구 에서 와산교 방면 지체 / 10]]></description>    <tmap:congestion>3</tmap:congestion>    <tmap:direction>0</tmap:direction>    <tmap:roadType>004</tmap:roadType>    <tmap:startNodeName><![CDATA[응암오거리입구]]></tmap:startNodeName>    <tmap:endNodeName><![CDATA[와산교]]></tmap:endNodeName>    <tmap:distance>174</tmap:distance>    <tmap:time>62.63</tmap:time>    <tmap:speed>10</tmap:speed>    <LineString>     <coordinates>126.91492,37.589033 126.914468,37.58885 126.914348,37.588819 126.913912,37.588755 126.913792,37.588748 126.913386,37.588738 126.913046,37.588748</coordinates>    </LineString>   </Placemark>   <Placemark>    <tmap:index>22</tmap:index>    <tmap:lineIndex>22</tmap:lineIndex>    <styleUrl>#style3</styleUrl>    <tmap:id>1006711</tmap:id>    <name><![CDATA[응암로11길/1006711/351978]]></name>    <description><![CDATA[응암오거리입구 에서 금잔디예식장 방면 지체 / 16]]></description>    <tmap:congestion>3</tmap:congestion>    <tmap:direction>1</tmap:direction>    <tmap:roadType>004</tmap:roadType>    <tmap:startNodeName><![CDATA[응암오거리입구]]></tmap:startNodeName>    <tmap:endNodeName><![CDATA[금잔디예식장]]></tmap:endNodeName>    <tmap:distance>188</tmap:distance>    <tmap:time>42.30</tmap:time>    <tmap:speed>16</tmap:speed>    <LineString>     <coordinates>126.915051,37.588919 126.915079,37.588893 126.9154,37.588653 126.915607,37.588541 126.915775,37.58845 126.915895,37.588409 126.916129,37.58835 126.916786,37.588249</coordinates>    </LineString>   </Placemark>   <Placemark>    <tmap:index>23</tmap:index>    <tmap:lineIndex>23</tmap:lineIndex>    <styleUrl>#style2</styleUrl>    <tmap:id>1006851</tmap:id>    <name><![CDATA[응암로/1006851/352005]]></name>    <description><![CDATA[금잔디예식장 에서 북가좌사거리 방면 서행 / 27]]></description>    <tmap:congestion>2</tmap:congestion>    <tmap:direction>0</tmap:direction>    <tmap:roadType>004</tmap:roadType>    <tmap:startNodeName><![CDATA[금잔디예식장]]></tmap:startNodeName>    <tmap:endNodeName><![CDATA[북가좌사거리]]></tmap:endNodeName>    <tmap:distance>729</tmap:distance>    <tmap:time>97.20</tmap:time>    <tmap:speed>27</tmap:speed>    <LineString>     <coordinates>126.916743,37.588299 126.916575,37.587541 126.916526,37.587382 126.916435,37.587211 126.916169,37.586766 126.915645,37.586012 126.915318,37.585534 126.915028,37.5851 126.914942,37.584974 126.914843,37.584829 126.914642,37.584528 126.914156,37.583836 126.913552,37.582937 126.913232,37.58248</coordinates>    </LineString>   </Placemark>   <Placemark>    <tmap:index>24</tmap:index>    <tmap:lineIndex>24</tmap:lineIndex>    <styleUrl>#style2</styleUrl>    <tmap:id>1006852</tmap:id>    <name><![CDATA[응암로/1006852/352006]]></name>    <description><![CDATA[북가좌사거리 에서 금잔디예식장 방면 서행 / 28]]></description>    <tmap:congestion>2</tmap:congestion>    <tmap:direction>1</tmap:direction>    <tmap:roadType>004</tmap:roadType>    <tmap:startNodeName><![CDATA[북가좌사거리]]></tmap:startNodeName>    <tmap:endNodeName><![CDATA[금잔디예식장]]></tmap:endNodeName>    <tmap:distance>729</tmap:distance>    <tmap:time>93.72</tmap:time>    <tmap:speed>28</tmap:speed>    <LineString>     <coordinates>126.913326,37.582439 126.913646,37.582896 126.91425,37.583795 126.914736,37.584487 126.914938,37.584788 126.915037,37.584934 126.915123,37.585059 126.915413,37.585494 126.915739,37.585971 126.916265,37.586727 126.916534,37.587176 126.916628,37.587355 126.916681,37.587523 126.916849,37.588284</coordinates>    </LineString>   </Placemark>   <Placemark>    <tmap:index>25</tmap:index>    <tmap:lineIndex>25</tmap:lineIndex>    <styleUrl>#style1</styleUrl>    <tmap:id>1007601</tmap:id>    <name><![CDATA[응암로/1007601/352119]]></name>    <description><![CDATA[북가좌사거리 에서 북가좌초교입구 방면 원활 / 43]]></description>    <tmap:congestion>1</tmap:congestion>    <tmap:direction>0</tmap:direction>    <tmap:roadType>004</tmap:roadType>    <tmap:startNodeName><![CDATA[북가좌사거리]]></tmap:startNodeName>    <tmap:endNodeName><![CDATA[북가좌초교입구]]></tmap:endNodeName>    <tmap:distance>605</tmap:distance>    <tmap:time>50.65</tmap:time>    <tmap:speed>43</tmap:speed>    <LineString>     <coordinates>126.913233,37.582481 126.912698,37.581779 126.912029,37.580886 126.91139,37.580065 126.910733,37.579207 126.909697,37.577897</coordinates>    </LineString>   </Placemark>   <Placemark>    <tmap:index>26</tmap:index>    <tmap:lineIndex>26</tmap:lineIndex>    <styleUrl>#style3</styleUrl>    <tmap:id>1007602</tmap:id>    <name><![CDATA[응암로/1007602/352120]]></name>    <description><![CDATA[북가좌초교입구 에서 북가좌사거리 방면 지체 / 17]]></description>    <tmap:congestion>3</tmap:congestion>    <tmap:direction>1</tmap:direction>    <tmap:roadType>004</tmap:roadType>    <tmap:startNodeName><![CDATA[북가좌초교입구]]></tmap:startNodeName>    <tmap:endNodeName><![CDATA[북가좌사거리]]></tmap:endNodeName>    <tmap:distance>605</tmap:distance>    <tmap:time>128.11</tmap:time>    <tmap:speed>17</tmap:speed>    <LineString>     <coordinates>126.909788,37.577851 126.910825,37.579162 126.911482,37.58002 126.912121,37.580841 126.912791,37.581735 126.913325,37.582437</coordinates>    </LineString>   </Placemark>   <Placemark>    <tmap:index>27</tmap:index>    <tmap:lineIndex>27</tmap:lineIndex>    <styleUrl>#style2</styleUrl>    <tmap:id>1007331</tmap:id>    <name><![CDATA[증산로/1007331/352080]]></name>    <description><![CDATA[증산2교 에서 증산3교 방면 서행 / 26]]></description>    <tmap:congestion>2</tmap:congestion>    <tmap:direction>0</tmap:direction>    <tmap:roadType>004</tmap:roadType>    <tmap:startNodeName><![CDATA[증산2교]]></tmap:startNodeName>    <tmap:endNodeName><![CDATA[증산3교]]></tmap:endNodeName>    <tmap:distance>600</tmap:distance>    <tmap:time>83.07</tmap:time>    <tmap:speed>26</tmap:speed>    <LineString>     <coordinates>126.910294,37.584547 126.909885,37.584154 126.909022,37.583371 126.907904,37.582317 126.907346,37.581797 126.906953,37.581433 126.905898,37.580437</coordinates>    </LineString>   </Placemark>   <Placemark>    <tmap:index>28</tmap:index>    <tmap:lineIndex>28</tmap:lineIndex>    <styleUrl>#style1</styleUrl>    <tmap:id>1007332</tmap:id>    <name><![CDATA[증산로/1007332/352081]]></name>    <description><![CDATA[증산3교 에서 증산2교 방면 원활 / 50]]></description>    <tmap:congestion>1</tmap:congestion>    <tmap:direction>1</tmap:direction>    <tmap:roadType>004</tmap:roadType>    <tmap:startNodeName><![CDATA[증산3교]]></tmap:startNodeName>    <tmap:endNodeName><![CDATA[증산2교]]></tmap:endNodeName>    <tmap:distance>600</tmap:distance>    <tmap:time>43.20</tmap:time>    <tmap:speed>50</tmap:speed>    <LineString>     <coordinates>126.90598,37.580382 126.907035,37.581378 126.907428,37.581742 126.907987,37.582262 126.909104,37.583315 126.909967,37.584099 126.910377,37.584492</coordinates>    </LineString>   </Placemark>  </Document> </kml> 