<?xml version="1.0" encoding="UTF-8"?> <kml xmlns="http://www.opengis.net/kml/2.2"  xmlns:xsi="http://www.w3.org/2001/XMLSchema-instance"  xsi:schemaLocation="http://schemas.opengis.net/kml/2.2.0/ogckml22.xsd"   xmlns:tmap="http://tlp.tmap.co.kr/">  <Document>   <Style id="accPoint">    <IconStyle>     <scale>1.5</scale>     <Icon>      <href>http://www.allnew2013altima.com/imggallery/134/icon-poi.png</href>     </Icon>    </IconStyle>   </Style>   <Style id="style0">    <LineStyle>     <color>FF828287</color>     <width>4</width>    </LineStyle>   </Style>   <Style id="style1">    <LineStyle>     <color>FF45D51D</color>     <width>4</width>    </LineStyle>   </Style>   <Style id="style2">    <LineStyle>     <color>FF01C6FF</color>     <width>4</width>    </LineStyle>   </Style>   <Style id="style3">    <LineStyle>     <color>FF0084FF</color>     <width>4</width>    </LineStyle>   </Style>   <Style id="style4">    <LineStyle>     <color>FF1E33FF</color>     <width>4</width>    </LineStyle>   </Style>  <tmap:updateTime>201707162340</tmap:updateTime>   <Placemark>    <tmap:index>0</tmap:index>    <tmap:lineIndex>0</tmap:lineIndex>    <styleUrl>#style1</styleUrl>    <tmap:id>1006481</tmap:id>    <name><![CDATA[은평터널로/1006481/351937]]></name>    <description><![CDATA[상신중교입구 에서 수색역 방면 원활 / 32]]></description>    <tmap:congestion>1</tmap:congestion>    <tmap:direction>0</tmap:direction>    <tmap:roadType>004</tmap:roadType>    <tmap:startNodeName><![CDATA[상신중교입구]]></tmap:startNodeName>    <tmap:endNodeName><![CDATA[수색역]]></tmap:endNodeName>    <tmap:distance>1308</tmap:distance>    <tmap:time>147.15</tmap:time>    <tmap:speed>32</tmap:speed>    <LineString>     <coordinates>126.905178,37.590872 126.905045,37.59074 126.904394,37.590079 126.902147,37.587802 126.90115,37.586815 126.901117,37.586786 126.900547,37.586333 126.899653,37.585632 126.899376,37.585417 126.899332,37.585384 126.898964,37.585101 126.898057,37.584416 126.897552,37.584033 126.89661,37.583349 126.895978,37.582741 126.895443,37.582259</coordinates>    </LineString>   </Placemark>   <Placemark>    <tmap:index>1</tmap:index>    <tmap:lineIndex>1</tmap:lineIndex>    <styleUrl>#style2</styleUrl>    <tmap:id>1006482</tmap:id>    <name><![CDATA[은평터널로/1006482/351938]]></name>    <description><![CDATA[수색역 에서 상신중교입구 방면 서행 / 26]]></description>    <tmap:congestion>2</tmap:congestion>    <tmap:direction>1</tmap:direction>    <tmap:roadType>004</tmap:roadType>    <tmap:startNodeName><![CDATA[수색역]]></tmap:startNodeName>    <tmap:endNodeName><![CDATA[상신중교입구]]></tmap:endNodeName>    <tmap:distance>1308</tmap:distance>    <tmap:time>181.10</tmap:time>    <tmap:speed>26</tmap:speed>    <LineString>     <coordinates>126.895523,37.582203 126.89606,37.582686 126.896688,37.58329 126.897625,37.58397 126.898131,37.584355 126.899039,37.585039 126.899406,37.585322 126.899451,37.585355 126.899728,37.585571 126.900623,37.586272 126.901196,37.586728 126.901232,37.58676 126.902231,37.587749 126.904478,37.590027 126.905129,37.590687 126.905262,37.590819</coordinates>    </LineString>   </Placemark>   <Placemark>    <tmap:index>2</tmap:index>    <tmap:lineIndex>2</tmap:lineIndex>    <styleUrl>#style1</styleUrl>    <tmap:id>1007631</tmap:id>    <name><![CDATA[수색로/1007631/352123]]></name>    <description><![CDATA[수색역 에서 수색성당입구 방면 원활 / 44]]></description>    <tmap:congestion>1</tmap:congestion>    <tmap:direction>0</tmap:direction>    <tmap:roadType>004</tmap:roadType>    <tmap:startNodeName><![CDATA[수색역]]></tmap:startNodeName>    <tmap:endNodeName><![CDATA[수색성당입구]]></tmap:endNodeName>    <tmap:distance>474</tmap:distance>    <tmap:time>38.78</tmap:time>    <tmap:speed>44</tmap:speed>    <LineString>     <coordinates>126.895379,37.582024 126.897602,37.580715 126.899667,37.579474</coordinates>    </LineString>   </Placemark>   <Placemark>    <tmap:index>3</tmap:index>    <tmap:lineIndex>3</tmap:lineIndex>    <styleUrl>#style1</styleUrl>    <tmap:id>1007632</tmap:id>    <name><![CDATA[수색로/1007632/352124]]></name>    <description><![CDATA[수색성당입구 에서 수색역 방면 원활 / 45]]></description>    <tmap:congestion>1</tmap:congestion>    <tmap:direction>1</tmap:direction>    <tmap:roadType>004</tmap:roadType>    <tmap:startNodeName><![CDATA[수색성당입구]]></tmap:startNodeName>    <tmap:endNodeName><![CDATA[수색역]]></tmap:endNodeName>    <tmap:distance>474</tmap:distance>    <tmap:time>37.91</tmap:time>    <tmap:speed>45</tmap:speed>    <LineString>     <coordinates>126.899969,37.579631 126.89861,37.580429 126.897883,37.580873 126.896869,37.581464 126.896783,37.581514 126.896679,37.581574 126.896648,37.581595 126.895515,37.582265</coordinates>    </LineString>   </Placemark>   <Placemark>    <tmap:index>4</tmap:index>    <tmap:lineIndex>4</tmap:lineIndex>    <styleUrl>#style3</styleUrl>    <tmap:id>1007721</tmap:id>    <name><![CDATA[증산서길/1007721/352141]]></name>    <description><![CDATA[증산초교 에서 수색성당입구 방면 지체 / 15]]></description>    <tmap:congestion>3</tmap:congestion>    <tmap:direction>0</tmap:direction>    <tmap:roadType>004</tmap:roadType>    <tmap:startNodeName><![CDATA[증산초교]]></tmap:startNodeName>    <tmap:endNodeName><![CDATA[수색성당입구]]></tmap:endNodeName>    <tmap:distance>502</tmap:distance>    <tmap:time>120.47</tmap:time>    <tmap:speed>15</tmap:speed>    <LineString>     <coordinates>126.904516,37.581372 126.90416,37.580989 126.904005,37.580856 126.903664,37.580645 126.902602,37.579966 126.902046,37.579628 126.901597,37.57936 126.901484,37.579312 126.901422,37.579303 126.901394,37.5793 126.90135,37.579304 126.901269,37.579322 126.900467,37.57957 126.90021,37.579622 126.899989,37.579645 126.899931,37.579639</coordinates>    </LineString>   </Placemark>   <Placemark>    <tmap:index>5</tmap:index>    <tmap:lineIndex>5</tmap:lineIndex>    <styleUrl>#style2</styleUrl>    <tmap:id>1007722</tmap:id>    <name><![CDATA[증산서길/1007722/352142]]></name>    <description><![CDATA[수색성당입구 에서 증산초교 방면 서행 / 23]]></description>    <tmap:congestion>2</tmap:congestion>    <tmap:direction>1</tmap:direction>    <tmap:roadType>004</tmap:roadType>    <tmap:startNodeName><![CDATA[수색성당입구]]></tmap:startNodeName>    <tmap:endNodeName><![CDATA[증산초교]]></tmap:endNodeName>    <tmap:distance>502</tmap:distance>    <tmap:time>78.57</tmap:time>    <tmap:speed>23</tmap:speed>    <LineString>     <coordinates>126.899943,37.579554 126.899988,37.579559 126.90019,37.579538 126.900434,37.579489 126.901235,37.579241 126.901329,37.57922 126.901394,37.579214 126.901439,37.579218 126.90152,37.579231 126.901655,37.579287 126.902112,37.57956 126.902669,37.579899 126.903731,37.580578 126.904078,37.580793 126.904243,37.580935 126.904603,37.581321</coordinates>    </LineString>   </Placemark>   <Placemark>    <tmap:index>6</tmap:index>    <tmap:lineIndex>6</tmap:lineIndex>    <styleUrl>#style1</styleUrl>    <tmap:id>1006971</tmap:id>    <name><![CDATA[수색로/1006971/352016]]></name>    <description><![CDATA[수색교 에서 수색역 방면 원활 / 37]]></description>    <tmap:congestion>1</tmap:congestion>    <tmap:direction>0</tmap:direction>    <tmap:roadType>004</tmap:roadType>    <tmap:startNodeName><![CDATA[수색교]]></tmap:startNodeName>    <tmap:endNodeName><![CDATA[수색역]]></tmap:endNodeName>    <tmap:distance>928</tmap:distance>    <tmap:time>90.29</tmap:time>    <tmap:speed>37</tmap:speed>    <LineString>     <coordinates>126.887061,37.586934 126.888077,37.586097 126.888456,37.585784 126.889036,37.585324 126.889412,37.584997 126.889644,37.584813 126.889907,37.584623 126.890197,37.584486 126.891527,37.583921 126.891666,37.583854 126.892838,37.58337 126.893478,37.583091 126.893706,37.582992 126.894284,37.582666 126.895241,37.582103 126.89538,37.582023</coordinates>    </LineString>   </Placemark>   <Placemark>    <tmap:index>7</tmap:index>    <tmap:lineIndex>7</tmap:lineIndex>    <styleUrl>#style1</styleUrl>    <tmap:id>1006972</tmap:id>    <name><![CDATA[수색로/1006972/352017]]></name>    <description><![CDATA[수색역 에서 수색교 방면 원활 / 44]]></description>    <tmap:congestion>1</tmap:congestion>    <tmap:direction>1</tmap:direction>    <tmap:roadType>004</tmap:roadType>    <tmap:startNodeName><![CDATA[수색역]]></tmap:startNodeName>    <tmap:endNodeName><![CDATA[수색교]]></tmap:endNodeName>    <tmap:distance>928</tmap:distance>    <tmap:time>75.92</tmap:time>    <tmap:speed>44</tmap:speed>    <LineString>     <coordinates>126.895515,37.582265 126.893858,37.583255 126.891725,37.584137 126.890909,37.584477 126.890199,37.584775 126.890083,37.58484 126.889824,37.585019 126.889747,37.58509 126.889448,37.58536 126.889382,37.585412 126.888541,37.586132 126.88851,37.586156 126.888217,37.586409 126.88764,37.586863 126.887398,37.58706</coordinates>    </LineString>   </Placemark>   <Placemark>    <tmap:index>8</tmap:index>    <tmap:lineIndex>8</tmap:lineIndex>    <styleUrl>#style0</styleUrl>    <tmap:id>1057261</tmap:id>    <name><![CDATA[월드컵북로54길/1057261/355920]]></name>    <description><![CDATA[ 에서  방면 정보없음 / 0]]></description>    <tmap:congestion>0</tmap:congestion>    <tmap:direction>null</tmap:direction>    <tmap:roadType>004</tmap:roadType>    <tmap:startNodeName><![CDATA[]]></tmap:startNodeName>    <tmap:endNodeName><![CDATA[]]></tmap:endNodeName>    <tmap:distance>326</tmap:distance>    <tmap:time>0.00</tmap:time>    <tmap:speed>0</tmap:speed>    <LineString>     <coordinates>126.887918,37.579809 126.888781,37.580665 126.889425,37.581287 126.890252,37.582085</coordinates>    </LineString>   </Placemark>   <Placemark>    <tmap:index>9</tmap:index>    <tmap:lineIndex>9</tmap:lineIndex>    <styleUrl>#style0</styleUrl>    <tmap:id>1057262</tmap:id>    <name><![CDATA[월드컵북로54길/1057262/355921]]></name>    <description><![CDATA[ 에서  방면 정보없음 / 0]]></description>    <tmap:congestion>0</tmap:congestion>    <tmap:direction>null</tmap:direction>    <tmap:roadType>004</tmap:roadType>    <tmap:startNodeName><![CDATA[]]></tmap:startNodeName>    <tmap:endNodeName><![CDATA[]]></tmap:endNodeName>    <tmap:distance>326</tmap:distance>    <tmap:time>0.00</tmap:time>    <tmap:speed>0</tmap:speed>    <LineString>     <coordinates>126.890169,37.58214 126.889342,37.581342 126.888697,37.580719 126.887833,37.579863</coordinates>    </LineString>   </Placemark>   <Placemark>    <tmap:index>10</tmap:index>    <tmap:lineIndex>10</tmap:lineIndex>    <styleUrl>#style0</styleUrl>    <tmap:id>1057321</tmap:id>    <name><![CDATA[상암산로/1057321/355930]]></name>    <description><![CDATA[ 에서  방면 정보없음 / 0]]></description>    <tmap:congestion>0</tmap:congestion>    <tmap:direction>null</tmap:direction>    <tmap:roadType>004</tmap:roadType>    <tmap:startNodeName><![CDATA[]]></tmap:startNodeName>    <tmap:endNodeName><![CDATA[]]></tmap:endNodeName>    <tmap:distance>329</tmap:distance>    <tmap:time>0.00</tmap:time>    <tmap:speed>0</tmap:speed>    <LineString>     <coordinates>126.890641,37.578191 126.891345,37.578848 126.8922,37.579694 126.892995,37.580493</coordinates>    </LineString>   </Placemark>   <Placemark>    <tmap:index>11</tmap:index>    <tmap:lineIndex>11</tmap:lineIndex>    <styleUrl>#style0</styleUrl>    <tmap:id>1057322</tmap:id>    <name><![CDATA[상암산로/1057322/355931]]></name>    <description><![CDATA[ 에서  방면 정보없음 / 0]]></description>    <tmap:congestion>0</tmap:congestion>    <tmap:direction>null</tmap:direction>    <tmap:roadType>004</tmap:roadType>    <tmap:startNodeName><![CDATA[]]></tmap:startNodeName>    <tmap:endNodeName><![CDATA[]]></tmap:endNodeName>    <tmap:distance>329</tmap:distance>    <tmap:time>0.00</tmap:time>    <tmap:speed>0</tmap:speed>    <LineString>     <coordinates>126.892911,37.580546 126.892115,37.579747 126.891262,37.578902 126.890558,37.578247</coordinates>    </LineString>   </Placemark>   <Placemark>    <tmap:index>12</tmap:index>    <tmap:lineIndex>12</tmap:lineIndex>    <styleUrl>#style0</styleUrl>    <tmap:id>1057431</tmap:id>    <name><![CDATA[성암로/1057431/355952]]></name>    <description><![CDATA[ 에서  방면 정보없음 / 0]]></description>    <tmap:congestion>0</tmap:congestion>    <tmap:direction>null</tmap:direction>    <tmap:roadType>004</tmap:roadType>    <tmap:startNodeName><![CDATA[]]></tmap:startNodeName>    <tmap:endNodeName><![CDATA[]]></tmap:endNodeName>    <tmap:distance>194</tmap:distance>    <tmap:time>0.00</tmap:time>    <tmap:speed>0</tmap:speed>    <LineString>     <coordinates>126.892919,37.580486 126.894053,37.579743 126.894585,37.57935</coordinates>    </LineString>   </Placemark>   <Placemark>    <tmap:index>13</tmap:index>    <tmap:lineIndex>13</tmap:lineIndex>    <styleUrl>#style0</styleUrl>    <tmap:id>1057432</tmap:id>    <name><![CDATA[성암로/1057432/355953]]></name>    <description><![CDATA[ 에서  방면 정보없음 / 0]]></description>    <tmap:congestion>0</tmap:congestion>    <tmap:direction>null</tmap:direction>    <tmap:roadType>004</tmap:roadType>    <tmap:startNodeName><![CDATA[]]></tmap:startNodeName>    <tmap:endNodeName><![CDATA[]]></tmap:endNodeName>    <tmap:distance>194</tmap:distance>    <tmap:time>0.00</tmap:time>    <tmap:speed>0</tmap:speed>    <LineString>     <coordinates>126.894658,37.579413 126.894124,37.579807 126.892987,37.580552</coordinates>    </LineString>   </Placemark>   <Placemark>    <tmap:index>14</tmap:index>    <tmap:lineIndex>14</tmap:lineIndex>    <styleUrl>#style0</styleUrl>    <tmap:id>1057441</tmap:id>    <name><![CDATA[성암로/1057441/355954]]></name>    <description><![CDATA[ 에서  방면 정보없음 / 0]]></description>    <tmap:congestion>0</tmap:congestion>    <tmap:direction>null</tmap:direction>    <tmap:roadType>004</tmap:roadType>    <tmap:startNodeName><![CDATA[]]></tmap:startNodeName>    <tmap:endNodeName><![CDATA[]]></tmap:endNodeName>    <tmap:distance>326</tmap:distance>    <tmap:time>0.00</tmap:time>    <tmap:speed>0</tmap:speed>    <LineString>     <coordinates>126.887036,37.58357 126.888001,37.583125 126.888214,37.583028 126.889115,37.582611 126.889582,37.582398 126.889928,37.58222 126.890179,37.582078</coordinates>    </LineString>   </Placemark>   <Placemark>    <tmap:index>15</tmap:index>    <tmap:lineIndex>15</tmap:lineIndex>    <styleUrl>#style0</styleUrl>    <tmap:id>1057442</tmap:id>    <name><![CDATA[성암로/1057442/355955]]></name>    <description><![CDATA[ 에서  방면 정보없음 / 0]]></description>    <tmap:congestion>0</tmap:congestion>    <tmap:direction>null</tmap:direction>    <tmap:roadType>004</tmap:roadType>    <tmap:startNodeName><![CDATA[]]></tmap:startNodeName>    <tmap:endNodeName><![CDATA[]]></tmap:endNodeName>    <tmap:distance>326</tmap:distance>    <tmap:time>0.00</tmap:time>    <tmap:speed>0</tmap:speed>    <LineString>     <coordinates>126.890242,37.582147 126.889989,37.582291 126.889638,37.582471 126.889169,37.582685 126.888268,37.583101 126.888055,37.583199 126.887091,37.583644</coordinates>    </LineString>   </Placemark>   <Placemark>    <tmap:index>16</tmap:index>    <tmap:lineIndex>16</tmap:lineIndex>    <styleUrl>#style0</styleUrl>    <tmap:id>1057451</tmap:id>    <name><![CDATA[성암로/1057451/355956]]></name>    <description><![CDATA[ 에서  방면 정보없음 / 0]]></description>    <tmap:congestion>0</tmap:congestion>    <tmap:direction>null</tmap:direction>    <tmap:roadType>004</tmap:roadType>    <tmap:startNodeName><![CDATA[]]></tmap:startNodeName>    <tmap:endNodeName><![CDATA[]]></tmap:endNodeName>    <tmap:distance>302</tmap:distance>    <tmap:time>0.00</tmap:time>    <tmap:speed>0</tmap:speed>    <LineString>     <coordinates>126.89299,37.580551 126.892355,37.581013 126.89191,37.581335 126.891788,37.581417 126.891725,37.581452 126.89154,37.581561 126.891522,37.581568 126.891178,37.58173 126.890753,37.58192 126.890237,37.58215</coordinates>    </LineString>   </Placemark>   <Placemark>    <tmap:index>17</tmap:index>    <tmap:lineIndex>17</tmap:lineIndex>    <styleUrl>#style0</styleUrl>    <tmap:id>1057452</tmap:id>    <name><![CDATA[성암로/1057452/355957]]></name>    <description><![CDATA[ 에서  방면 정보없음 / 0]]></description>    <tmap:congestion>0</tmap:congestion>    <tmap:direction>null</tmap:direction>    <tmap:roadType>004</tmap:roadType>    <tmap:startNodeName><![CDATA[]]></tmap:startNodeName>    <tmap:endNodeName><![CDATA[]]></tmap:endNodeName>    <tmap:distance>302</tmap:distance>    <tmap:time>0.00</tmap:time>    <tmap:speed>0</tmap:speed>    <LineString>     <coordinates>126.890184,37.582075 126.8907,37.581845 126.891124,37.581656 126.89147,37.581493 126.891482,37.581488 126.891662,37.581383 126.891723,37.581349 126.891839,37.581271 126.892282,37.58095 126.892917,37.580488</coordinates>    </LineString>   </Placemark>  </Document> </kml> 