<?xml version="1.0" encoding="UTF-8"?> <kml xmlns="http://www.opengis.net/kml/2.2"  xmlns:xsi="http://www.w3.org/2001/XMLSchema-instance"  xsi:schemaLocation="http://schemas.opengis.net/kml/2.2.0/ogckml22.xsd"   xmlns:tmap="http://tlp.tmap.co.kr/">  <Document>   <Style id="accPoint">    <IconStyle>     <scale>1.5</scale>     <Icon>      <href>http://www.allnew2013altima.com/imggallery/134/icon-poi.png</href>     </Icon>    </IconStyle>   </Style>   <Style id="style0">    <LineStyle>     <color>FF828287</color>     <width>4</width>    </LineStyle>   </Style>   <Style id="style1">    <LineStyle>     <color>FF45D51D</color>     <width>4</width>    </LineStyle>   </Style>   <Style id="style2">    <LineStyle>     <color>FF01C6FF</color>     <width>4</width>    </LineStyle>   </Style>   <Style id="style3">    <LineStyle>     <color>FF0084FF</color>     <width>4</width>    </LineStyle>   </Style>   <Style id="style4">    <LineStyle>     <color>FF1E33FF</color>     <width>4</width>    </LineStyle>   </Style>  <tmap:updateTime>201707162340</tmap:updateTime>   <Placemark>    <tmap:index>0</tmap:index>    <tmap:lineIndex>0</tmap:lineIndex>    <styleUrl>#style1</styleUrl>    <tmap:id>1009491</tmap:id>    <name><![CDATA[월드컵북로/1009491/352390]]></name>    <description><![CDATA[중암교 에서 성원초교 방면 원활 / 44]]></description>    <tmap:congestion>1</tmap:congestion>    <tmap:direction>0</tmap:direction>    <tmap:roadType>004</tmap:roadType>    <tmap:startNodeName><![CDATA[중암교]]></tmap:startNodeName>    <tmap:endNodeName><![CDATA[성원초교]]></tmap:endNodeName>    <tmap:distance>630</tmap:distance>    <tmap:time>51.54</tmap:time>    <tmap:speed>44</tmap:speed>    <LineString>     <coordinates>126.900392,37.572259 126.901231,37.571641 126.901657,37.571319 126.90307,37.570282 126.903725,37.569789 126.903893,37.569672 126.904079,37.569579 126.904384,37.56945 126.904491,37.569411 126.904823,37.569265 126.907311,37.568309 126.907362,37.568285</coordinates>    </LineString>   </Placemark>   <Placemark>    <tmap:index>1</tmap:index>    <tmap:lineIndex>1</tmap:lineIndex>    <styleUrl>#style2</styleUrl>    <tmap:id>1009492</tmap:id>    <name><![CDATA[월드컵북로/1009492/352391]]></name>    <description><![CDATA[성원초교 에서 중암교 방면 서행 / 27]]></description>    <tmap:congestion>2</tmap:congestion>    <tmap:direction>1</tmap:direction>    <tmap:roadType>004</tmap:roadType>    <tmap:startNodeName><![CDATA[성원초교]]></tmap:startNodeName>    <tmap:endNodeName><![CDATA[중암교]]></tmap:endNodeName>    <tmap:distance>630</tmap:distance>    <tmap:time>84.00</tmap:time>    <tmap:speed>27</tmap:speed>    <LineString>     <coordinates>126.904538,37.569488 126.904432,37.569526 126.904133,37.569653 126.903958,37.569741 126.903798,37.569852 126.903144,37.570344 126.901731,37.571381 126.901305,37.571704 126.900465,37.572322</coordinates>    </LineString>   </Placemark>   <Placemark>    <tmap:index>2</tmap:index>    <tmap:lineIndex>2</tmap:lineIndex>    <styleUrl>#style1</styleUrl>    <tmap:id>1009501</tmap:id>    <name><![CDATA[성중길/1009501/352392]]></name>    <description><![CDATA[중암교 에서 상암교 방면 원활 / 35]]></description>    <tmap:congestion>1</tmap:congestion>    <tmap:direction>0</tmap:direction>    <tmap:roadType>004</tmap:roadType>    <tmap:startNodeName><![CDATA[중암교]]></tmap:startNodeName>    <tmap:endNodeName><![CDATA[상암교]]></tmap:endNodeName>    <tmap:distance>711</tmap:distance>    <tmap:time>73.13</tmap:time>    <tmap:speed>35</tmap:speed>    <LineString>     <coordinates>126.900375,37.572292 126.900194,37.569449 126.900011,37.566126</coordinates>    </LineString>   </Placemark>   <Placemark>    <tmap:index>3</tmap:index>    <tmap:lineIndex>3</tmap:lineIndex>    <styleUrl>#style1</styleUrl>    <tmap:id>1009391</tmap:id>    <name><![CDATA[내부순환로/1009391/352377]]></name>    <description><![CDATA[연희램프진출(내부순환) 에서 성산램프진출점 방면 원활 / 78]]></description>    <tmap:congestion>1</tmap:congestion>    <tmap:direction>1</tmap:direction>    <tmap:roadType>004</tmap:roadType>    <tmap:startNodeName><![CDATA[연희램프진출(내부순환)]]></tmap:startNodeName>    <tmap:endNodeName><![CDATA[성산램프진출점]]></tmap:endNodeName>    <tmap:distance>1417</tmap:distance>    <tmap:time>65.40</tmap:time>    <tmap:speed>78</tmap:speed>    <LineString>     <coordinates>126.921326,37.571757 126.918745,37.569849 126.918392,37.569569 126.918191,37.569392 126.917932,37.569141 126.917199,37.568383 126.917006,37.568177 126.916756,37.567932 126.916303,37.567549 126.915745,37.567152 126.915097,37.56679 126.914802,37.566646 126.914427,37.566483 126.913973,37.566337 126.909075,37.564982</coordinates>    </LineString>   </Placemark>   <Placemark>    <tmap:index>4</tmap:index>    <tmap:lineIndex>4</tmap:lineIndex>    <styleUrl>#style2</styleUrl>    <tmap:id>1009502</tmap:id>    <name><![CDATA[성중길/1009502/352393]]></name>    <description><![CDATA[상암교 에서 중암교 방면 서행 / 25]]></description>    <tmap:congestion>2</tmap:congestion>    <tmap:direction>1</tmap:direction>    <tmap:roadType>004</tmap:roadType>    <tmap:startNodeName><![CDATA[상암교]]></tmap:startNodeName>    <tmap:endNodeName><![CDATA[중암교]]></tmap:endNodeName>    <tmap:distance>711</tmap:distance>    <tmap:time>102.38</tmap:time>    <tmap:speed>25</tmap:speed>    <LineString>     <coordinates>126.900167,37.565999 126.900155,37.566021 126.900136,37.566056 126.900125,37.566084 126.900119,37.566125 126.900301,37.569445 126.900482,37.572288</coordinates>    </LineString>   </Placemark>   <Placemark>    <tmap:index>5</tmap:index>    <tmap:lineIndex>5</tmap:lineIndex>    <styleUrl>#style1</styleUrl>    <tmap:id>1009642</tmap:id>    <name><![CDATA[내부순환로/1009642/352412]]></name>    <description><![CDATA[성산램프진입점 에서 연희램프진입(내부순환) 방면 원활 / 80]]></description>    <tmap:congestion>1</tmap:congestion>    <tmap:direction>0</tmap:direction>    <tmap:roadType>004</tmap:roadType>    <tmap:startNodeName><![CDATA[성산램프진입점]]></tmap:startNodeName>    <tmap:endNodeName><![CDATA[연희램프진입(내부순환)]]></tmap:endNodeName>    <tmap:distance>2151</tmap:distance>    <tmap:time>96.79</tmap:time>    <tmap:speed>80</tmap:speed>    <LineString>     <coordinates>126.902345,37.562871 126.906882,37.564146 126.914172,37.566156 126.914549,37.566289 126.91491,37.566466 126.915234,37.566609 126.915878,37.566965 126.916505,37.567403 126.916969,37.567787 126.917205,37.568017 126.917493,37.568334 126.918128,37.568994 126.918349,37.569207 126.918599,37.569425 126.918847,37.569626 126.919957,37.570433 126.921775,37.571818 126.922741,37.572538</coordinates>    </LineString>   </Placemark>   <Placemark>    <tmap:index>6</tmap:index>    <tmap:lineIndex>6</tmap:lineIndex>    <styleUrl>#style1</styleUrl>    <tmap:id>1008351</tmap:id>    <name><![CDATA[거북골로/1008351/352224]]></name>    <description><![CDATA[북가좌초교입구 에서 모래내우체국앞 방면 원활 / 51]]></description>    <tmap:congestion>1</tmap:congestion>    <tmap:direction>1</tmap:direction>    <tmap:roadType>004</tmap:roadType>    <tmap:startNodeName><![CDATA[북가좌초교입구]]></tmap:startNodeName>    <tmap:endNodeName><![CDATA[모래내우체국앞]]></tmap:endNodeName>    <tmap:distance>507</tmap:distance>    <tmap:time>35.78</tmap:time>    <tmap:speed>51</tmap:speed>    <LineString>     <coordinates>126.909705,37.577843 126.9102,37.577465 126.911232,37.576635 126.912372,37.575744 126.912602,37.575604 126.912826,37.575483 126.913049,37.57541 126.913523,37.57532</coordinates>    </LineString>   </Placemark>   <Placemark>    <tmap:index>7</tmap:index>    <tmap:lineIndex>7</tmap:lineIndex>    <styleUrl>#style1</styleUrl>    <tmap:id>1007601</tmap:id>    <name><![CDATA[응암로/1007601/352119]]></name>    <description><![CDATA[북가좌사거리 에서 북가좌초교입구 방면 원활 / 43]]></description>    <tmap:congestion>1</tmap:congestion>    <tmap:direction>0</tmap:direction>    <tmap:roadType>004</tmap:roadType>    <tmap:startNodeName><![CDATA[북가좌사거리]]></tmap:startNodeName>    <tmap:endNodeName><![CDATA[북가좌초교입구]]></tmap:endNodeName>    <tmap:distance>605</tmap:distance>    <tmap:time>50.65</tmap:time>    <tmap:speed>43</tmap:speed>    <LineString>     <coordinates>126.913233,37.582481 126.912698,37.581779 126.912029,37.580886 126.91139,37.580065 126.910733,37.579207 126.909697,37.577897</coordinates>    </LineString>   </Placemark>   <Placemark>    <tmap:index>8</tmap:index>    <tmap:lineIndex>8</tmap:lineIndex>    <styleUrl>#style3</styleUrl>    <tmap:id>1007602</tmap:id>    <name><![CDATA[응암로/1007602/352120]]></name>    <description><![CDATA[북가좌초교입구 에서 북가좌사거리 방면 지체 / 17]]></description>    <tmap:congestion>3</tmap:congestion>    <tmap:direction>1</tmap:direction>    <tmap:roadType>004</tmap:roadType>    <tmap:startNodeName><![CDATA[북가좌초교입구]]></tmap:startNodeName>    <tmap:endNodeName><![CDATA[북가좌사거리]]></tmap:endNodeName>    <tmap:distance>605</tmap:distance>    <tmap:time>128.11</tmap:time>    <tmap:speed>17</tmap:speed>    <LineString>     <coordinates>126.909788,37.577851 126.910825,37.579162 126.911482,37.58002 126.912121,37.580841 126.912791,37.581735 126.913325,37.582437</coordinates>    </LineString>   </Placemark>   <Placemark>    <tmap:index>9</tmap:index>    <tmap:lineIndex>9</tmap:lineIndex>    <styleUrl>#style1</styleUrl>    <tmap:id>1007801</tmap:id>    <name><![CDATA[증산로/1007801/352155]]></name>    <description><![CDATA[증산3교 에서 증산교차로 방면 원활 / 49]]></description>    <tmap:congestion>1</tmap:congestion>    <tmap:direction>0</tmap:direction>    <tmap:roadType>013</tmap:roadType>    <tmap:startNodeName><![CDATA[증산3교]]></tmap:startNodeName>    <tmap:endNodeName><![CDATA[증산교차로]]></tmap:endNodeName>    <tmap:distance>354</tmap:distance>    <tmap:time>26.00</tmap:time>    <tmap:speed>49</tmap:speed>    <LineString>     <coordinates>126.905898,37.580436 126.905003,37.579591 126.904183,37.578769 126.904103,37.578697</coordinates>    </LineString>   </Placemark>   <Placemark>    <tmap:index>10</tmap:index>    <tmap:lineIndex>10</tmap:lineIndex>    <styleUrl>#style1</styleUrl>    <tmap:id>1007802</tmap:id>    <name><![CDATA[증산로/1007802/352156]]></name>    <description><![CDATA[증산교차로 에서 증산3교 방면 원활 / 35]]></description>    <tmap:congestion>1</tmap:congestion>    <tmap:direction>1</tmap:direction>    <tmap:roadType>004</tmap:roadType>    <tmap:startNodeName><![CDATA[증산교차로]]></tmap:startNodeName>    <tmap:endNodeName><![CDATA[증산3교]]></tmap:endNodeName>    <tmap:distance>354</tmap:distance>    <tmap:time>36.41</tmap:time>    <tmap:speed>35</tmap:speed>    <LineString>     <coordinates>126.903873,37.578313 126.904185,37.578642 126.904265,37.578714 126.905086,37.579537 126.90598,37.580382</coordinates>    </LineString>   </Placemark>   <Placemark>    <tmap:index>11</tmap:index>    <tmap:lineIndex>11</tmap:lineIndex>    <styleUrl>#style3</styleUrl>    <tmap:id>1007812</tmap:id>    <name><![CDATA[거북골로/1007812/352158]]></name>    <description><![CDATA[북가좌초교입구 에서 증산3교 방면 지체 / 14]]></description>    <tmap:congestion>3</tmap:congestion>    <tmap:direction>0</tmap:direction>    <tmap:roadType>004</tmap:roadType>    <tmap:startNodeName><![CDATA[북가좌초교입구]]></tmap:startNodeName>    <tmap:endNodeName><![CDATA[증산3교]]></tmap:endNodeName>    <tmap:distance>429</tmap:distance>    <tmap:time>110.31</tmap:time>    <tmap:speed>14</tmap:speed>    <LineString>     <coordinates>126.909777,37.577907 126.90925,37.578251 126.908163,37.57898 126.907975,37.579103 126.907705,37.579278 126.907437,37.579457 126.907153,37.579648 126.906972,37.579768 126.906662,37.57996 126.906531,37.580047 126.906169,37.58028 126.905978,37.580439</coordinates>    </LineString>   </Placemark>   <Placemark>    <tmap:index>12</tmap:index>    <tmap:lineIndex>12</tmap:lineIndex>    <styleUrl>#style2</styleUrl>    <tmap:id>1007821</tmap:id>    <name><![CDATA[불광천길/1007821/352159]]></name>    <description><![CDATA[증산3교 에서 증산교 방면 서행 / 23]]></description>    <tmap:congestion>2</tmap:congestion>    <tmap:direction>0</tmap:direction>    <tmap:roadType>004</tmap:roadType>    <tmap:startNodeName><![CDATA[증산3교]]></tmap:startNodeName>    <tmap:endNodeName><![CDATA[증산교]]></tmap:endNodeName>    <tmap:distance>467</tmap:distance>    <tmap:time>73.09</tmap:time>    <tmap:speed>23</tmap:speed>    <LineString>     <coordinates>126.906592,37.579959 126.906405,37.579829 126.905821,37.579262 126.904742,37.578218 126.904482,37.577956 126.904255,37.577728 126.903756,37.577211 126.903411,37.576775</coordinates>    </LineString>   </Placemark>   <Placemark>    <tmap:index>13</tmap:index>    <tmap:lineIndex>13</tmap:lineIndex>    <styleUrl>#style1</styleUrl>    <tmap:id>1007822</tmap:id>    <name><![CDATA[불광천길/1007822/352160]]></name>    <description><![CDATA[증산교 에서 증산3교 방면 원활 / 30]]></description>    <tmap:congestion>1</tmap:congestion>    <tmap:direction>1</tmap:direction>    <tmap:roadType>004</tmap:roadType>    <tmap:startNodeName><![CDATA[증산교]]></tmap:startNodeName>    <tmap:endNodeName><![CDATA[증산3교]]></tmap:endNodeName>    <tmap:distance>467</tmap:distance>    <tmap:time>56.04</tmap:time>    <tmap:speed>30</tmap:speed>    <LineString>     <coordinates>126.903502,37.57673 126.903845,37.577162 126.90434,37.577675 126.904566,37.577903 126.904826,37.578165 126.905905,37.579207 126.906483,37.579769 126.906663,37.579895</coordinates>    </LineString>   </Placemark>   <Placemark>    <tmap:index>14</tmap:index>    <tmap:lineIndex>14</tmap:lineIndex>    <styleUrl>#style2</styleUrl>    <tmap:id>1007902</tmap:id>    <name><![CDATA[/1007902/417618]]></name>    <description><![CDATA[ 에서  방면 서행 / 20]]></description>    <tmap:congestion>2</tmap:congestion>    <tmap:direction>null</tmap:direction>    <tmap:roadType>004</tmap:roadType>    <tmap:startNodeName><![CDATA[]]></tmap:startNodeName>    <tmap:endNodeName><![CDATA[]]></tmap:endNodeName>    <tmap:distance>512</tmap:distance>    <tmap:time>92.16</tmap:time>    <tmap:speed>20</tmap:speed>    <LineString>     <coordinates>126.904145,37.578712 126.90387,37.57871999999999 126.903696,37.578678 126.903354,37.578572 126.903052,37.578485</coordinates>    </LineString>   </Placemark>   <Placemark>    <tmap:index>15</tmap:index>    <tmap:lineIndex>15</tmap:lineIndex>    <styleUrl>#style2</styleUrl>    <tmap:id>1007902</tmap:id>    <name><![CDATA[/1007902/417617]]></name>    <description><![CDATA[ 에서  방면 서행 / 20]]></description>    <tmap:congestion>2</tmap:congestion>    <tmap:direction>null</tmap:direction>    <tmap:roadType>004</tmap:roadType>    <tmap:startNodeName><![CDATA[]]></tmap:startNodeName>    <tmap:endNodeName><![CDATA[]]></tmap:endNodeName>    <tmap:distance>512</tmap:distance>    <tmap:time>92.16</tmap:time>    <tmap:speed>20</tmap:speed>    <LineString>     <coordinates>126.902892,37.578434 126.902859,37.578426 126.902511,37.578321 126.902347,37.578271 126.902184,37.578265 126.902115,37.578266 126.902049,37.578266 126.901944,37.578268 126.90181,37.578271</coordinates>    </LineString>   </Placemark>   <Placemark>    <tmap:index>16</tmap:index>    <tmap:lineIndex>16</tmap:lineIndex>    <styleUrl>#style1</styleUrl>    <tmap:id>1007911</tmap:id>    <name><![CDATA[수색로/1007911/352170]]></name>    <description><![CDATA[수색성당입구 에서 증산교 방면 원활 / 45]]></description>    <tmap:congestion>1</tmap:congestion>    <tmap:direction>0</tmap:direction>    <tmap:roadType>004</tmap:roadType>    <tmap:startNodeName><![CDATA[수색성당입구]]></tmap:startNodeName>    <tmap:endNodeName><![CDATA[증산교]]></tmap:endNodeName>    <tmap:distance>490</tmap:distance>    <tmap:time>39.20</tmap:time>    <tmap:speed>45</tmap:speed>    <LineString>     <coordinates>126.899669,37.579473 126.899815,37.579391 126.900569,37.578933 126.900804,37.57878 126.901003,37.57862 126.901082,37.578558 126.901684,37.578039 126.903177,37.576637 126.903302,37.576524</coordinates>    </LineString>   </Placemark>   <Placemark>    <tmap:index>17</tmap:index>    <tmap:lineIndex>17</tmap:lineIndex>    <styleUrl>#style2</styleUrl>    <tmap:id>1007912</tmap:id>    <name><![CDATA[수색로/1007912/352171]]></name>    <description><![CDATA[증산교 에서 수색성당입구 방면 서행 / 21]]></description>    <tmap:congestion>2</tmap:congestion>    <tmap:direction>1</tmap:direction>    <tmap:roadType>004</tmap:roadType>    <tmap:startNodeName><![CDATA[증산교]]></tmap:startNodeName>    <tmap:endNodeName><![CDATA[수색성당입구]]></tmap:endNodeName>    <tmap:distance>490</tmap:distance>    <tmap:time>84.00</tmap:time>    <tmap:speed>21</tmap:speed>    <LineString>     <coordinates>126.903063,37.577193 126.902923,37.577327 126.902237,37.577912 126.901849,37.578257 126.901379,37.57871 126.901154,37.578905 126.89997,37.579631</coordinates>    </LineString>   </Placemark>   <Placemark>    <tmap:index>18</tmap:index>    <tmap:lineIndex>18</tmap:lineIndex>    <styleUrl>#style1</styleUrl>    <tmap:id>1008152</tmap:id>    <name><![CDATA[/1008152/352209]]></name>    <description><![CDATA[ 에서  방면 원활 / 33]]></description>    <tmap:congestion>1</tmap:congestion>    <tmap:direction>null</tmap:direction>    <tmap:roadType>004</tmap:roadType>    <tmap:startNodeName><![CDATA[]]></tmap:startNodeName>    <tmap:endNodeName><![CDATA[]]></tmap:endNodeName>    <tmap:distance>313</tmap:distance>    <tmap:time>34.14</tmap:time>    <tmap:speed>33</tmap:speed>    <LineString>     <coordinates>126.902924,37.577271 126.903786,37.57808 126.903818,37.578122 126.903834,37.578175 126.903834,37.578215 126.903881,37.578325</coordinates>    </LineString>   </Placemark>   <Placemark>    <tmap:index>19</tmap:index>    <tmap:lineIndex>19</tmap:lineIndex>    <styleUrl>#style1</styleUrl>    <tmap:id>1008161</tmap:id>    <name><![CDATA[증산로/1008161/417643]]></name>    <description><![CDATA[증산교차로 에서 상암사거리 방면 원활 / 47]]></description>    <tmap:congestion>1</tmap:congestion>    <tmap:direction>0</tmap:direction>    <tmap:roadType>004</tmap:roadType>    <tmap:startNodeName><![CDATA[증산교차로]]></tmap:startNodeName>    <tmap:endNodeName><![CDATA[상암사거리]]></tmap:endNodeName>    <tmap:distance>696</tmap:distance>    <tmap:time>53.31</tmap:time>    <tmap:speed>47</tmap:speed>    <LineString>     <coordinates>126.903089,37.57840499999999 126.903391,37.578492</coordinates>    </LineString>   </Placemark>   <Placemark>    <tmap:index>20</tmap:index>    <tmap:lineIndex>20</tmap:lineIndex>    <styleUrl>#style1</styleUrl>    <tmap:id>1008161</tmap:id>    <name><![CDATA[증산로/1008161/417642]]></name>    <description><![CDATA[증산교차로 에서 상암사거리 방면 원활 / 47]]></description>    <tmap:congestion>1</tmap:congestion>    <tmap:direction>0</tmap:direction>    <tmap:roadType>004</tmap:roadType>    <tmap:startNodeName><![CDATA[증산교차로]]></tmap:startNodeName>    <tmap:endNodeName><![CDATA[상암사거리]]></tmap:endNodeName>    <tmap:distance>696</tmap:distance>    <tmap:time>53.31</tmap:time>    <tmap:speed>47</tmap:speed>    <LineString>     <coordinates>126.902377,37.578189 126.90255,37.578241 126.902894,37.57834499999999 126.902923,37.578352</coordinates>    </LineString>   </Placemark>   <Placemark>    <tmap:index>21</tmap:index>    <tmap:lineIndex>21</tmap:lineIndex>    <styleUrl>#style1</styleUrl>    <tmap:id>1008161</tmap:id>    <name><![CDATA[증산로/1008161/417644]]></name>    <description><![CDATA[증산교차로 에서 상암사거리 방면 원활 / 47]]></description>    <tmap:congestion>1</tmap:congestion>    <tmap:direction>0</tmap:direction>    <tmap:roadType>004</tmap:roadType>    <tmap:startNodeName><![CDATA[증산교차로]]></tmap:startNodeName>    <tmap:endNodeName><![CDATA[상암사거리]]></tmap:endNodeName>    <tmap:distance>696</tmap:distance>    <tmap:time>53.31</tmap:time>    <tmap:speed>47</tmap:speed>    <LineString>     <coordinates>126.9041,37.578695 126.903788,37.57836499999999 126.901793,37.576563 126.901083,37.57585699999999 126.900401,37.575195 126.899437,37.574106 126.899093,37.573739 126.898786,37.573422</coordinates>    </LineString>   </Placemark>   <Placemark>    <tmap:index>22</tmap:index>    <tmap:lineIndex>22</tmap:lineIndex>    <styleUrl>#style1</styleUrl>    <tmap:id>1008162</tmap:id>    <name><![CDATA[증산로/1008162/352210]]></name>    <description><![CDATA[상암사거리 에서 증산교차로 방면 원활 / 60]]></description>    <tmap:congestion>1</tmap:congestion>    <tmap:direction>1</tmap:direction>    <tmap:roadType>013</tmap:roadType>    <tmap:startNodeName><![CDATA[상암사거리]]></tmap:startNodeName>    <tmap:endNodeName><![CDATA[증산교차로]]></tmap:endNodeName>    <tmap:distance>696</tmap:distance>    <tmap:time>41.76</tmap:time>    <tmap:speed>60</tmap:speed>    <LineString>     <coordinates>126.898872,37.57337 126.89918,37.573688 126.899524,37.574056 126.900487,37.575143 126.901167,37.575803 126.901876,37.576508 126.90387,37.57831</coordinates>    </LineString>   </Placemark>   <Placemark>    <tmap:index>23</tmap:index>    <tmap:lineIndex>23</tmap:lineIndex>    <styleUrl>#style2</styleUrl>    <tmap:id>1008521</tmap:id>    <name><![CDATA[수색로/1008521/352252]]></name>    <description><![CDATA[증산교 에서 북가좌삼거리 방면 서행 / 22]]></description>    <tmap:congestion>2</tmap:congestion>    <tmap:direction>0</tmap:direction>    <tmap:roadType>004</tmap:roadType>    <tmap:startNodeName><![CDATA[증산교]]></tmap:startNodeName>    <tmap:endNodeName><![CDATA[북가좌삼거리]]></tmap:endNodeName>    <tmap:distance>348</tmap:distance>    <tmap:time>56.94</tmap:time>    <tmap:speed>22</tmap:speed>    <LineString>     <coordinates>126.903303,37.576524 126.90412,37.575811 126.904583,37.575407 126.904682,37.575318 126.905813,37.574267 126.905962,37.574145</coordinates>    </LineString>   </Placemark>   <Placemark>    <tmap:index>24</tmap:index>    <tmap:lineIndex>24</tmap:lineIndex>    <styleUrl>#style1</styleUrl>    <tmap:id>1008522</tmap:id>    <name><![CDATA[수색로/1008522/352253]]></name>    <description><![CDATA[북가좌삼거리 에서 증산교 방면 원활 / 46]]></description>    <tmap:congestion>1</tmap:congestion>    <tmap:direction>1</tmap:direction>    <tmap:roadType>004</tmap:roadType>    <tmap:startNodeName><![CDATA[북가좌삼거리]]></tmap:startNodeName>    <tmap:endNodeName><![CDATA[증산교]]></tmap:endNodeName>    <tmap:distance>348</tmap:distance>    <tmap:time>27.23</tmap:time>    <tmap:speed>46</tmap:speed>    <LineString>     <coordinates>126.90614,37.574389 126.905857,37.574649 126.905562,37.574924 126.905453,37.575011 126.904933,37.575485 126.904207,37.57614 126.903605,37.576685 126.903497,37.57678 126.903063,37.577193</coordinates>    </LineString>   </Placemark>   <Placemark>    <tmap:index>25</tmap:index>    <tmap:lineIndex>25</tmap:lineIndex>    <styleUrl>#style2</styleUrl>    <tmap:id>1008531</tmap:id>    <name><![CDATA[성중길/1008531/352254]]></name>    <description><![CDATA[증산교 에서 중암교 방면 서행 / 25]]></description>    <tmap:congestion>2</tmap:congestion>    <tmap:direction>0</tmap:direction>    <tmap:roadType>004</tmap:roadType>    <tmap:startNodeName><![CDATA[증산교]]></tmap:startNodeName>    <tmap:endNodeName><![CDATA[중암교]]></tmap:endNodeName>    <tmap:distance>571</tmap:distance>    <tmap:time>82.22</tmap:time>    <tmap:speed>25</tmap:speed>    <LineString>     <coordinates>126.903317,37.57659 126.903019,37.576463 126.902817,37.576346 126.90276,37.576315 126.902515,37.576162 126.902378,37.576051 126.90215,37.575845 126.901675,37.575416 126.901573,37.575302 126.90104,37.574445 126.90087,37.574204 126.900707,37.574 126.900586,37.573764 126.9005,37.57358 126.900468,37.573423 126.900419,37.573226 126.900375,37.572292</coordinates>    </LineString>   </Placemark>   <Placemark>    <tmap:index>26</tmap:index>    <tmap:lineIndex>26</tmap:lineIndex>    <styleUrl>#style2</styleUrl>    <tmap:id>1008532</tmap:id>    <name><![CDATA[성중길/1008532/352255]]></name>    <description><![CDATA[중암교 에서 증산교 방면 서행 / 27]]></description>    <tmap:congestion>2</tmap:congestion>    <tmap:direction>1</tmap:direction>    <tmap:roadType>004</tmap:roadType>    <tmap:startNodeName><![CDATA[중암교]]></tmap:startNodeName>    <tmap:endNodeName><![CDATA[증산교]]></tmap:endNodeName>    <tmap:distance>571</tmap:distance>    <tmap:time>76.13</tmap:time>    <tmap:speed>27</tmap:speed>    <LineString>     <coordinates>126.900482,37.572289 126.900527,37.573216 126.900574,37.573408 126.900604,37.573558 126.900687,37.573733 126.900803,37.573961 126.900963,37.57416 126.901135,37.574405 126.901666,37.575258 126.901759,37.575363 126.902231,37.575788 126.902457,37.575993 126.902588,37.576098 126.902825,37.576246 126.90288,37.576277 126.903076,37.576391 126.903368,37.576515</coordinates>    </LineString>   </Placemark>   <Placemark>    <tmap:index>27</tmap:index>    <tmap:lineIndex>27</tmap:lineIndex>    <styleUrl>#style2</styleUrl>    <tmap:id>1009152</tmap:id>    <name><![CDATA[월드컵북로/1009152/352341]]></name>    <description><![CDATA[중암교 에서 상암사거리 방면 서행 / 22]]></description>    <tmap:congestion>2</tmap:congestion>    <tmap:direction>1</tmap:direction>    <tmap:roadType>004</tmap:roadType>    <tmap:startNodeName><![CDATA[중암교]]></tmap:startNodeName>    <tmap:endNodeName><![CDATA[상암사거리]]></tmap:endNodeName>    <tmap:distance>193</tmap:distance>    <tmap:time>31.58</tmap:time>    <tmap:speed>22</tmap:speed>    <LineString>     <coordinates>126.900465,37.572322 126.899721,37.572863 126.89916,37.573226 126.898864,37.573428</coordinates>    </LineString>   </Placemark>   <Placemark>    <tmap:index>28</tmap:index>    <tmap:lineIndex>28</tmap:lineIndex>    <styleUrl>#style2</styleUrl>    <tmap:id>1008352</tmap:id>    <name><![CDATA[거북골로/1008352/352225]]></name>    <description><![CDATA[모래내우체국앞 에서 북가좌초교입구 방면 서행 / 28]]></description>    <tmap:congestion>2</tmap:congestion>    <tmap:direction>0</tmap:direction>    <tmap:roadType>004</tmap:roadType>    <tmap:startNodeName><![CDATA[모래내우체국앞]]></tmap:startNodeName>    <tmap:endNodeName><![CDATA[북가좌초교입구]]></tmap:endNodeName>    <tmap:distance>507</tmap:distance>    <tmap:time>65.18</tmap:time>    <tmap:speed>28</tmap:speed>    <LineString>     <coordinates>126.913549,37.575403 126.913082,37.575492 126.912878,37.575559 126.912665,37.575674 126.912443,37.575809 126.911309,37.576696 126.910276,37.577526 126.90978,37.577905</coordinates>    </LineString>   </Placemark>   <Placemark>    <tmap:index>29</tmap:index>    <tmap:lineIndex>29</tmap:lineIndex>    <styleUrl>#style1</styleUrl>    <tmap:id>1008362</tmap:id>    <name><![CDATA[응암로/1008362/352227]]></name>    <description><![CDATA[북가좌삼거리 에서 북가좌초교입구 방면 원활 / 31]]></description>    <tmap:congestion>1</tmap:congestion>    <tmap:direction>1</tmap:direction>    <tmap:roadType>004</tmap:roadType>    <tmap:startNodeName><![CDATA[북가좌삼거리]]></tmap:startNodeName>    <tmap:endNodeName><![CDATA[북가좌초교입구]]></tmap:endNodeName>    <tmap:distance>511</tmap:distance>    <tmap:time>59.34</tmap:time>    <tmap:speed>31</tmap:speed>    <LineString>     <coordinates>126.906141,37.574334 126.906871,37.575036 126.907221,37.575385 126.908183,37.576306 126.908635,37.576727 126.909031,37.577108 126.909156,37.577231 126.909784,37.577847</coordinates>    </LineString>   </Placemark>   <Placemark>    <tmap:index>30</tmap:index>    <tmap:lineIndex>30</tmap:lineIndex>    <styleUrl>#style2</styleUrl>    <tmap:id>1009011</tmap:id>    <name><![CDATA[수색로/1009011/352317]]></name>    <description><![CDATA[북가좌삼거리 에서 가좌삼거리 방면 서행 / 28]]></description>    <tmap:congestion>2</tmap:congestion>    <tmap:direction>0</tmap:direction>    <tmap:roadType>004</tmap:roadType>    <tmap:startNodeName><![CDATA[북가좌삼거리]]></tmap:startNodeName>    <tmap:endNodeName><![CDATA[가좌삼거리]]></tmap:endNodeName>    <tmap:distance>765</tmap:distance>    <tmap:time>98.35</tmap:time>    <tmap:speed>28</tmap:speed>    <LineString>     <coordinates>126.905961,37.574146 126.907239,37.573002 126.907631,37.572675 126.907946,37.572476 126.908374,37.572261 126.90992,37.571503 126.911787,37.570606 126.912674,37.570179 126.912922,37.570081</coordinates>    </LineString>   </Placemark>   <Placemark>    <tmap:index>31</tmap:index>    <tmap:lineIndex>31</tmap:lineIndex>    <styleUrl>#style1</styleUrl>    <tmap:id>1009012</tmap:id>    <name><![CDATA[수색로/1009012/352318]]></name>    <description><![CDATA[가좌삼거리 에서 북가좌삼거리 방면 원활 / 50]]></description>    <tmap:congestion>1</tmap:congestion>    <tmap:direction>1</tmap:direction>    <tmap:roadType>004</tmap:roadType>    <tmap:startNodeName><![CDATA[가좌삼거리]]></tmap:startNodeName>    <tmap:endNodeName><![CDATA[북가좌삼거리]]></tmap:endNodeName>    <tmap:distance>765</tmap:distance>    <tmap:time>55.08</tmap:time>    <tmap:speed>50</tmap:speed>    <LineString>     <coordinates>126.913011,37.570352 126.911783,37.570936 126.910089,37.571763 126.908457,37.572523 126.908119,37.5727 126.907872,37.572859 126.907485,37.573177 126.90614,37.574389</coordinates>    </LineString>   </Placemark>   <Placemark>    <tmap:index>32</tmap:index>    <tmap:lineIndex>32</tmap:lineIndex>    <styleUrl>#style1</styleUrl>    <tmap:id>1052881</tmap:id>    <name><![CDATA[성암로(서울)/1052881/355467]]></name>    <description><![CDATA[연남교 에서 상암초교입구 방면 원활 / 39]]></description>    <tmap:congestion>1</tmap:congestion>    <tmap:direction>0</tmap:direction>    <tmap:roadType>004</tmap:roadType>    <tmap:startNodeName><![CDATA[연남교]]></tmap:startNodeName>    <tmap:endNodeName><![CDATA[상암초교입구]]></tmap:endNodeName>    <tmap:distance>2400</tmap:distance>    <tmap:time>221.53</tmap:time>    <tmap:speed>39</tmap:speed>    <LineString>     <coordinates>126.916845,37.567426 126.916036,37.567812 126.915851,37.567902 126.915404,37.568103 126.913105,37.569002 126.911436,37.569689 126.910459,37.570085 126.909212,37.570624 126.908823,37.57081 126.907932,37.57127 126.907108,37.571735 126.905732,37.572516 126.904156,37.573433 126.903226,37.573977 126.903063,37.574075 126.90259,37.574362 126.900916,37.575353 126.900237,37.575777 126.899495,37.576231 126.898672,37.576796 126.897762,37.577411 126.89682,37.578086 126.896356,37.578389 126.895577,37.578854 126.894654,37.579415</coordinates>    </LineString>   </Placemark>   <Placemark>    <tmap:index>33</tmap:index>    <tmap:lineIndex>33</tmap:lineIndex>    <styleUrl>#style1</styleUrl>    <tmap:id>1052882</tmap:id>    <name><![CDATA[성암로(서울)/1052882/355468]]></name>    <description><![CDATA[상암초교입구 에서 연남교 방면 원활 / 39]]></description>    <tmap:congestion>1</tmap:congestion>    <tmap:direction>1</tmap:direction>    <tmap:roadType>004</tmap:roadType>    <tmap:startNodeName><![CDATA[상암초교입구]]></tmap:startNodeName>    <tmap:endNodeName><![CDATA[연남교]]></tmap:endNodeName>    <tmap:distance>2400</tmap:distance>    <tmap:time>221.53</tmap:time>    <tmap:speed>39</tmap:speed>    <LineString>     <coordinates>126.894588,37.579347 126.895512,37.578786 126.896289,37.578322 126.896749,37.578022 126.89769,37.577347 126.898602,37.576732 126.899426,37.576165 126.900171,37.575709 126.90085,37.575285 126.902525,37.574294 126.902998,37.574007 126.903161,37.573908 126.904092,37.573364 126.905669,37.572446 126.907046,37.571666 126.907872,37.5712 126.908765,37.570738 126.909158,37.57055 126.910408,37.570009 126.911386,37.569613 126.913056,37.568926 126.915354,37.568027 126.915796,37.567829 126.91598,37.567739 126.916789,37.567352</coordinates>    </LineString>   </Placemark>   <Placemark>    <tmap:index>34</tmap:index>    <tmap:lineIndex>34</tmap:lineIndex>    <styleUrl>#style3</styleUrl>    <tmap:id>1007721</tmap:id>    <name><![CDATA[증산서길/1007721/352141]]></name>    <description><![CDATA[증산초교 에서 수색성당입구 방면 지체 / 15]]></description>    <tmap:congestion>3</tmap:congestion>    <tmap:direction>0</tmap:direction>    <tmap:roadType>004</tmap:roadType>    <tmap:startNodeName><![CDATA[증산초교]]></tmap:startNodeName>    <tmap:endNodeName><![CDATA[수색성당입구]]></tmap:endNodeName>    <tmap:distance>502</tmap:distance>    <tmap:time>120.47</tmap:time>    <tmap:speed>15</tmap:speed>    <LineString>     <coordinates>126.904516,37.581372 126.90416,37.580989 126.904005,37.580856 126.903664,37.580645 126.902602,37.579966 126.902046,37.579628 126.901597,37.57936 126.901484,37.579312 126.901422,37.579303 126.901394,37.5793 126.90135,37.579304 126.901269,37.579322 126.900467,37.57957 126.90021,37.579622 126.899989,37.579645 126.899931,37.579639</coordinates>    </LineString>   </Placemark>   <Placemark>    <tmap:index>35</tmap:index>    <tmap:lineIndex>35</tmap:lineIndex>    <styleUrl>#style2</styleUrl>    <tmap:id>1007722</tmap:id>    <name><![CDATA[증산서길/1007722/352142]]></name>    <description><![CDATA[수색성당입구 에서 증산초교 방면 서행 / 23]]></description>    <tmap:congestion>2</tmap:congestion>    <tmap:direction>1</tmap:direction>    <tmap:roadType>004</tmap:roadType>    <tmap:startNodeName><![CDATA[수색성당입구]]></tmap:startNodeName>    <tmap:endNodeName><![CDATA[증산초교]]></tmap:endNodeName>    <tmap:distance>502</tmap:distance>    <tmap:time>78.57</tmap:time>    <tmap:speed>23</tmap:speed>    <LineString>     <coordinates>126.899943,37.579554 126.899988,37.579559 126.90019,37.579538 126.900434,37.579489 126.901235,37.579241 126.901329,37.57922 126.901394,37.579214 126.901439,37.579218 126.90152,37.579231 126.901655,37.579287 126.902112,37.57956 126.902669,37.579899 126.903731,37.580578 126.904078,37.580793 126.904243,37.580935 126.904603,37.581321</coordinates>    </LineString>   </Placemark>   <Placemark>    <tmap:index>36</tmap:index>    <tmap:lineIndex>36</tmap:lineIndex>    <styleUrl>#style3</styleUrl>    <tmap:id>1007811</tmap:id>    <name><![CDATA[거북골로/1007811/352157]]></name>    <description><![CDATA[증산3교 에서 북가좌초교입구 방면 지체 / 17]]></description>    <tmap:congestion>3</tmap:congestion>    <tmap:direction>1</tmap:direction>    <tmap:roadType>004</tmap:roadType>    <tmap:startNodeName><![CDATA[증산3교]]></tmap:startNodeName>    <tmap:endNodeName><![CDATA[북가좌초교입구]]></tmap:endNodeName>    <tmap:distance>429</tmap:distance>    <tmap:time>90.84</tmap:time>    <tmap:speed>17</tmap:speed>    <LineString>     <coordinates>126.9059,37.58038 126.906096,37.580217 126.906463,37.579982 126.906594,37.579894 126.906904,37.579702 126.907083,37.579583 126.907368,37.579392 126.907636,37.579212 126.907907,37.579037 126.908094,37.578915 126.909181,37.578185 126.909708,37.577841</coordinates>    </LineString>   </Placemark>   <Placemark>    <tmap:index>37</tmap:index>    <tmap:lineIndex>37</tmap:lineIndex>    <styleUrl>#style2</styleUrl>    <tmap:id>1008361</tmap:id>    <name><![CDATA[응암로/1008361/352226]]></name>    <description><![CDATA[북가좌초교입구 에서 북가좌삼거리 방면 서행 / 21]]></description>    <tmap:congestion>2</tmap:congestion>    <tmap:direction>0</tmap:direction>    <tmap:roadType>004</tmap:roadType>    <tmap:startNodeName><![CDATA[북가좌초교입구]]></tmap:startNodeName>    <tmap:endNodeName><![CDATA[북가좌삼거리]]></tmap:endNodeName>    <tmap:distance>511</tmap:distance>    <tmap:time>87.60</tmap:time>    <tmap:speed>21</tmap:speed>    <LineString>     <coordinates>126.9097,37.577901 126.909072,37.577285 126.908947,37.577162 126.908552,37.576781 126.908101,37.576361 126.907137,37.575439 126.906787,37.57509 126.906058,37.574388</coordinates>    </LineString>   </Placemark>   <Placemark>    <tmap:index>38</tmap:index>    <tmap:lineIndex>38</tmap:lineIndex>    <styleUrl>#style2</styleUrl>    <tmap:id>1009151</tmap:id>    <name><![CDATA[월드컵북로/1009151/352340]]></name>    <description><![CDATA[상암사거리 에서 중암교 방면 서행 / 27]]></description>    <tmap:congestion>2</tmap:congestion>    <tmap:direction>0</tmap:direction>    <tmap:roadType>004</tmap:roadType>    <tmap:startNodeName><![CDATA[상암사거리]]></tmap:startNodeName>    <tmap:endNodeName><![CDATA[중암교]]></tmap:endNodeName>    <tmap:distance>193</tmap:distance>    <tmap:time>25.73</tmap:time>    <tmap:speed>27</tmap:speed>    <LineString>     <coordinates>126.898794,37.573363 126.899091,37.57316 126.899651,37.572799 126.900392,37.572259</coordinates>    </LineString>   </Placemark>  </Document> </kml> 