<?xml version="1.0" encoding="UTF-8"?> <kml xmlns="http://www.opengis.net/kml/2.2"  xmlns:xsi="http://www.w3.org/2001/XMLSchema-instance"  xsi:schemaLocation="http://schemas.opengis.net/kml/2.2.0/ogckml22.xsd"   xmlns:tmap="http://tlp.tmap.co.kr/">  <Document>   <Style id="accPoint">    <IconStyle>     <scale>1.5</scale>     <Icon>      <href>http://www.allnew2013altima.com/imggallery/134/icon-poi.png</href>     </Icon>    </IconStyle>   </Style>   <Style id="style0">    <LineStyle>     <color>FF828287</color>     <width>4</width>    </LineStyle>   </Style>   <Style id="style1">    <LineStyle>     <color>FF45D51D</color>     <width>4</width>    </LineStyle>   </Style>   <Style id="style2">    <LineStyle>     <color>FF01C6FF</color>     <width>4</width>    </LineStyle>   </Style>   <Style id="style3">    <LineStyle>     <color>FF0084FF</color>     <width>4</width>    </LineStyle>   </Style>   <Style id="style4">    <LineStyle>     <color>FF1E33FF</color>     <width>4</width>    </LineStyle>   </Style>  <tmap:updateTime>201707162340</tmap:updateTime>   <Placemark>    <tmap:index>0</tmap:index>    <tmap:lineIndex>0</tmap:lineIndex>    <styleUrl>#style1</styleUrl>    <tmap:id>1006641</tmap:id>    <name><![CDATA[수색로/1006641/351968]]></name>    <description><![CDATA[덕은교 에서 수색교 방면 원활 / 30]]></description>    <tmap:congestion>1</tmap:congestion>    <tmap:direction>0</tmap:direction>    <tmap:roadType>004</tmap:roadType>    <tmap:startNodeName><![CDATA[덕은교]]></tmap:startNodeName>    <tmap:endNodeName><![CDATA[수색교]]></tmap:endNodeName>    <tmap:distance>480</tmap:distance>    <tmap:time>57.60</tmap:time>    <tmap:speed>30</tmap:speed>    <LineString>     <coordinates>126.882395,37.591008 126.882536,37.59088 126.884352,37.589305 126.885704,37.588135 126.887059,37.586935</coordinates>    </LineString>   </Placemark>   <Placemark>    <tmap:index>1</tmap:index>    <tmap:lineIndex>1</tmap:lineIndex>    <styleUrl>#style1</styleUrl>    <tmap:id>1006642</tmap:id>    <name><![CDATA[수색로/1006642/351969]]></name>    <description><![CDATA[수색교 에서 덕은교 방면 원활 / 58]]></description>    <tmap:congestion>1</tmap:congestion>    <tmap:direction>1</tmap:direction>    <tmap:roadType>004</tmap:roadType>    <tmap:startNodeName><![CDATA[수색교]]></tmap:startNodeName>    <tmap:endNodeName><![CDATA[덕은교]]></tmap:endNodeName>    <tmap:distance>480</tmap:distance>    <tmap:time>29.79</tmap:time>    <tmap:speed>58</tmap:speed>    <LineString>     <coordinates>126.887399,37.58706 126.887235,37.587196 126.887188,37.587236 126.885971,37.588278 126.884468,37.589573 126.882678,37.591113</coordinates>    </LineString>   </Placemark>   <Placemark>    <tmap:index>2</tmap:index>    <tmap:lineIndex>2</tmap:lineIndex>    <styleUrl>#style0</styleUrl>    <tmap:id>1056781</tmap:id>    <name><![CDATA[상암산로1길/1056781/355826]]></name>    <description><![CDATA[ 에서  방면 정보없음 / 0]]></description>    <tmap:congestion>0</tmap:congestion>    <tmap:direction>null</tmap:direction>    <tmap:roadType>004</tmap:roadType>    <tmap:startNodeName><![CDATA[]]></tmap:startNodeName>    <tmap:endNodeName><![CDATA[]]></tmap:endNodeName>    <tmap:distance>427</tmap:distance>    <tmap:time>0.00</tmap:time>    <tmap:speed>0</tmap:speed>    <LineString>     <coordinates>126.87996,37.580658 126.880219,37.58089 126.8804,37.581022 126.88056,37.581106 126.880757,37.581157 126.880876,37.581175 126.881046,37.581193 126.881325,37.581196 126.881487,37.581167 126.881635,37.581118 126.88208,37.580952 126.882276,37.580888 126.882413,37.580853 126.882656,37.580795 126.882844,37.580757 126.883113,37.580739 126.883541,37.58075 126.883711,37.58074 126.883823,37.580729 126.884165,37.580665</coordinates>    </LineString>   </Placemark>   <Placemark>    <tmap:index>3</tmap:index>    <tmap:lineIndex>3</tmap:lineIndex>    <styleUrl>#style0</styleUrl>    <tmap:id>1056782</tmap:id>    <name><![CDATA[상암산로1길/1056782/355827]]></name>    <description><![CDATA[ 에서  방면 정보없음 / 0]]></description>    <tmap:congestion>0</tmap:congestion>    <tmap:direction>null</tmap:direction>    <tmap:roadType>004</tmap:roadType>    <tmap:startNodeName><![CDATA[]]></tmap:startNodeName>    <tmap:endNodeName><![CDATA[]]></tmap:endNodeName>    <tmap:distance>427</tmap:distance>    <tmap:time>0.00</tmap:time>    <tmap:speed>0</tmap:speed>    <LineString>     <coordinates>126.883838,37.580814 126.883722,37.580825 126.883543,37.580836 126.883116,37.580824 126.882862,37.580841 126.882685,37.580877 126.882445,37.580935 126.882313,37.580968 126.882123,37.58103 126.881679,37.581196 126.88152,37.581249 126.881336,37.581282 126.881038,37.581278 126.880859,37.581259 126.88073,37.58124 126.880513,37.581183 126.880334,37.58109 126.880142,37.58095 126.879879,37.580714</coordinates>    </LineString>   </Placemark>   <Placemark>    <tmap:index>4</tmap:index>    <tmap:lineIndex>4</tmap:lineIndex>    <styleUrl>#style1</styleUrl>    <tmap:id>1056921</tmap:id>    <name><![CDATA[가양대로/1056921/355854]]></name>    <description><![CDATA[수색교 에서 DMC첨단산업센터 방면 원활 / 40]]></description>    <tmap:congestion>1</tmap:congestion>    <tmap:direction>0</tmap:direction>    <tmap:roadType>004</tmap:roadType>    <tmap:startNodeName><![CDATA[수색교]]></tmap:startNodeName>    <tmap:endNodeName><![CDATA[DMC첨단산업센터]]></tmap:endNodeName>    <tmap:distance>199</tmap:distance>    <tmap:time>17.91</tmap:time>    <tmap:speed>40</tmap:speed>    <LineString>     <coordinates>126.887063,37.586994 126.886189,37.586339 126.885525,37.585836</coordinates>    </LineString>   </Placemark>   <Placemark>    <tmap:index>5</tmap:index>    <tmap:lineIndex>5</tmap:lineIndex>    <styleUrl>#style1</styleUrl>    <tmap:id>1056922</tmap:id>    <name><![CDATA[가양대로/1056922/355855]]></name>    <description><![CDATA[DMC첨단산업센터 에서 수색교 방면 원활 / 36]]></description>    <tmap:congestion>1</tmap:congestion>    <tmap:direction>1</tmap:direction>    <tmap:roadType>004</tmap:roadType>    <tmap:startNodeName><![CDATA[DMC첨단산업센터]]></tmap:startNodeName>    <tmap:endNodeName><![CDATA[수색교]]></tmap:endNodeName>    <tmap:distance>199</tmap:distance>    <tmap:time>19.90</tmap:time>    <tmap:speed>36</tmap:speed>    <LineString>     <coordinates>126.8856,37.585774 126.886263,37.586278 126.887137,37.586932</coordinates>    </LineString>   </Placemark>   <Placemark>    <tmap:index>6</tmap:index>    <tmap:lineIndex>6</tmap:lineIndex>    <styleUrl>#style1</styleUrl>    <tmap:id>1057151</tmap:id>    <name><![CDATA[가양대로/1057151/355898]]></name>    <description><![CDATA[DMC첨단산업센터 에서 DMC첨단산업센터교차로 방면 원활 / 32]]></description>    <tmap:congestion>1</tmap:congestion>    <tmap:direction>0</tmap:direction>    <tmap:roadType>004</tmap:roadType>    <tmap:startNodeName><![CDATA[DMC첨단산업센터]]></tmap:startNodeName>    <tmap:endNodeName><![CDATA[DMC첨단산업센터교차로]]></tmap:endNodeName>    <tmap:distance>142</tmap:distance>    <tmap:time>15.97</tmap:time>    <tmap:speed>32</tmap:speed>    <LineString>     <coordinates>126.885525,37.585836 126.884817,37.585308 126.884359,37.584959</coordinates>    </LineString>   </Placemark>   <Placemark>    <tmap:index>7</tmap:index>    <tmap:lineIndex>7</tmap:lineIndex>    <styleUrl>#style1</styleUrl>    <tmap:id>1057152</tmap:id>    <name><![CDATA[가양대로/1057152/355899]]></name>    <description><![CDATA[DMC첨단산업센터교차로 에서 DMC첨단산업센터 방면 원활 / 57]]></description>    <tmap:congestion>1</tmap:congestion>    <tmap:direction>1</tmap:direction>    <tmap:roadType>004</tmap:roadType>    <tmap:startNodeName><![CDATA[DMC첨단산업센터교차로]]></tmap:startNodeName>    <tmap:endNodeName><![CDATA[DMC첨단산업센터]]></tmap:endNodeName>    <tmap:distance>142</tmap:distance>    <tmap:time>8.96</tmap:time>    <tmap:speed>57</tmap:speed>    <LineString>     <coordinates>126.884434,37.584897 126.884891,37.585246 126.885599,37.585774</coordinates>    </LineString>   </Placemark>   <Placemark>    <tmap:index>8</tmap:index>    <tmap:lineIndex>8</tmap:lineIndex>    <styleUrl>#style0</styleUrl>    <tmap:id>1057161</tmap:id>    <name><![CDATA[성암로/1057161/355900]]></name>    <description><![CDATA[ 에서  방면 정보없음 / 0]]></description>    <tmap:congestion>0</tmap:congestion>    <tmap:direction>null</tmap:direction>    <tmap:roadType>004</tmap:roadType>    <tmap:startNodeName><![CDATA[]]></tmap:startNodeName>    <tmap:endNodeName><![CDATA[]]></tmap:endNodeName>    <tmap:distance>275</tmap:distance>    <tmap:time>0.00</tmap:time>    <tmap:speed>0</tmap:speed>    <LineString>     <coordinates>126.887092,37.583644 126.886179,37.584096 126.885852,37.584261 126.884934,37.584725 126.884424,37.584965</coordinates>    </LineString>   </Placemark>   <Placemark>    <tmap:index>9</tmap:index>    <tmap:lineIndex>9</tmap:lineIndex>    <styleUrl>#style0</styleUrl>    <tmap:id>1057162</tmap:id>    <name><![CDATA[성암로/1057162/355901]]></name>    <description><![CDATA[ 에서  방면 정보없음 / 0]]></description>    <tmap:congestion>0</tmap:congestion>    <tmap:direction>null</tmap:direction>    <tmap:roadType>004</tmap:roadType>    <tmap:startNodeName><![CDATA[]]></tmap:startNodeName>    <tmap:endNodeName><![CDATA[]]></tmap:endNodeName>    <tmap:distance>275</tmap:distance>    <tmap:time>0.00</tmap:time>    <tmap:speed>0</tmap:speed>    <LineString>     <coordinates>126.884369,37.584891 126.884877,37.584652 126.885794,37.584189 126.886121,37.584023 126.887035,37.583571</coordinates>    </LineString>   </Placemark>   <Placemark>    <tmap:index>10</tmap:index>    <tmap:lineIndex>10</tmap:lineIndex>    <styleUrl>#style3</styleUrl>    <tmap:id>1057211</tmap:id>    <name><![CDATA[월드컵북로/1057211/355910]]></name>    <description><![CDATA[월드컵파크6단지 에서 월드컵파크7단지앞 방면 지체 / 11]]></description>    <tmap:congestion>3</tmap:congestion>    <tmap:direction>1</tmap:direction>    <tmap:roadType>004</tmap:roadType>    <tmap:startNodeName><![CDATA[월드컵파크6단지]]></tmap:startNodeName>    <tmap:endNodeName><![CDATA[월드컵파크7단지앞]]></tmap:endNodeName>    <tmap:distance>320</tmap:distance>    <tmap:time>104.72</tmap:time>    <tmap:speed>11</tmap:speed>    <LineString>     <coordinates>126.884977,37.581589 126.883957,37.582196 126.882477,37.583074 126.882071,37.583314</coordinates>    </LineString>   </Placemark>   <Placemark>    <tmap:index>11</tmap:index>    <tmap:lineIndex>11</tmap:lineIndex>    <styleUrl>#style2</styleUrl>    <tmap:id>1057212</tmap:id>    <name><![CDATA[월드컵북로/1057212/355911]]></name>    <description><![CDATA[월드컵파크7단지앞 에서 월드컵파크6단지 방면 서행 / 23]]></description>    <tmap:congestion>2</tmap:congestion>    <tmap:direction>0</tmap:direction>    <tmap:roadType>004</tmap:roadType>    <tmap:startNodeName><![CDATA[월드컵파크7단지앞]]></tmap:startNodeName>    <tmap:endNodeName><![CDATA[월드컵파크6단지]]></tmap:endNodeName>    <tmap:distance>320</tmap:distance>    <tmap:time>50.08</tmap:time>    <tmap:speed>23</tmap:speed>    <LineString>     <coordinates>126.882006,37.583246 126.882412,37.583005 126.883893,37.582127 126.884912,37.581521</coordinates>    </LineString>   </Placemark>   <Placemark>    <tmap:index>12</tmap:index>    <tmap:lineIndex>12</tmap:lineIndex>    <styleUrl>#style1</styleUrl>    <tmap:id>1057221</tmap:id>    <name><![CDATA[월드컵북로/1057221/355912]]></name>    <description><![CDATA[월드컵파크7단지앞 에서 상암홈플러스익스프레스 방면 원활 / 33]]></description>    <tmap:congestion>1</tmap:congestion>    <tmap:direction>1</tmap:direction>    <tmap:roadType>004</tmap:roadType>    <tmap:startNodeName><![CDATA[월드컵파크7단지앞]]></tmap:startNodeName>    <tmap:endNodeName><![CDATA[상암홈플러스익스프레스]]></tmap:endNodeName>    <tmap:distance>301</tmap:distance>    <tmap:time>32.83</tmap:time>    <tmap:speed>33</tmap:speed>    <LineString>     <coordinates>126.88207,37.583314 126.881592,37.583591 126.880831,37.584035 126.87959,37.584828 126.879363,37.584955</coordinates>    </LineString>   </Placemark>   <Placemark>    <tmap:index>13</tmap:index>    <tmap:lineIndex>13</tmap:lineIndex>    <styleUrl>#style3</styleUrl>    <tmap:id>1057222</tmap:id>    <name><![CDATA[월드컵북로/1057222/355913]]></name>    <description><![CDATA[상암홈플러스익스프레스 에서 월드컵파크7단지앞 방면 지체 / 19]]></description>    <tmap:congestion>3</tmap:congestion>    <tmap:direction>0</tmap:direction>    <tmap:roadType>004</tmap:roadType>    <tmap:startNodeName><![CDATA[상암홈플러스익스프레스]]></tmap:startNodeName>    <tmap:endNodeName><![CDATA[월드컵파크7단지앞]]></tmap:endNodeName>    <tmap:distance>301</tmap:distance>    <tmap:time>57.03</tmap:time>    <tmap:speed>19</tmap:speed>    <LineString>     <coordinates>126.879301,37.584885 126.879525,37.58476 126.880765,37.583967 126.881529,37.583522 126.882007,37.583245</coordinates>    </LineString>   </Placemark>   <Placemark>    <tmap:index>14</tmap:index>    <tmap:lineIndex>14</tmap:lineIndex>    <styleUrl>#style1</styleUrl>    <tmap:id>1057231</tmap:id>    <name><![CDATA[가양대로/1057231/355914]]></name>    <description><![CDATA[마포상암CNG충전소 에서 월드컵파크7단지앞 방면 원활 / 42]]></description>    <tmap:congestion>1</tmap:congestion>    <tmap:direction>1</tmap:direction>    <tmap:roadType>004</tmap:roadType>    <tmap:startNodeName><![CDATA[마포상암CNG충전소]]></tmap:startNodeName>    <tmap:endNodeName><![CDATA[월드컵파크7단지앞]]></tmap:endNodeName>    <tmap:distance>363</tmap:distance>    <tmap:time>31.11</tmap:time>    <tmap:speed>42</tmap:speed>    <LineString>     <coordinates>126.878638,37.581443 126.881553,37.582979 126.882068,37.583244</coordinates>    </LineString>   </Placemark>   <Placemark>    <tmap:index>15</tmap:index>    <tmap:lineIndex>15</tmap:lineIndex>    <styleUrl>#style1</styleUrl>    <tmap:id>1057232</tmap:id>    <name><![CDATA[가양대로/1057232/355915]]></name>    <description><![CDATA[월드컵파크7단지앞 에서 마포상암CNG충전소 방면 원활 / 62]]></description>    <tmap:congestion>1</tmap:congestion>    <tmap:direction>0</tmap:direction>    <tmap:roadType>004</tmap:roadType>    <tmap:startNodeName><![CDATA[월드컵파크7단지앞]]></tmap:startNodeName>    <tmap:endNodeName><![CDATA[마포상암CNG충전소]]></tmap:endNodeName>    <tmap:distance>363</tmap:distance>    <tmap:time>21.07</tmap:time>    <tmap:speed>62</tmap:speed>    <LineString>     <coordinates>126.882009,37.583316 126.881494,37.583051 126.878579,37.581514</coordinates>    </LineString>   </Placemark>   <Placemark>    <tmap:index>16</tmap:index>    <tmap:lineIndex>16</tmap:lineIndex>    <styleUrl>#style1</styleUrl>    <tmap:id>1057241</tmap:id>    <name><![CDATA[가양대로/1057241/355916]]></name>    <description><![CDATA[월드컵파크7단지앞 에서 DMC첨단산업센터교차로 방면 원활 / 59]]></description>    <tmap:congestion>1</tmap:congestion>    <tmap:direction>1</tmap:direction>    <tmap:roadType>004</tmap:roadType>    <tmap:startNodeName><![CDATA[월드컵파크7단지앞]]></tmap:startNodeName>    <tmap:endNodeName><![CDATA[DMC첨단산업센터교차로]]></tmap:endNodeName>    <tmap:distance>277</tmap:distance>    <tmap:time>16.90</tmap:time>    <tmap:speed>59</tmap:speed>    <LineString>     <coordinates>126.882072,37.583247 126.882497,37.583519 126.882776,37.583711 126.884433,37.584896</coordinates>    </LineString>   </Placemark>   <Placemark>    <tmap:index>17</tmap:index>    <tmap:lineIndex>17</tmap:lineIndex>    <styleUrl>#style1</styleUrl>    <tmap:id>1057242</tmap:id>    <name><![CDATA[가양대로/1057242/355917]]></name>    <description><![CDATA[DMC첨단산업센터교차로 에서 월드컵파크7단지앞 방면 원활 / 42]]></description>    <tmap:congestion>1</tmap:congestion>    <tmap:direction>0</tmap:direction>    <tmap:roadType>004</tmap:roadType>    <tmap:startNodeName><![CDATA[DMC첨단산업센터교차로]]></tmap:startNodeName>    <tmap:endNodeName><![CDATA[월드컵파크7단지앞]]></tmap:endNodeName>    <tmap:distance>277</tmap:distance>    <tmap:time>23.74</tmap:time>    <tmap:speed>42</tmap:speed>    <LineString>     <coordinates>126.884361,37.58496 126.882704,37.583775 126.882427,37.583584 126.882005,37.583313</coordinates>    </LineString>   </Placemark>   <Placemark>    <tmap:index>18</tmap:index>    <tmap:lineIndex>18</tmap:lineIndex>    <styleUrl>#style0</styleUrl>    <tmap:id>1057251</tmap:id>    <name><![CDATA[월드컵북로60길/1057251/355918]]></name>    <description><![CDATA[ 에서  방면 정보없음 / 0]]></description>    <tmap:congestion>0</tmap:congestion>    <tmap:direction>null</tmap:direction>    <tmap:roadType>004</tmap:roadType>    <tmap:startNodeName><![CDATA[]]></tmap:startNodeName>    <tmap:endNodeName><![CDATA[]]></tmap:endNodeName>    <tmap:distance>293</tmap:distance>    <tmap:time>0.00</tmap:time>    <tmap:speed>0</tmap:speed>    <LineString>     <coordinates>126.887022,37.583635 126.886169,37.582816 126.885529,37.582183 126.884903,37.581582</coordinates>    </LineString>   </Placemark>   <Placemark>    <tmap:index>19</tmap:index>    <tmap:lineIndex>19</tmap:lineIndex>    <styleUrl>#style0</styleUrl>    <tmap:id>1057252</tmap:id>    <name><![CDATA[월드컵북로60길/1057252/355919]]></name>    <description><![CDATA[ 에서  방면 정보없음 / 0]]></description>    <tmap:congestion>0</tmap:congestion>    <tmap:direction>null</tmap:direction>    <tmap:roadType>004</tmap:roadType>    <tmap:startNodeName><![CDATA[]]></tmap:startNodeName>    <tmap:endNodeName><![CDATA[]]></tmap:endNodeName>    <tmap:distance>293</tmap:distance>    <tmap:time>0.00</tmap:time>    <tmap:speed>0</tmap:speed>    <LineString>     <coordinates>126.884986,37.581528 126.885612,37.582129 126.886252,37.582762 126.887105,37.58358</coordinates>    </LineString>   </Placemark>   <Placemark>    <tmap:index>20</tmap:index>    <tmap:lineIndex>20</tmap:lineIndex>    <styleUrl>#style0</styleUrl>    <tmap:id>1057481</tmap:id>    <name><![CDATA[월드컵북로/1057481/355962]]></name>    <description><![CDATA[ 에서  방면 정보없음 / 0]]></description>    <tmap:congestion>0</tmap:congestion>    <tmap:direction>null</tmap:direction>    <tmap:roadType>004</tmap:roadType>    <tmap:startNodeName><![CDATA[]]></tmap:startNodeName>    <tmap:endNodeName><![CDATA[]]></tmap:endNodeName>    <tmap:distance>794</tmap:distance>    <tmap:time>0.00</tmap:time>    <tmap:speed>0</tmap:speed>    <LineString>     <coordinates>126.879381,37.584902 126.879516,37.585123 126.879725,37.585413 126.879802,37.585493 126.879937,37.585612 126.880063,37.585706 126.880215,37.585796 126.880424,37.585914 126.880612,37.58599 126.880822,37.586052 126.880916,37.586077 126.881004,37.586102 126.881324,37.58621 126.881459,37.586262 126.881561,37.586312 126.881651,37.586368 126.881712,37.586426 126.882415,37.587135 126.883024,37.587787 126.883361,37.587612 126.883888,37.587266 126.884244,37.587002 126.884256,37.58699 126.884747,37.58656 126.885017,37.586289 126.885228,37.5861 126.885519,37.58578</coordinates>    </LineString>   </Placemark>   <Placemark>    <tmap:index>21</tmap:index>    <tmap:lineIndex>21</tmap:lineIndex>    <styleUrl>#style0</styleUrl>    <tmap:id>1057482</tmap:id>    <name><![CDATA[월드컵북로/1057482/355963]]></name>    <description><![CDATA[ 에서  방면 정보없음 / 0]]></description>    <tmap:congestion>0</tmap:congestion>    <tmap:direction>null</tmap:direction>    <tmap:roadType>004</tmap:roadType>    <tmap:startNodeName><![CDATA[]]></tmap:startNodeName>    <tmap:endNodeName><![CDATA[]]></tmap:endNodeName>    <tmap:distance>794</tmap:distance>    <tmap:time>0.00</tmap:time>    <tmap:speed>0</tmap:speed>    <LineString>     <coordinates>126.885606,37.58583 126.885312,37.586154 126.8851,37.586344 126.884829,37.586616 126.884339,37.587044 126.884324,37.587059 126.883959,37.58733 126.883425,37.587681 126.882998,37.587903 126.882329,37.587187 126.881628,37.58648 126.881575,37.586429 126.881499,37.586382 126.881407,37.586337 126.88128,37.586288 126.880965,37.586182 126.88088,37.586158 126.880786,37.586132 126.880569,37.586069 126.880368,37.585988 126.880151,37.585865 126.879994,37.585771 126.87986,37.585672 126.879719,37.585548 126.879634,37.58546 126.87942,37.585162 126.879284,37.584939</coordinates>    </LineString>   </Placemark>   <Placemark>    <tmap:index>22</tmap:index>    <tmap:lineIndex>22</tmap:lineIndex>    <styleUrl>#style1</styleUrl>    <tmap:id>1008631</tmap:id>    <name><![CDATA[월드컵로/1008631/352268]]></name>    <description><![CDATA[난지천공원입구 에서 구룡사거리(고양) 방면 원활 / 43]]></description>    <tmap:congestion>1</tmap:congestion>    <tmap:direction>1</tmap:direction>    <tmap:roadType>004</tmap:roadType>    <tmap:startNodeName><![CDATA[난지천공원입구]]></tmap:startNodeName>    <tmap:endNodeName><![CDATA[구룡사거리(고양)]]></tmap:endNodeName>    <tmap:distance>512</tmap:distance>    <tmap:time>42.86</tmap:time>    <tmap:speed>43</tmap:speed>    <LineString>     <coordinates>126.881019,37.577438 126.876796,37.579931 126.876279,37.580265</coordinates>    </LineString>   </Placemark>   <Placemark>    <tmap:index>23</tmap:index>    <tmap:lineIndex>23</tmap:lineIndex>    <styleUrl>#style1</styleUrl>    <tmap:id>1008632</tmap:id>    <name><![CDATA[월드컵로/1008632/352269]]></name>    <description><![CDATA[구룡사거리(고양) 에서 난지천공원입구 방면 원활 / 45]]></description>    <tmap:congestion>1</tmap:congestion>    <tmap:direction>0</tmap:direction>    <tmap:roadType>004</tmap:roadType>    <tmap:startNodeName><![CDATA[구룡사거리(고양)]]></tmap:startNodeName>    <tmap:endNodeName><![CDATA[난지천공원입구]]></tmap:endNodeName>    <tmap:distance>512</tmap:distance>    <tmap:time>40.96</tmap:time>    <tmap:speed>45</tmap:speed>    <LineString>     <coordinates>126.876211,37.580199 126.87673,37.579863 126.880954,37.57737</coordinates>    </LineString>   </Placemark>   <Placemark>    <tmap:index>24</tmap:index>    <tmap:lineIndex>24</tmap:lineIndex>    <styleUrl>#style0</styleUrl>    <tmap:id>1057271</tmap:id>    <name><![CDATA[월드컵로42길/1057271/355922]]></name>    <description><![CDATA[ 에서  방면 정보없음 / 0]]></description>    <tmap:congestion>0</tmap:congestion>    <tmap:direction>null</tmap:direction>    <tmap:roadType>004</tmap:roadType>    <tmap:startNodeName><![CDATA[]]></tmap:startNodeName>    <tmap:endNodeName><![CDATA[]]></tmap:endNodeName>    <tmap:distance>503</tmap:distance>    <tmap:time>0.00</tmap:time>    <tmap:speed>0</tmap:speed>    <LineString>     <coordinates>126.88103,37.577378 126.881081,37.577432 126.881315,37.577538 126.881606,37.577855 126.881898,37.578185 126.882228,37.578542 126.882308,37.578651 126.882338,37.578734 126.882351,37.578817 126.882354,37.578908 126.882342,37.578976 126.882315,37.579049 126.882258,37.579147 126.88215,37.579258 126.881706,37.579479 126.88149,37.579581 126.880914,37.579909 126.880194,37.580294 126.880043,37.58037</coordinates>    </LineString>   </Placemark>   <Placemark>    <tmap:index>25</tmap:index>    <tmap:lineIndex>25</tmap:lineIndex>    <styleUrl>#style0</styleUrl>    <tmap:id>1057272</tmap:id>    <name><![CDATA[월드컵로42길/1057272/355923]]></name>    <description><![CDATA[ 에서  방면 정보없음 / 0]]></description>    <tmap:congestion>0</tmap:congestion>    <tmap:direction>null</tmap:direction>    <tmap:roadType>004</tmap:roadType>    <tmap:startNodeName><![CDATA[]]></tmap:startNodeName>    <tmap:endNodeName><![CDATA[]]></tmap:endNodeName>    <tmap:distance>503</tmap:distance>    <tmap:time>0.00</tmap:time>    <tmap:speed>0</tmap:speed>    <LineString>     <coordinates>126.879666,37.580468 126.879733,37.580423 126.879985,37.580298 126.880135,37.580222 126.880853,37.579839 126.881431,37.579509 126.88165,37.579406 126.882076,37.579194 126.882165,37.579102 126.882214,37.579019 126.882236,37.578958 126.882246,37.578903 126.882244,37.578823 126.882232,37.578752 126.882208,37.578685 126.882138,37.578589 126.88181,37.578235 126.881518,37.577905 126.881242,37.577603 126.881009,37.577498 126.880944,37.57743</coordinates>    </LineString>   </Placemark>   <Placemark>    <tmap:index>26</tmap:index>    <tmap:lineIndex>26</tmap:lineIndex>    <styleUrl>#style1</styleUrl>    <tmap:id>1006971</tmap:id>    <name><![CDATA[수색로/1006971/352016]]></name>    <description><![CDATA[수색교 에서 수색역 방면 원활 / 37]]></description>    <tmap:congestion>1</tmap:congestion>    <tmap:direction>0</tmap:direction>    <tmap:roadType>004</tmap:roadType>    <tmap:startNodeName><![CDATA[수색교]]></tmap:startNodeName>    <tmap:endNodeName><![CDATA[수색역]]></tmap:endNodeName>    <tmap:distance>928</tmap:distance>    <tmap:time>90.29</tmap:time>    <tmap:speed>37</tmap:speed>    <LineString>     <coordinates>126.887061,37.586934 126.888077,37.586097 126.888456,37.585784 126.889036,37.585324 126.889412,37.584997 126.889644,37.584813 126.889907,37.584623 126.890197,37.584486 126.891527,37.583921 126.891666,37.583854 126.892838,37.58337 126.893478,37.583091 126.893706,37.582992 126.894284,37.582666 126.895241,37.582103 126.89538,37.582023</coordinates>    </LineString>   </Placemark>   <Placemark>    <tmap:index>27</tmap:index>    <tmap:lineIndex>27</tmap:lineIndex>    <styleUrl>#style1</styleUrl>    <tmap:id>1006972</tmap:id>    <name><![CDATA[수색로/1006972/352017]]></name>    <description><![CDATA[수색역 에서 수색교 방면 원활 / 44]]></description>    <tmap:congestion>1</tmap:congestion>    <tmap:direction>1</tmap:direction>    <tmap:roadType>004</tmap:roadType>    <tmap:startNodeName><![CDATA[수색역]]></tmap:startNodeName>    <tmap:endNodeName><![CDATA[수색교]]></tmap:endNodeName>    <tmap:distance>928</tmap:distance>    <tmap:time>75.92</tmap:time>    <tmap:speed>44</tmap:speed>    <LineString>     <coordinates>126.895515,37.582265 126.893858,37.583255 126.891725,37.584137 126.890909,37.584477 126.890199,37.584775 126.890083,37.58484 126.889824,37.585019 126.889747,37.58509 126.889448,37.58536 126.889382,37.585412 126.888541,37.586132 126.88851,37.586156 126.888217,37.586409 126.88764,37.586863 126.887398,37.58706</coordinates>    </LineString>   </Placemark>   <Placemark>    <tmap:index>28</tmap:index>    <tmap:lineIndex>28</tmap:lineIndex>    <styleUrl>#style0</styleUrl>    <tmap:id>1056771</tmap:id>    <name><![CDATA[월드컵북로/1056771/355824]]></name>    <description><![CDATA[ 에서  방면 정보없음 / 0]]></description>    <tmap:congestion>0</tmap:congestion>    <tmap:direction>null</tmap:direction>    <tmap:roadType>004</tmap:roadType>    <tmap:startNodeName><![CDATA[]]></tmap:startNodeName>    <tmap:endNodeName><![CDATA[]]></tmap:endNodeName>    <tmap:distance>105</tmap:distance>    <tmap:time>0.00</tmap:time>    <tmap:speed>0</tmap:speed>    <LineString>     <coordinates>126.884349,37.58091 126.884454,37.580994 126.884987,37.581529</coordinates>    </LineString>   </Placemark>   <Placemark>    <tmap:index>29</tmap:index>    <tmap:lineIndex>29</tmap:lineIndex>    <styleUrl>#style0</styleUrl>    <tmap:id>1056772</tmap:id>    <name><![CDATA[월드컵북로/1056772/355825]]></name>    <description><![CDATA[ 에서  방면 정보없음 / 0]]></description>    <tmap:congestion>0</tmap:congestion>    <tmap:direction>null</tmap:direction>    <tmap:roadType>004</tmap:roadType>    <tmap:startNodeName><![CDATA[]]></tmap:startNodeName>    <tmap:endNodeName><![CDATA[]]></tmap:endNodeName>    <tmap:distance>105</tmap:distance>    <tmap:time>0.00</tmap:time>    <tmap:speed>0</tmap:speed>    <LineString>     <coordinates>126.884902,37.581582 126.884373,37.581051 126.884272,37.58097</coordinates>    </LineString>   </Placemark>   <Placemark>    <tmap:index>30</tmap:index>    <tmap:lineIndex>30</tmap:lineIndex>    <styleUrl>#style2</styleUrl>    <tmap:id>1057191</tmap:id>    <name><![CDATA[월드컵북로/1057191/355906]]></name>    <description><![CDATA[월드컵파크6단지 에서 월드컵파크5단지 방면 서행 / 23]]></description>    <tmap:congestion>2</tmap:congestion>    <tmap:direction>0</tmap:direction>    <tmap:roadType>004</tmap:roadType>    <tmap:startNodeName><![CDATA[월드컵파크6단지]]></tmap:startNodeName>    <tmap:endNodeName><![CDATA[월드컵파크5단지]]></tmap:endNodeName>    <tmap:distance>322</tmap:distance>    <tmap:time>50.40</tmap:time>    <tmap:speed>23</tmap:speed>    <LineString>     <coordinates>126.884912,37.581521 126.885928,37.580915 126.886871,37.580377 126.887843,37.579802</coordinates>    </LineString>   </Placemark>   <Placemark>    <tmap:index>31</tmap:index>    <tmap:lineIndex>31</tmap:lineIndex>    <styleUrl>#style2</styleUrl>    <tmap:id>1057192</tmap:id>    <name><![CDATA[월드컵북로/1057192/355907]]></name>    <description><![CDATA[월드컵파크5단지 에서 월드컵파크6단지 방면 서행 / 22]]></description>    <tmap:congestion>2</tmap:congestion>    <tmap:direction>1</tmap:direction>    <tmap:roadType>004</tmap:roadType>    <tmap:startNodeName><![CDATA[월드컵파크5단지]]></tmap:startNodeName>    <tmap:endNodeName><![CDATA[월드컵파크6단지]]></tmap:endNodeName>    <tmap:distance>322</tmap:distance>    <tmap:time>52.69</tmap:time>    <tmap:speed>22</tmap:speed>    <LineString>     <coordinates>126.887908,37.57987 126.886934,37.580446 126.885992,37.580983 126.884977,37.581589</coordinates>    </LineString>   </Placemark>   <Placemark>    <tmap:index>32</tmap:index>    <tmap:lineIndex>32</tmap:lineIndex>    <styleUrl>#style0</styleUrl>    <tmap:id>1057261</tmap:id>    <name><![CDATA[월드컵북로54길/1057261/355920]]></name>    <description><![CDATA[ 에서  방면 정보없음 / 0]]></description>    <tmap:congestion>0</tmap:congestion>    <tmap:direction>null</tmap:direction>    <tmap:roadType>004</tmap:roadType>    <tmap:startNodeName><![CDATA[]]></tmap:startNodeName>    <tmap:endNodeName><![CDATA[]]></tmap:endNodeName>    <tmap:distance>326</tmap:distance>    <tmap:time>0.00</tmap:time>    <tmap:speed>0</tmap:speed>    <LineString>     <coordinates>126.887918,37.579809 126.888781,37.580665 126.889425,37.581287 126.890252,37.582085</coordinates>    </LineString>   </Placemark>   <Placemark>    <tmap:index>33</tmap:index>    <tmap:lineIndex>33</tmap:lineIndex>    <styleUrl>#style0</styleUrl>    <tmap:id>1057262</tmap:id>    <name><![CDATA[월드컵북로54길/1057262/355921]]></name>    <description><![CDATA[ 에서  방면 정보없음 / 0]]></description>    <tmap:congestion>0</tmap:congestion>    <tmap:direction>null</tmap:direction>    <tmap:roadType>004</tmap:roadType>    <tmap:startNodeName><![CDATA[]]></tmap:startNodeName>    <tmap:endNodeName><![CDATA[]]></tmap:endNodeName>    <tmap:distance>326</tmap:distance>    <tmap:time>0.00</tmap:time>    <tmap:speed>0</tmap:speed>    <LineString>     <coordinates>126.890169,37.58214 126.889342,37.581342 126.888697,37.580719 126.887833,37.579863</coordinates>    </LineString>   </Placemark>   <Placemark>    <tmap:index>34</tmap:index>    <tmap:lineIndex>34</tmap:lineIndex>    <styleUrl>#style0</styleUrl>    <tmap:id>1057371</tmap:id>    <name><![CDATA[상암산로1길/1057371/355940]]></name>    <description><![CDATA[ 에서  방면 정보없음 / 0]]></description>    <tmap:congestion>0</tmap:congestion>    <tmap:direction>null</tmap:direction>    <tmap:roadType>004</tmap:roadType>    <tmap:startNodeName><![CDATA[]]></tmap:startNodeName>    <tmap:endNodeName><![CDATA[]]></tmap:endNodeName>    <tmap:distance>326</tmap:distance>    <tmap:time>0.00</tmap:time>    <tmap:speed>0</tmap:speed>    <LineString>     <coordinates>126.886986,37.579098 126.886859,37.579231 126.886601,37.579395 126.886167,37.579663 126.8852,37.580232 126.884607,37.580591 126.884501,37.580638 126.884415,37.580678</coordinates>    </LineString>   </Placemark>   <Placemark>    <tmap:index>35</tmap:index>    <tmap:lineIndex>35</tmap:lineIndex>    <styleUrl>#style0</styleUrl>    <tmap:id>1057372</tmap:id>    <name><![CDATA[상암산로1길/1057372/355941]]></name>    <description><![CDATA[ 에서  방면 정보없음 / 0]]></description>    <tmap:congestion>0</tmap:congestion>    <tmap:direction>null</tmap:direction>    <tmap:roadType>004</tmap:roadType>    <tmap:startNodeName><![CDATA[]]></tmap:startNodeName>    <tmap:endNodeName><![CDATA[]]></tmap:endNodeName>    <tmap:distance>326</tmap:distance>    <tmap:time>0.00</tmap:time>    <tmap:speed>0</tmap:speed>    <LineString>     <coordinates>126.884156,37.580667 126.884196,37.580654 126.884365,37.580602 126.884448,37.580564 126.884548,37.58052 126.885135,37.580164 126.886102,37.579595 126.886534,37.579328 126.886781,37.579171 126.8869,37.579046</coordinates>    </LineString>   </Placemark>   <Placemark>    <tmap:index>36</tmap:index>    <tmap:lineIndex>36</tmap:lineIndex>    <styleUrl>#style0</styleUrl>    <tmap:id>1057441</tmap:id>    <name><![CDATA[성암로/1057441/355954]]></name>    <description><![CDATA[ 에서  방면 정보없음 / 0]]></description>    <tmap:congestion>0</tmap:congestion>    <tmap:direction>null</tmap:direction>    <tmap:roadType>004</tmap:roadType>    <tmap:startNodeName><![CDATA[]]></tmap:startNodeName>    <tmap:endNodeName><![CDATA[]]></tmap:endNodeName>    <tmap:distance>326</tmap:distance>    <tmap:time>0.00</tmap:time>    <tmap:speed>0</tmap:speed>    <LineString>     <coordinates>126.887036,37.58357 126.888001,37.583125 126.888214,37.583028 126.889115,37.582611 126.889582,37.582398 126.889928,37.58222 126.890179,37.582078</coordinates>    </LineString>   </Placemark>   <Placemark>    <tmap:index>37</tmap:index>    <tmap:lineIndex>37</tmap:lineIndex>    <styleUrl>#style0</styleUrl>    <tmap:id>1057442</tmap:id>    <name><![CDATA[성암로/1057442/355955]]></name>    <description><![CDATA[ 에서  방면 정보없음 / 0]]></description>    <tmap:congestion>0</tmap:congestion>    <tmap:direction>null</tmap:direction>    <tmap:roadType>004</tmap:roadType>    <tmap:startNodeName><![CDATA[]]></tmap:startNodeName>    <tmap:endNodeName><![CDATA[]]></tmap:endNodeName>    <tmap:distance>326</tmap:distance>    <tmap:time>0.00</tmap:time>    <tmap:speed>0</tmap:speed>    <LineString>     <coordinates>126.890242,37.582147 126.889989,37.582291 126.889638,37.582471 126.889169,37.582685 126.888268,37.583101 126.888055,37.583199 126.887091,37.583644</coordinates>    </LineString>   </Placemark>  </Document> </kml> 