<?xml version="1.0" encoding="UTF-8"?> <kml xmlns="http://www.opengis.net/kml/2.2"  xmlns:xsi="http://www.w3.org/2001/XMLSchema-instance"  xsi:schemaLocation="http://schemas.opengis.net/kml/2.2.0/ogckml22.xsd"   xmlns:tmap="http://tlp.tmap.co.kr/">  <Document>   <Style id="accPoint">    <IconStyle>     <scale>1.5</scale>     <Icon>      <href>http://www.allnew2013altima.com/imggallery/134/icon-poi.png</href>     </Icon>    </IconStyle>   </Style>   <Style id="style0">    <LineStyle>     <color>FF828287</color>     <width>4</width>    </LineStyle>   </Style>   <Style id="style1">    <LineStyle>     <color>FF45D51D</color>     <width>4</width>    </LineStyle>   </Style>   <Style id="style2">    <LineStyle>     <color>FF01C6FF</color>     <width>4</width>    </LineStyle>   </Style>   <Style id="style3">    <LineStyle>     <color>FF0084FF</color>     <width>4</width>    </LineStyle>   </Style>   <Style id="style4">    <LineStyle>     <color>FF1E33FF</color>     <width>4</width>    </LineStyle>   </Style>  <tmap:updateTime>201707162340</tmap:updateTime>   <Placemark>    <tmap:index>0</tmap:index>    <tmap:lineIndex>0</tmap:lineIndex>    <styleUrl>#style1</styleUrl>    <tmap:id>1005461</tmap:id>    <name><![CDATA[은평로/1005461/351785]]></name>    <description><![CDATA[신사동고개 에서 은평신사사거리 방면 원활 / 32]]></description>    <tmap:congestion>1</tmap:congestion>    <tmap:direction>0</tmap:direction>    <tmap:roadType>004</tmap:roadType>    <tmap:startNodeName><![CDATA[신사동고개]]></tmap:startNodeName>    <tmap:endNodeName><![CDATA[은평신사사거리]]></tmap:endNodeName>    <tmap:distance>177</tmap:distance>    <tmap:time>19.91</tmap:time>    <tmap:speed>32</tmap:speed>    <LineString>     <coordinates>126.910029,37.597843 126.909929,37.597593 126.909864,37.59748 126.909212,37.596372</coordinates>    </LineString>   </Placemark>   <Placemark>    <tmap:index>1</tmap:index>    <tmap:lineIndex>1</tmap:lineIndex>    <styleUrl>#style2</styleUrl>    <tmap:id>1005462</tmap:id>    <name><![CDATA[은평로/1005462/351786]]></name>    <description><![CDATA[은평신사사거리 에서 신사동고개 방면 서행 / 28]]></description>    <tmap:congestion>2</tmap:congestion>    <tmap:direction>1</tmap:direction>    <tmap:roadType>004</tmap:roadType>    <tmap:startNodeName><![CDATA[은평신사사거리]]></tmap:startNodeName>    <tmap:endNodeName><![CDATA[신사동고개]]></tmap:endNodeName>    <tmap:distance>177</tmap:distance>    <tmap:time>22.75</tmap:time>    <tmap:speed>28</tmap:speed>    <LineString>     <coordinates>126.90931,37.596336 126.909962,37.597445 126.910029,37.597563 126.910132,37.597817</coordinates>    </LineString>   </Placemark>   <Placemark>    <tmap:index>2</tmap:index>    <tmap:lineIndex>2</tmap:lineIndex>    <styleUrl>#style1</styleUrl>    <tmap:id>1005601</tmap:id>    <name><![CDATA[가좌로/1005601/351813]]></name>    <description><![CDATA[은평신사사거리 에서 새절역 방면 원활 / 32]]></description>    <tmap:congestion>1</tmap:congestion>    <tmap:direction>0</tmap:direction>    <tmap:roadType>004</tmap:roadType>    <tmap:startNodeName><![CDATA[은평신사사거리]]></tmap:startNodeName>    <tmap:endNodeName><![CDATA[새절역]]></tmap:endNodeName>    <tmap:distance>594</tmap:distance>    <tmap:time>66.82</tmap:time>    <tmap:speed>32</tmap:speed>    <LineString>     <coordinates>126.909229,37.596319 126.909569,37.596124 126.910627,37.595274 126.910866,37.59509 126.9119,37.594269 126.912529,37.593773 126.913173,37.593261 126.913967,37.592624</coordinates>    </LineString>   </Placemark>   <Placemark>    <tmap:index>3</tmap:index>    <tmap:lineIndex>3</tmap:lineIndex>    <styleUrl>#style1</styleUrl>    <tmap:id>1005602</tmap:id>    <name><![CDATA[가좌로/1005602/351814]]></name>    <description><![CDATA[새절역 에서 은평신사사거리 방면 원활 / 38]]></description>    <tmap:congestion>1</tmap:congestion>    <tmap:direction>1</tmap:direction>    <tmap:roadType>004</tmap:roadType>    <tmap:startNodeName><![CDATA[새절역]]></tmap:startNodeName>    <tmap:endNodeName><![CDATA[은평신사사거리]]></tmap:endNodeName>    <tmap:distance>594</tmap:distance>    <tmap:time>56.27</tmap:time>    <tmap:speed>38</tmap:speed>    <LineString>     <coordinates>126.914044,37.592684 126.91325,37.593321 126.912606,37.593833 126.911977,37.59433 126.910942,37.59515 126.910703,37.595335 126.90964,37.596189 126.909293,37.596388</coordinates>    </LineString>   </Placemark>   <Placemark>    <tmap:index>4</tmap:index>    <tmap:lineIndex>4</tmap:lineIndex>    <styleUrl>#style1</styleUrl>    <tmap:id>1005611</tmap:id>    <name><![CDATA[은평터널로/1005611/351815]]></name>    <description><![CDATA[은평신사사거리 에서 상신중교입구 방면 원활 / 31]]></description>    <tmap:congestion>1</tmap:congestion>    <tmap:direction>0</tmap:direction>    <tmap:roadType>004</tmap:roadType>    <tmap:startNodeName><![CDATA[은평신사사거리]]></tmap:startNodeName>    <tmap:endNodeName><![CDATA[상신중교입구]]></tmap:endNodeName>    <tmap:distance>712</tmap:distance>    <tmap:time>82.68</tmap:time>    <tmap:speed>31</tmap:speed>    <LineString>     <coordinates>126.909212,37.596372 126.908811,37.595688 126.908686,37.595436 126.908301,37.594641 126.908229,37.594506 126.908162,37.594378 126.907918,37.593952 126.907627,37.593432 126.907574,37.593362 126.907386,37.593174 126.906475,37.592222 126.905834,37.591562 126.905177,37.590872</coordinates>    </LineString>   </Placemark>   <Placemark>    <tmap:index>5</tmap:index>    <tmap:lineIndex>5</tmap:lineIndex>    <styleUrl>#style2</styleUrl>    <tmap:id>1005612</tmap:id>    <name><![CDATA[은평터널로/1005612/351816]]></name>    <description><![CDATA[상신중교입구 에서 은평신사사거리 방면 서행 / 21]]></description>    <tmap:congestion>2</tmap:congestion>    <tmap:direction>1</tmap:direction>    <tmap:roadType>004</tmap:roadType>    <tmap:startNodeName><![CDATA[상신중교입구]]></tmap:startNodeName>    <tmap:endNodeName><![CDATA[은평신사사거리]]></tmap:endNodeName>    <tmap:distance>712</tmap:distance>    <tmap:time>122.05</tmap:time>    <tmap:speed>21</tmap:speed>    <LineString>     <coordinates>126.905263,37.59082 126.90592,37.59151 126.906561,37.59217 126.907471,37.593122 126.907663,37.593314 126.907723,37.593393 126.908016,37.593917 126.908261,37.594344 126.908329,37.594473 126.908401,37.594609 126.908786,37.595405 126.90891,37.595654 126.90931,37.596336</coordinates>    </LineString>   </Placemark>   <Placemark>    <tmap:index>6</tmap:index>    <tmap:lineIndex>6</tmap:lineIndex>    <styleUrl>#style3</styleUrl>    <tmap:id>1006471</tmap:id>    <name><![CDATA[증산로15길/1006471/351935]]></name>    <description><![CDATA[상신중교입구 에서 와산교 방면 지체 / 17]]></description>    <tmap:congestion>3</tmap:congestion>    <tmap:direction>1</tmap:direction>    <tmap:roadType>004</tmap:roadType>    <tmap:startNodeName><![CDATA[상신중교입구]]></tmap:startNodeName>    <tmap:endNodeName><![CDATA[와산교]]></tmap:endNodeName>    <tmap:distance>750</tmap:distance>    <tmap:time>158.82</tmap:time>    <tmap:speed>17</tmap:speed>    <LineString>     <coordinates>126.905202,37.590806 126.905876,37.590617 126.906158,37.590551 126.906435,37.590511 126.907493,37.590444 126.908448,37.590389 126.90883,37.590394 126.908904,37.590394 126.909014,37.590394 126.909091,37.590383 126.909194,37.590356 126.909285,37.590328 126.909411,37.590252 126.909487,37.590215 126.909925,37.589976 126.910144,37.589829 126.910332,37.589655 126.910488,37.589504 126.910654,37.589318 126.910717,37.58925 126.910862,37.589166 126.911026,37.589073 126.91154,37.588953 126.912522,37.588756 126.912851,37.588686 126.913035,37.588663</coordinates>    </LineString>   </Placemark>   <Placemark>    <tmap:index>7</tmap:index>    <tmap:lineIndex>7</tmap:lineIndex>    <styleUrl>#style3</styleUrl>    <tmap:id>1006472</tmap:id>    <name><![CDATA[증산로15길/1006472/351936]]></name>    <description><![CDATA[와산교 에서 상신중교입구 방면 지체 / 16]]></description>    <tmap:congestion>3</tmap:congestion>    <tmap:direction>0</tmap:direction>    <tmap:roadType>004</tmap:roadType>    <tmap:startNodeName><![CDATA[와산교]]></tmap:startNodeName>    <tmap:endNodeName><![CDATA[상신중교입구]]></tmap:endNodeName>    <tmap:distance>750</tmap:distance>    <tmap:time>168.75</tmap:time>    <tmap:speed>16</tmap:speed>    <LineString>     <coordinates>126.913052,37.588747 126.912873,37.588769 126.912549,37.588839 126.911569,37.589035 126.911074,37.589151 126.910925,37.589235 126.910794,37.589311 126.910741,37.589368 126.910574,37.589556 126.910415,37.58971 126.91022,37.58989 126.90999,37.590044 126.909545,37.590287 126.909472,37.590322 126.909338,37.590404 126.90923,37.590437 126.909117,37.590466 126.909024,37.590479 126.908904,37.59048 126.908829,37.59048 126.908451,37.590475 126.907501,37.590529 126.906449,37.590596 126.906183,37.590635 126.905909,37.590699 126.905238,37.590886</coordinates>    </LineString>   </Placemark>   <Placemark>    <tmap:index>8</tmap:index>    <tmap:lineIndex>8</tmap:lineIndex>    <styleUrl>#style1</styleUrl>    <tmap:id>1006481</tmap:id>    <name><![CDATA[은평터널로/1006481/351937]]></name>    <description><![CDATA[상신중교입구 에서 수색역 방면 원활 / 32]]></description>    <tmap:congestion>1</tmap:congestion>    <tmap:direction>0</tmap:direction>    <tmap:roadType>004</tmap:roadType>    <tmap:startNodeName><![CDATA[상신중교입구]]></tmap:startNodeName>    <tmap:endNodeName><![CDATA[수색역]]></tmap:endNodeName>    <tmap:distance>1308</tmap:distance>    <tmap:time>147.15</tmap:time>    <tmap:speed>32</tmap:speed>    <LineString>     <coordinates>126.905178,37.590872 126.905045,37.59074 126.904394,37.590079 126.902147,37.587802 126.90115,37.586815 126.901117,37.586786 126.900547,37.586333 126.899653,37.585632 126.899376,37.585417 126.899332,37.585384 126.898964,37.585101 126.898057,37.584416 126.897552,37.584033 126.89661,37.583349 126.895978,37.582741 126.895443,37.582259</coordinates>    </LineString>   </Placemark>   <Placemark>    <tmap:index>9</tmap:index>    <tmap:lineIndex>9</tmap:lineIndex>    <styleUrl>#style2</styleUrl>    <tmap:id>1006482</tmap:id>    <name><![CDATA[은평터널로/1006482/351938]]></name>    <description><![CDATA[수색역 에서 상신중교입구 방면 서행 / 26]]></description>    <tmap:congestion>2</tmap:congestion>    <tmap:direction>1</tmap:direction>    <tmap:roadType>004</tmap:roadType>    <tmap:startNodeName><![CDATA[수색역]]></tmap:startNodeName>    <tmap:endNodeName><![CDATA[상신중교입구]]></tmap:endNodeName>    <tmap:distance>1308</tmap:distance>    <tmap:time>181.10</tmap:time>    <tmap:speed>26</tmap:speed>    <LineString>     <coordinates>126.895523,37.582203 126.89606,37.582686 126.896688,37.58329 126.897625,37.58397 126.898131,37.584355 126.899039,37.585039 126.899406,37.585322 126.899451,37.585355 126.899728,37.585571 126.900623,37.586272 126.901196,37.586728 126.901232,37.58676 126.902231,37.587749 126.904478,37.590027 126.905129,37.590687 126.905262,37.590819</coordinates>    </LineString>   </Placemark>  </Document> </kml> 