<?xml version="1.0" encoding="UTF-8"?> <kml xmlns="http://www.opengis.net/kml/2.2"  xmlns:xsi="http://www.w3.org/2001/XMLSchema-instance"  xsi:schemaLocation="http://schemas.opengis.net/kml/2.2.0/ogckml22.xsd"   xmlns:tmap="http://tlp.tmap.co.kr/">  <Document>   <Style id="accPoint">    <IconStyle>     <scale>1.5</scale>     <Icon>      <href>http://www.allnew2013altima.com/imggallery/134/icon-poi.png</href>     </Icon>    </IconStyle>   </Style>   <Style id="style0">    <LineStyle>     <color>FF828287</color>     <width>4</width>    </LineStyle>   </Style>   <Style id="style1">    <LineStyle>     <color>FF45D51D</color>     <width>4</width>    </LineStyle>   </Style>   <Style id="style2">    <LineStyle>     <color>FF01C6FF</color>     <width>4</width>    </LineStyle>   </Style>   <Style id="style3">    <LineStyle>     <color>FF0084FF</color>     <width>4</width>    </LineStyle>   </Style>   <Style id="style4">    <LineStyle>     <color>FF1E33FF</color>     <width>4</width>    </LineStyle>   </Style>  <tmap:updateTime>201707162340</tmap:updateTime>   <Placemark>    <tmap:index>0</tmap:index>    <tmap:lineIndex>0</tmap:lineIndex>    <styleUrl>#style1</styleUrl>    <tmap:id>1009391</tmap:id>    <name><![CDATA[내부순환로/1009391/352377]]></name>    <description><![CDATA[연희램프진출(내부순환) 에서 성산램프진출점 방면 원활 / 78]]></description>    <tmap:congestion>1</tmap:congestion>    <tmap:direction>1</tmap:direction>    <tmap:roadType>004</tmap:roadType>    <tmap:startNodeName><![CDATA[연희램프진출(내부순환)]]></tmap:startNodeName>    <tmap:endNodeName><![CDATA[성산램프진출점]]></tmap:endNodeName>    <tmap:distance>1417</tmap:distance>    <tmap:time>65.40</tmap:time>    <tmap:speed>78</tmap:speed>    <LineString>     <coordinates>126.921326,37.571757 126.918745,37.569849 126.918392,37.569569 126.918191,37.569392 126.917932,37.569141 126.917199,37.568383 126.917006,37.568177 126.916756,37.567932 126.916303,37.567549 126.915745,37.567152 126.915097,37.56679 126.914802,37.566646 126.914427,37.566483 126.913973,37.566337 126.909075,37.564982</coordinates>    </LineString>   </Placemark>   <Placemark>    <tmap:index>1</tmap:index>    <tmap:lineIndex>1</tmap:lineIndex>    <styleUrl>#style2</styleUrl>    <tmap:id>1011461</tmap:id>    <name><![CDATA[월드컵북로/1011461/352663]]></name>    <description><![CDATA[성산제2교 에서 경성고교입구 방면 서행 / 25]]></description>    <tmap:congestion>2</tmap:congestion>    <tmap:direction>0</tmap:direction>    <tmap:roadType>004</tmap:roadType>    <tmap:startNodeName><![CDATA[성산제2교]]></tmap:startNodeName>    <tmap:endNodeName><![CDATA[경성고교입구]]></tmap:endNodeName>    <tmap:distance>767</tmap:distance>    <tmap:time>110.44</tmap:time>    <tmap:speed>25</tmap:speed>    <LineString>     <coordinates>126.911744,37.565271 126.912179,37.56478 126.912837,37.564041 126.913348,37.563457 126.914218,37.562541 126.915622,37.560991 126.915944,37.560623 126.91606,37.560501 126.916268,37.560287</coordinates>    </LineString>   </Placemark>   <Placemark>    <tmap:index>2</tmap:index>    <tmap:lineIndex>2</tmap:lineIndex>    <styleUrl>#style1</styleUrl>    <tmap:id>1011462</tmap:id>    <name><![CDATA[월드컵북로/1011462/352664]]></name>    <description><![CDATA[경성고교입구 에서 성산제2교 방면 원활 / 44]]></description>    <tmap:congestion>1</tmap:congestion>    <tmap:direction>1</tmap:direction>    <tmap:roadType>004</tmap:roadType>    <tmap:startNodeName><![CDATA[경성고교입구]]></tmap:startNodeName>    <tmap:endNodeName><![CDATA[성산제2교]]></tmap:endNodeName>    <tmap:distance>767</tmap:distance>    <tmap:time>62.75</tmap:time>    <tmap:speed>44</tmap:speed>    <LineString>     <coordinates>126.916354,37.560339 126.916146,37.560553 126.916031,37.560673 126.91571,37.56104 126.914305,37.562592 126.913435,37.563507 126.912926,37.56409 126.912267,37.564829 126.911832,37.56532 126.911677,37.565489 126.911428,37.565765 126.911292,37.565911</coordinates>    </LineString>   </Placemark>   <Placemark>    <tmap:index>3</tmap:index>    <tmap:lineIndex>3</tmap:lineIndex>    <styleUrl>#style2</styleUrl>    <tmap:id>1012221</tmap:id>    <name><![CDATA[성미산로/1012221/352724]]></name>    <description><![CDATA[경성중고 에서 경성고교입구 방면 서행 / 23]]></description>    <tmap:congestion>2</tmap:congestion>    <tmap:direction>0</tmap:direction>    <tmap:roadType>004</tmap:roadType>    <tmap:startNodeName><![CDATA[경성중고]]></tmap:startNodeName>    <tmap:endNodeName><![CDATA[경성고교입구]]></tmap:endNodeName>    <tmap:distance>533</tmap:distance>    <tmap:time>83.42</tmap:time>    <tmap:speed>23</tmap:speed>    <LineString>     <coordinates>126.921131,37.563243 126.920428,37.562823 126.919284,37.562143 126.918647,37.561741 126.918357,37.561571 126.917768,37.561226 126.917436,37.561043 126.917337,37.560979 126.91684,37.560687 126.916278,37.560347</coordinates>    </LineString>   </Placemark>   <Placemark>    <tmap:index>4</tmap:index>    <tmap:lineIndex>4</tmap:lineIndex>    <styleUrl>#style3</styleUrl>    <tmap:id>1012222</tmap:id>    <name><![CDATA[성미산로/1012222/352725]]></name>    <description><![CDATA[경성고교입구 에서 경성중고 방면 지체 / 17]]></description>    <tmap:congestion>3</tmap:congestion>    <tmap:direction>1</tmap:direction>    <tmap:roadType>004</tmap:roadType>    <tmap:startNodeName><![CDATA[경성고교입구]]></tmap:startNodeName>    <tmap:endNodeName><![CDATA[경성중고]]></tmap:endNodeName>    <tmap:distance>533</tmap:distance>    <tmap:time>112.87</tmap:time>    <tmap:speed>17</tmap:speed>    <LineString>     <coordinates>126.916344,37.560279 126.916904,37.560618 126.917403,37.560911 126.917501,37.560975 126.917831,37.561157 126.918422,37.561502 126.918713,37.561673 126.91935,37.562076 126.920493,37.562754 126.921196,37.563175</coordinates>    </LineString>   </Placemark>   <Placemark>    <tmap:index>5</tmap:index>    <tmap:lineIndex>5</tmap:lineIndex>    <styleUrl>#style2</styleUrl>    <tmap:id>1013061</tmap:id>    <name><![CDATA[성미산로/1013061/352831]]></name>    <description><![CDATA[경성고교입구 에서 성서초교 방면 서행 / 24]]></description>    <tmap:congestion>2</tmap:congestion>    <tmap:direction>0</tmap:direction>    <tmap:roadType>004</tmap:roadType>    <tmap:startNodeName><![CDATA[경성고교입구]]></tmap:startNodeName>    <tmap:endNodeName><![CDATA[성서초교]]></tmap:endNodeName>    <tmap:distance>370</tmap:distance>    <tmap:time>55.50</tmap:time>    <tmap:speed>24</tmap:speed>    <LineString>     <coordinates>126.916277,37.560346 126.915848,37.560076 126.91543,37.55983 126.915157,37.559668 126.914825,37.559478 126.914731,37.559434 126.913902,37.559268 126.912538,37.558982</coordinates>    </LineString>   </Placemark>   <Placemark>    <tmap:index>6</tmap:index>    <tmap:lineIndex>6</tmap:lineIndex>    <styleUrl>#style3</styleUrl>    <tmap:id>1013062</tmap:id>    <name><![CDATA[성미산로/1013062/352832]]></name>    <description><![CDATA[성서초교 에서 경성고교입구 방면 지체 / 15]]></description>    <tmap:congestion>3</tmap:congestion>    <tmap:direction>1</tmap:direction>    <tmap:roadType>004</tmap:roadType>    <tmap:startNodeName><![CDATA[성서초교]]></tmap:startNodeName>    <tmap:endNodeName><![CDATA[경성고교입구]]></tmap:endNodeName>    <tmap:distance>370</tmap:distance>    <tmap:time>88.80</tmap:time>    <tmap:speed>15</tmap:speed>    <LineString>     <coordinates>126.912565,37.5589 126.913929,37.559185 126.914772,37.559354 126.914884,37.559406 126.91522,37.559599 126.915495,37.559761 126.915914,37.560008 126.916344,37.560279</coordinates>    </LineString>   </Placemark>   <Placemark>    <tmap:index>7</tmap:index>    <tmap:lineIndex>7</tmap:lineIndex>    <styleUrl>#style2</styleUrl>    <tmap:id>1010061</tmap:id>    <name><![CDATA[모래내로/1010061/352460]]></name>    <description><![CDATA[연희램프합류점 에서 사천교 방면 서행 / 20]]></description>    <tmap:congestion>2</tmap:congestion>    <tmap:direction>0</tmap:direction>    <tmap:roadType>004</tmap:roadType>    <tmap:startNodeName><![CDATA[연희램프합류점]]></tmap:startNodeName>    <tmap:endNodeName><![CDATA[사천교]]></tmap:endNodeName>    <tmap:distance>312</tmap:distance>    <tmap:time>56.16</tmap:time>    <tmap:speed>20</tmap:speed>    <LineString>     <coordinates>126.918022,37.569713 126.917778,37.569538 126.917128,37.569092</coordinates>    </LineString>   </Placemark>   <Placemark>    <tmap:index>8</tmap:index>    <tmap:lineIndex>8</tmap:lineIndex>    <styleUrl>#style3</styleUrl>    <tmap:id>1010072</tmap:id>    <name><![CDATA[/1010072/352463]]></name>    <description><![CDATA[ 에서  방면 지체 / 11]]></description>    <tmap:congestion>3</tmap:congestion>    <tmap:direction>null</tmap:direction>    <tmap:roadType>004</tmap:roadType>    <tmap:startNodeName><![CDATA[]]></tmap:startNodeName>    <tmap:endNodeName><![CDATA[]]></tmap:endNodeName>    <tmap:distance>576</tmap:distance>    <tmap:time>188.50</tmap:time>    <tmap:speed>11</tmap:speed>    <LineString>     <coordinates>126.918594,37.567605 126.917986,37.567871 126.916699,37.568548 126.916552,37.568628</coordinates>    </LineString>   </Placemark>   <Placemark>    <tmap:index>9</tmap:index>    <tmap:lineIndex>9</tmap:lineIndex>    <styleUrl>#style1</styleUrl>    <tmap:id>1010081</tmap:id>    <name><![CDATA[수색로/1010081/352464]]></name>    <description><![CDATA[사천교 에서 가좌삼거리 방면 원활 / 34]]></description>    <tmap:congestion>1</tmap:congestion>    <tmap:direction>1</tmap:direction>    <tmap:roadType>004</tmap:roadType>    <tmap:startNodeName><![CDATA[사천교]]></tmap:startNodeName>    <tmap:endNodeName><![CDATA[가좌삼거리]]></tmap:endNodeName>    <tmap:distance>370</tmap:distance>    <tmap:time>39.17</tmap:time>    <tmap:speed>34</tmap:speed>    <LineString>     <coordinates>126.916549,37.568629 126.916114,37.568836 126.91399,37.569893 126.913011,37.570352</coordinates>    </LineString>   </Placemark>   <Placemark>    <tmap:index>10</tmap:index>    <tmap:lineIndex>10</tmap:lineIndex>    <styleUrl>#style2</styleUrl>    <tmap:id>1010082</tmap:id>    <name><![CDATA[수색로/1010082/352465]]></name>    <description><![CDATA[가좌삼거리 에서 사천교 방면 서행 / 21]]></description>    <tmap:congestion>2</tmap:congestion>    <tmap:direction>0</tmap:direction>    <tmap:roadType>004</tmap:roadType>    <tmap:startNodeName><![CDATA[가좌삼거리]]></tmap:startNodeName>    <tmap:endNodeName><![CDATA[사천교]]></tmap:endNodeName>    <tmap:distance>370</tmap:distance>    <tmap:time>63.42</tmap:time>    <tmap:speed>21</tmap:speed>    <LineString>     <coordinates>126.912918,37.570083 126.91649,37.568346</coordinates>    </LineString>   </Placemark>   <Placemark>    <tmap:index>11</tmap:index>    <tmap:lineIndex>11</tmap:lineIndex>    <styleUrl>#style2</styleUrl>    <tmap:id>1010091</tmap:id>    <name><![CDATA[모래내로/1010091/352466]]></name>    <description><![CDATA[사천교 에서 성산제2교 방면 서행 / 20]]></description>    <tmap:congestion>2</tmap:congestion>    <tmap:direction>0</tmap:direction>    <tmap:roadType>004</tmap:roadType>    <tmap:startNodeName><![CDATA[사천교]]></tmap:startNodeName>    <tmap:endNodeName><![CDATA[성산제2교]]></tmap:endNodeName>    <tmap:distance>651</tmap:distance>    <tmap:time>117.18</tmap:time>    <tmap:speed>20</tmap:speed>    <LineString>     <coordinates>126.917118,37.569083 126.916975,37.568905 126.916833,37.568823 126.916608,37.568628 126.915693,37.567685 126.915303,37.567392 126.914721,37.567037 126.914414,37.566892 126.914128,37.566806 126.913944,37.566755 126.913811,37.566726 126.912878,37.566478 126.912018,37.566211 126.911227,37.565925</coordinates>    </LineString>   </Placemark>   <Placemark>    <tmap:index>12</tmap:index>    <tmap:lineIndex>12</tmap:lineIndex>    <styleUrl>#style1</styleUrl>    <tmap:id>1010092</tmap:id>    <name><![CDATA[모래내로/1010092/352467]]></name>    <description><![CDATA[성산제2교 에서 사천교 방면 원활 / 38]]></description>    <tmap:congestion>1</tmap:congestion>    <tmap:direction>1</tmap:direction>    <tmap:roadType>004</tmap:roadType>    <tmap:startNodeName><![CDATA[성산제2교]]></tmap:startNodeName>    <tmap:endNodeName><![CDATA[사천교]]></tmap:endNodeName>    <tmap:distance>651</tmap:distance>    <tmap:time>61.67</tmap:time>    <tmap:speed>38</tmap:speed>    <LineString>     <coordinates>126.911271,37.565847 126.91206,37.566132 126.912915,37.566397 126.913843,37.566644 126.913976,37.566674 126.914165,37.566725 126.914461,37.566815 126.914781,37.566966 126.915373,37.567327 126.915773,37.567627 126.916691,37.568573 126.916905,37.568759 126.917044,37.568839 126.917301,37.568945</coordinates>    </LineString>   </Placemark>   <Placemark>    <tmap:index>13</tmap:index>    <tmap:lineIndex>13</tmap:lineIndex>    <styleUrl>#style2</styleUrl>    <tmap:id>1011451</tmap:id>    <name><![CDATA[성산로(서울)/1011451/352661]]></name>    <description><![CDATA[성산제2교 에서 마포구청역 방면 서행 / 24]]></description>    <tmap:congestion>2</tmap:congestion>    <tmap:direction>0</tmap:direction>    <tmap:roadType>004</tmap:roadType>    <tmap:startNodeName><![CDATA[성산제2교]]></tmap:startNodeName>    <tmap:endNodeName><![CDATA[마포구청역]]></tmap:endNodeName>    <tmap:distance>843</tmap:distance>    <tmap:time>126.44</tmap:time>    <tmap:speed>24</tmap:speed>    <LineString>     <coordinates>126.911769,37.565335 126.911048,37.565127 126.910829,37.565065 126.907825,37.564249 126.907609,37.56418 126.90727,37.564069 126.905545,37.563507 126.903852,37.563028</coordinates>    </LineString>   </Placemark>   <Placemark>    <tmap:index>14</tmap:index>    <tmap:lineIndex>14</tmap:lineIndex>    <styleUrl>#style1</styleUrl>    <tmap:id>1011452</tmap:id>    <name><![CDATA[성산로(서울)/1011452/352662]]></name>    <description><![CDATA[마포구청역 에서 성산제2교 방면 원활 / 38]]></description>    <tmap:congestion>1</tmap:congestion>    <tmap:direction>1</tmap:direction>    <tmap:roadType>004</tmap:roadType>    <tmap:startNodeName><![CDATA[마포구청역]]></tmap:startNodeName>    <tmap:endNodeName><![CDATA[성산제2교]]></tmap:endNodeName>    <tmap:distance>843</tmap:distance>    <tmap:time>79.86</tmap:time>    <tmap:speed>38</tmap:speed>    <LineString>     <coordinates>126.903888,37.562947 126.905583,37.563427 126.907311,37.56399 126.90765,37.564101 126.907862,37.564169 126.910865,37.564984 126.911085,37.565047 126.911806,37.565255</coordinates>    </LineString>   </Placemark>   <Placemark>    <tmap:index>15</tmap:index>    <tmap:lineIndex>15</tmap:lineIndex>    <styleUrl>#style1</styleUrl>    <tmap:id>1054551</tmap:id>    <name><![CDATA[모래내로/1054551/355524]]></name>    <description><![CDATA[성산1교 에서 성산제2교 방면 원활 / 38]]></description>    <tmap:congestion>1</tmap:congestion>    <tmap:direction>1</tmap:direction>    <tmap:roadType>004</tmap:roadType>    <tmap:startNodeName><![CDATA[성산1교]]></tmap:startNodeName>    <tmap:endNodeName><![CDATA[성산제2교]]></tmap:endNodeName>    <tmap:distance>756</tmap:distance>    <tmap:time>71.62</tmap:time>    <tmap:speed>38</tmap:speed>    <LineString>     <coordinates>126.903168,37.563749 126.903542,37.563824 126.904526,37.564072 126.905844,37.564404 126.906359,37.564524 126.907323,37.564748 126.907578,37.564789 126.908007,37.564875 126.908675,37.564979 126.908868,37.565028 126.90929,37.565181 126.910579,37.565588 126.911272,37.565848</coordinates>    </LineString>   </Placemark>   <Placemark>    <tmap:index>16</tmap:index>    <tmap:lineIndex>16</tmap:lineIndex>    <styleUrl>#style2</styleUrl>    <tmap:id>1054552</tmap:id>    <name><![CDATA[모래내로/1054552/355525]]></name>    <description><![CDATA[성산제2교 에서 성산1교 방면 서행 / 22]]></description>    <tmap:congestion>2</tmap:congestion>    <tmap:direction>0</tmap:direction>    <tmap:roadType>004</tmap:roadType>    <tmap:startNodeName><![CDATA[성산제2교]]></tmap:startNodeName>    <tmap:endNodeName><![CDATA[성산1교]]></tmap:endNodeName>    <tmap:distance>756</tmap:distance>    <tmap:time>123.70</tmap:time>    <tmap:speed>22</tmap:speed>    <LineString>     <coordinates>126.911226,37.565925 126.910536,37.565667 126.909248,37.565259 126.908829,37.565108 126.908648,37.565062 126.907983,37.564958 126.907554,37.564872 126.907297,37.564831 126.906329,37.564606 126.905813,37.564486 126.904494,37.564154 126.903512,37.563907 126.903141,37.563832</coordinates>    </LineString>   </Placemark>   <Placemark>    <tmap:index>17</tmap:index>    <tmap:lineIndex>17</tmap:lineIndex>    <styleUrl>#style1</styleUrl>    <tmap:id>1010142</tmap:id>    <name><![CDATA[성산로(서울)/1010142/352476]]></name>    <description><![CDATA[연희IC(서-성산로) 에서 사천고가동단 방면 원활 / 32]]></description>    <tmap:congestion>1</tmap:congestion>    <tmap:direction>0</tmap:direction>    <tmap:roadType>004</tmap:roadType>    <tmap:startNodeName><![CDATA[연희IC(서-성산로)]]></tmap:startNodeName>    <tmap:endNodeName><![CDATA[사천고가동단]]></tmap:endNodeName>    <tmap:distance>606</tmap:distance>    <tmap:time>68.17</tmap:time>    <tmap:speed>32</tmap:speed>    <LineString>     <coordinates>126.929052,37.565253 126.92853,37.565462 126.928232,37.5656 126.928152,37.565653 126.927633,37.565962 126.927142,37.566168 126.926518,37.566358 126.926176,37.566435 126.926079,37.566454 126.925916,37.566475 126.925772,37.566491 126.92471,37.566521 126.923934,37.566545 126.92323,37.566568 126.922762,37.566613 126.922601,37.566636 126.921623,37.566806 126.920169,37.567089 126.919442,37.567307 126.919048,37.567447 126.918589,37.567607</coordinates>    </LineString>   </Placemark>   <Placemark>    <tmap:index>18</tmap:index>    <tmap:lineIndex>18</tmap:lineIndex>    <styleUrl>#style1</styleUrl>    <tmap:id>1009551</tmap:id>    <name><![CDATA[모래내로/1009551/352398]]></name>    <description><![CDATA[연가교(북) 에서 연희램프합류점 방면 원활 / 37]]></description>    <tmap:congestion>1</tmap:congestion>    <tmap:direction>0</tmap:direction>    <tmap:roadType>004</tmap:roadType>    <tmap:startNodeName><![CDATA[연가교(북)]]></tmap:startNodeName>    <tmap:endNodeName><![CDATA[연희램프합류점]]></tmap:endNodeName>    <tmap:distance>420</tmap:distance>    <tmap:time>40.86</tmap:time>    <tmap:speed>37</tmap:speed>    <LineString>     <coordinates>126.92146,37.572232 126.920299,37.571373 126.919828,37.571076 126.919506,37.570822 126.919386,37.57073 126.918473,37.570051 126.918021,37.569712</coordinates>    </LineString>   </Placemark>   <Placemark>    <tmap:index>19</tmap:index>    <tmap:lineIndex>19</tmap:lineIndex>    <styleUrl>#style1</styleUrl>    <tmap:id>1009621</tmap:id>    <name><![CDATA[홍제천로/1009621/352410]]></name>    <description><![CDATA[연가교(남) 에서 홍제천변길입구 방면 원활 / 30]]></description>    <tmap:congestion>1</tmap:congestion>    <tmap:direction>0</tmap:direction>    <tmap:roadType>004</tmap:roadType>    <tmap:startNodeName><![CDATA[연가교(남)]]></tmap:startNodeName>    <tmap:endNodeName><![CDATA[홍제천변길입구]]></tmap:endNodeName>    <tmap:distance>454</tmap:distance>    <tmap:time>54.48</tmap:time>    <tmap:speed>30</tmap:speed>    <LineString>     <coordinates>126.922131,37.571759 126.922067,37.571716 126.921736,37.571531 126.92166,37.571492 126.92149,37.57138 126.920015,37.570268 126.919822,37.570102 126.918973,37.569395 126.9187,37.569174</coordinates>    </LineString>   </Placemark>   <Placemark>    <tmap:index>20</tmap:index>    <tmap:lineIndex>20</tmap:lineIndex>    <styleUrl>#style1</styleUrl>    <tmap:id>1009622</tmap:id>    <name><![CDATA[홍제천로/1009622/352411]]></name>    <description><![CDATA[홍제천변길입구 에서 연가교(남) 방면 원활 / 30]]></description>    <tmap:congestion>1</tmap:congestion>    <tmap:direction>1</tmap:direction>    <tmap:roadType>004</tmap:roadType>    <tmap:startNodeName><![CDATA[홍제천변길입구]]></tmap:startNodeName>    <tmap:endNodeName><![CDATA[연가교(남)]]></tmap:endNodeName>    <tmap:distance>353</tmap:distance>    <tmap:time>42.36</tmap:time>    <tmap:speed>30</tmap:speed>    <LineString>     <coordinates>126.918777,37.569114 126.919051,37.569336 126.919901,37.570044 126.920092,37.570208 126.921562,37.571316 126.921724,37.571423 126.921796,37.57146 126.922133,37.571648 126.922201,37.571694</coordinates>    </LineString>   </Placemark>   <Placemark>    <tmap:index>21</tmap:index>    <tmap:lineIndex>21</tmap:lineIndex>    <styleUrl>#style1</styleUrl>    <tmap:id>1009642</tmap:id>    <name><![CDATA[내부순환로/1009642/352412]]></name>    <description><![CDATA[성산램프진입점 에서 연희램프진입(내부순환) 방면 원활 / 80]]></description>    <tmap:congestion>1</tmap:congestion>    <tmap:direction>0</tmap:direction>    <tmap:roadType>004</tmap:roadType>    <tmap:startNodeName><![CDATA[성산램프진입점]]></tmap:startNodeName>    <tmap:endNodeName><![CDATA[연희램프진입(내부순환)]]></tmap:endNodeName>    <tmap:distance>2151</tmap:distance>    <tmap:time>96.79</tmap:time>    <tmap:speed>80</tmap:speed>    <LineString>     <coordinates>126.902345,37.562871 126.906882,37.564146 126.914172,37.566156 126.914549,37.566289 126.91491,37.566466 126.915234,37.566609 126.915878,37.566965 126.916505,37.567403 126.916969,37.567787 126.917205,37.568017 126.917493,37.568334 126.918128,37.568994 126.918349,37.569207 126.918599,37.569425 126.918847,37.569626 126.919957,37.570433 126.921775,37.571818 126.922741,37.572538</coordinates>    </LineString>   </Placemark>   <Placemark>    <tmap:index>22</tmap:index>    <tmap:lineIndex>22</tmap:lineIndex>    <styleUrl>#style1</styleUrl>    <tmap:id>1010062</tmap:id>    <name><![CDATA[모래내로/1010062/352461]]></name>    <description><![CDATA[사천교 에서 연희램프합류점 방면 원활 / 36]]></description>    <tmap:congestion>1</tmap:congestion>    <tmap:direction>1</tmap:direction>    <tmap:roadType>004</tmap:roadType>    <tmap:startNodeName><![CDATA[사천교]]></tmap:startNodeName>    <tmap:endNodeName><![CDATA[연희램프합류점]]></tmap:endNodeName>    <tmap:distance>229</tmap:distance>    <tmap:time>22.90</tmap:time>    <tmap:speed>36</tmap:speed>    <LineString>     <coordinates>126.917313,37.568952 126.91956,37.570614</coordinates>    </LineString>   </Placemark>   <Placemark>    <tmap:index>23</tmap:index>    <tmap:lineIndex>23</tmap:lineIndex>    <styleUrl>#style2</styleUrl>    <tmap:id>1010071</tmap:id>    <name><![CDATA[/1010071/352462]]></name>    <description><![CDATA[ 에서  방면 서행 / 22]]></description>    <tmap:congestion>2</tmap:congestion>    <tmap:direction>null</tmap:direction>    <tmap:roadType>004</tmap:roadType>    <tmap:startNodeName><![CDATA[]]></tmap:startNodeName>    <tmap:endNodeName><![CDATA[]]></tmap:endNodeName>    <tmap:distance>581</tmap:distance>    <tmap:time>95.07</tmap:time>    <tmap:speed>22</tmap:speed>    <LineString>     <coordinates>126.916489,37.568346 126.916572,37.568305 126.917261,37.567963 126.917793,37.567712 126.918429,37.56737 126.91935,37.566975 126.920055,37.566756 126.920976,37.566588 126.921563,37.566521</coordinates>    </LineString>   </Placemark>   <Placemark>    <tmap:index>24</tmap:index>    <tmap:lineIndex>24</tmap:lineIndex>    <styleUrl>#style2</styleUrl>    <tmap:id>1010111</tmap:id>    <name><![CDATA[/1010111/352469]]></name>    <description><![CDATA[ 에서  방면 서행 / 27]]></description>    <tmap:congestion>2</tmap:congestion>    <tmap:direction>null</tmap:direction>    <tmap:roadType>004</tmap:roadType>    <tmap:startNodeName><![CDATA[]]></tmap:startNodeName>    <tmap:endNodeName><![CDATA[]]></tmap:endNodeName>    <tmap:distance>303</tmap:distance>    <tmap:time>40.40</tmap:time>    <tmap:speed>27</tmap:speed>    <LineString>     <coordinates>126.916861,37.567365 126.91709,37.567633 126.917683,37.568265 126.918357,37.568783 126.918776,37.569114</coordinates>    </LineString>   </Placemark>   <Placemark>    <tmap:index>25</tmap:index>    <tmap:lineIndex>25</tmap:lineIndex>    <styleUrl>#style4</styleUrl>    <tmap:id>1010112</tmap:id>    <name><![CDATA[/1010112/352470]]></name>    <description><![CDATA[ 에서  방면 정체 / 7]]></description>    <tmap:congestion>4</tmap:congestion>    <tmap:direction>null</tmap:direction>    <tmap:roadType>004</tmap:roadType>    <tmap:startNodeName><![CDATA[]]></tmap:startNodeName>    <tmap:endNodeName><![CDATA[]]></tmap:endNodeName>    <tmap:distance>177</tmap:distance>    <tmap:time>91.02</tmap:time>    <tmap:speed>7</tmap:speed>    <LineString>     <coordinates>126.9187,37.569175 126.918281,37.568844 126.917602,37.568322 126.917003,37.567682 126.916772,37.567413</coordinates>    </LineString>   </Placemark>   <Placemark>    <tmap:index>26</tmap:index>    <tmap:lineIndex>26</tmap:lineIndex>    <styleUrl>#style2</styleUrl>    <tmap:id>1010121</tmap:id>    <name><![CDATA[연남로/1010121/352471]]></name>    <description><![CDATA[연남교 에서 경성중고 방면 서행 / 25]]></description>    <tmap:congestion>2</tmap:congestion>    <tmap:direction>0</tmap:direction>    <tmap:roadType>004</tmap:roadType>    <tmap:startNodeName><![CDATA[연남교]]></tmap:startNodeName>    <tmap:endNodeName><![CDATA[경성중고]]></tmap:endNodeName>    <tmap:distance>575</tmap:distance>    <tmap:time>82.80</tmap:time>    <tmap:speed>25</tmap:speed>    <LineString>     <coordinates>126.916786,37.567354 126.917043,37.567209 126.917148,37.567145 126.917241,37.567108 126.917515,37.567024 126.917689,37.566956 126.918026,37.566788 126.918376,37.566518 126.918557,37.566303 126.918908,37.565901 126.919531,37.565121 126.920175,37.564355 126.921118,37.563186</coordinates>    </LineString>   </Placemark>   <Placemark>    <tmap:index>27</tmap:index>    <tmap:lineIndex>27</tmap:lineIndex>    <styleUrl>#style1</styleUrl>    <tmap:id>1010122</tmap:id>    <name><![CDATA[연남로/1010122/352472]]></name>    <description><![CDATA[경성중고 에서 연남교 방면 원활 / 30]]></description>    <tmap:congestion>1</tmap:congestion>    <tmap:direction>1</tmap:direction>    <tmap:roadType>004</tmap:roadType>    <tmap:startNodeName><![CDATA[경성중고]]></tmap:startNodeName>    <tmap:endNodeName><![CDATA[연남교]]></tmap:endNodeName>    <tmap:distance>634</tmap:distance>    <tmap:time>76.08</tmap:time>    <tmap:speed>30</tmap:speed>    <LineString>     <coordinates>126.921209,37.563232 126.920265,37.564402 126.919622,37.565168 126.918998,37.565948 126.918646,37.566351 126.918459,37.566573 126.918093,37.566855 126.917741,37.567031 126.917558,37.567102 126.917285,37.567186 126.917206,37.567218 126.917107,37.567278 126.916848,37.567424</coordinates>    </LineString>   </Placemark>   <Placemark>    <tmap:index>28</tmap:index>    <tmap:lineIndex>28</tmap:lineIndex>    <styleUrl>#style1</styleUrl>    <tmap:id>1010131</tmap:id>    <name><![CDATA[성산로(서울)/1010131/352473]]></name>    <description><![CDATA[사천고가동단 에서 사천고가서단 방면 원활 / 40]]></description>    <tmap:congestion>1</tmap:congestion>    <tmap:direction>0</tmap:direction>    <tmap:roadType>004</tmap:roadType>    <tmap:startNodeName><![CDATA[사천고가동단]]></tmap:startNodeName>    <tmap:endNodeName><![CDATA[사천고가서단]]></tmap:endNodeName>    <tmap:distance>743</tmap:distance>    <tmap:time>66.87</tmap:time>    <tmap:speed>40</tmap:speed>    <LineString>     <coordinates>126.921607,37.566807 126.921587,37.566805 126.921561,37.566801 126.921371,37.566735 126.921362,37.566735 126.921354,37.566734 126.920898,37.566806 126.920136,37.566959 126.919438,37.567165 126.91901,37.567309 126.918461,37.567473 126.918272,37.567507 126.918019,37.567541 126.917861,37.567548 126.917649,37.567535 126.917368,37.567491 126.917081,37.567431 126.916803,37.567336 126.916649,37.567259 126.916346,37.567094 126.915441,37.566536 126.915157,37.566386 126.914533,37.566137 126.91404,37.56598</coordinates>    </LineString>   </Placemark>   <Placemark>    <tmap:index>29</tmap:index>    <tmap:lineIndex>29</tmap:lineIndex>    <styleUrl>#style2</styleUrl>    <tmap:id>1010132</tmap:id>    <name><![CDATA[성산로(서울)/1010132/352474]]></name>    <description><![CDATA[사천고가서단 에서 사천고가동단 방면 서행 / 21]]></description>    <tmap:congestion>2</tmap:congestion>    <tmap:direction>1</tmap:direction>    <tmap:roadType>004</tmap:roadType>    <tmap:startNodeName><![CDATA[사천고가서단]]></tmap:startNodeName>    <tmap:endNodeName><![CDATA[사천고가동단]]></tmap:endNodeName>    <tmap:distance>685</tmap:distance>    <tmap:time>117.42</tmap:time>    <tmap:speed>21</tmap:speed>    <LineString>     <coordinates>126.914081,37.565901 126.914578,37.566059 126.915211,37.566312 126.915504,37.566467 126.916409,37.567025 126.916708,37.567188 126.916854,37.56726 126.917116,37.56735 126.917392,37.567408 126.917664,37.56745 126.917863,37.567463 126.918007,37.567456 126.918251,37.567424 126.918429,37.567391 126.91897,37.567229 126.919398,37.567085 126.920104,37.566877 126.920875,37.566723 126.921333,37.56665 126.921342,37.566647 126.921347,37.566645 126.921501,37.566545 126.92152,37.566535 126.921547,37.566525</coordinates>    </LineString>   </Placemark>   <Placemark>    <tmap:index>30</tmap:index>    <tmap:lineIndex>30</tmap:lineIndex>    <styleUrl>#style1</styleUrl>    <tmap:id>1010392</tmap:id>    <name><![CDATA[월드컵북로/1010392/352513]]></name>    <description><![CDATA[성산제2교 에서 성원초교 방면 원활 / 35]]></description>    <tmap:congestion>1</tmap:congestion>    <tmap:direction>1</tmap:direction>    <tmap:roadType>004</tmap:roadType>    <tmap:startNodeName><![CDATA[성산제2교]]></tmap:startNodeName>    <tmap:endNodeName><![CDATA[성원초교]]></tmap:endNodeName>    <tmap:distance>561</tmap:distance>    <tmap:time>57.70</tmap:time>    <tmap:speed>35</tmap:speed>    <LineString>     <coordinates>126.911292,37.565911 126.910538,37.566723 126.909965,37.567238 126.909904,37.567284 126.90975,37.567382 126.909559,37.567501 126.908603,37.567914 126.907953,37.568172 126.907415,37.568359 126.907362,37.568384 126.904873,37.56934 126.904542,37.569487</coordinates>    </LineString>   </Placemark>   <Placemark>    <tmap:index>31</tmap:index>    <tmap:lineIndex>31</tmap:lineIndex>    <styleUrl>#style2</styleUrl>    <tmap:id>1010102</tmap:id>    <name><![CDATA[/1010102/352468]]></name>    <description><![CDATA[ 에서  방면 서행 / 22]]></description>    <tmap:congestion>2</tmap:congestion>    <tmap:direction>null</tmap:direction>    <tmap:roadType>004</tmap:roadType>    <tmap:startNodeName><![CDATA[]]></tmap:startNodeName>    <tmap:endNodeName><![CDATA[]]></tmap:endNodeName>    <tmap:distance>249</tmap:distance>    <tmap:time>40.74</tmap:time>    <tmap:speed>22</tmap:speed>    <LineString>     <coordinates>126.914064,37.565898 126.914366,37.565911 126.915007,37.566144 126.915167,37.566207 126.91578,37.566545 126.915923,37.566646 126.916325,37.566906 126.916704,37.567122 126.916745,37.567147 126.91676,37.567159 126.91678,37.567183 126.916791,37.567209 126.916815,37.567302 126.916821,37.567314 126.916829,37.567328 126.916861,37.567365</coordinates>    </LineString>   </Placemark>   <Placemark>    <tmap:index>32</tmap:index>    <tmap:lineIndex>32</tmap:lineIndex>    <styleUrl>#style3</styleUrl>    <tmap:id>1010151</tmap:id>    <name><![CDATA[성산로(서울)/1010151/352477]]></name>    <description><![CDATA[사천고가서단 에서 성산제2교 방면 지체 / 10]]></description>    <tmap:congestion>3</tmap:congestion>    <tmap:direction>0</tmap:direction>    <tmap:roadType>004</tmap:roadType>    <tmap:startNodeName><![CDATA[사천고가서단]]></tmap:startNodeName>    <tmap:endNodeName><![CDATA[성산제2교]]></tmap:endNodeName>    <tmap:distance>222</tmap:distance>    <tmap:time>79.92</tmap:time>    <tmap:speed>10</tmap:speed>    <LineString>     <coordinates>126.914042,37.565981 126.912291,37.565482 126.91177,37.565335</coordinates>    </LineString>   </Placemark>   <Placemark>    <tmap:index>33</tmap:index>    <tmap:lineIndex>33</tmap:lineIndex>    <styleUrl>#style1</styleUrl>    <tmap:id>1010152</tmap:id>    <name><![CDATA[성산로(서울)/1010152/352478]]></name>    <description><![CDATA[성산제2교 에서 사천고가서단 방면 원활 / 34]]></description>    <tmap:congestion>1</tmap:congestion>    <tmap:direction>1</tmap:direction>    <tmap:roadType>004</tmap:roadType>    <tmap:startNodeName><![CDATA[성산제2교]]></tmap:startNodeName>    <tmap:endNodeName><![CDATA[사천고가서단]]></tmap:endNodeName>    <tmap:distance>222</tmap:distance>    <tmap:time>23.50</tmap:time>    <tmap:speed>34</tmap:speed>    <LineString>     <coordinates>126.911806,37.565255 126.912327,37.565402 126.914079,37.5659</coordinates>    </LineString>   </Placemark>   <Placemark>    <tmap:index>34</tmap:index>    <tmap:lineIndex>34</tmap:lineIndex>    <styleUrl>#style2</styleUrl>    <tmap:id>1010391</tmap:id>    <name><![CDATA[월드컵북로/1010391/417698]]></name>    <description><![CDATA[성원초교 에서 성산제2교 방면 서행 / 20]]></description>    <tmap:congestion>2</tmap:congestion>    <tmap:direction>0</tmap:direction>    <tmap:roadType>004</tmap:roadType>    <tmap:startNodeName><![CDATA[성원초교]]></tmap:startNodeName>    <tmap:endNodeName><![CDATA[성산제2교]]></tmap:endNodeName>    <tmap:distance>561</tmap:distance>    <tmap:time>100.98</tmap:time>    <tmap:speed>20</tmap:speed>    <LineString>     <coordinates>126.907368,37.568282 126.907907,37.568094 126.908553,37.567838 126.9095,37.567429 126.909683,37.567315 126.909832,37.56722 126.909887,37.567179 126.910455,37.566669 126.911206,37.565861 126.91134,37.565715 126.91159,37.565439 126.911744,37.56527</coordinates>    </LineString>   </Placemark>   <Placemark>    <tmap:index>35</tmap:index>    <tmap:lineIndex>35</tmap:lineIndex>    <styleUrl>#style2</styleUrl>    <tmap:id>1063361</tmap:id>    <name><![CDATA[월드컵북로/1063361/356929]]></name>    <description><![CDATA[경성고교입구 에서 신한은행서교동금융센터 방면 서행 / 20]]></description>    <tmap:congestion>2</tmap:congestion>    <tmap:direction>0</tmap:direction>    <tmap:roadType>004</tmap:roadType>    <tmap:startNodeName><![CDATA[경성고교입구]]></tmap:startNodeName>    <tmap:endNodeName><![CDATA[신한은행서교동금융센터]]></tmap:endNodeName>    <tmap:distance>374</tmap:distance>    <tmap:time>67.32</tmap:time>    <tmap:speed>20</tmap:speed>    <LineString>     <coordinates>126.916267,37.560288 126.917043,37.559407 126.917469,37.558925 126.917802,37.558549 126.918731,37.55751</coordinates>    </LineString>   </Placemark>   <Placemark>    <tmap:index>36</tmap:index>    <tmap:lineIndex>36</tmap:lineIndex>    <styleUrl>#style2</styleUrl>    <tmap:id>1063362</tmap:id>    <name><![CDATA[월드컵북로/1063362/356930]]></name>    <description><![CDATA[신한은행서교동금융센터 에서 경성고교입구 방면 서행 / 25]]></description>    <tmap:congestion>2</tmap:congestion>    <tmap:direction>1</tmap:direction>    <tmap:roadType>004</tmap:roadType>    <tmap:startNodeName><![CDATA[신한은행서교동금융센터]]></tmap:startNodeName>    <tmap:endNodeName><![CDATA[경성고교입구]]></tmap:endNodeName>    <tmap:distance>374</tmap:distance>    <tmap:time>53.85</tmap:time>    <tmap:speed>25</tmap:speed>    <LineString>     <coordinates>126.918819,37.55756 126.91789,37.558598 126.917557,37.558975 126.917132,37.559456 126.916355,37.560337</coordinates>    </LineString>   </Placemark>   <Placemark>    <tmap:index>37</tmap:index>    <tmap:lineIndex>37</tmap:lineIndex>    <styleUrl>#style0</styleUrl>    <tmap:id>1063421</tmap:id>    <name><![CDATA[/1063421/356940]]></name>    <description><![CDATA[ 에서  방면 정보없음 / 0]]></description>    <tmap:congestion>0</tmap:congestion>    <tmap:direction>null</tmap:direction>    <tmap:roadType>004</tmap:roadType>    <tmap:startNodeName><![CDATA[]]></tmap:startNodeName>    <tmap:endNodeName><![CDATA[]]></tmap:endNodeName>    <tmap:distance>525</tmap:distance>    <tmap:time>0.00</tmap:time>    <tmap:speed>0</tmap:speed>    <LineString>     <coordinates>126.91881,37.557503 126.919372,37.557891 126.91993,37.558265 126.920601,37.558717 126.921791,37.559531 126.922787,37.560218 126.922895,37.560291 126.923312,37.560572</coordinates>    </LineString>   </Placemark>   <Placemark>    <tmap:index>38</tmap:index>    <tmap:lineIndex>38</tmap:lineIndex>    <styleUrl>#style0</styleUrl>    <tmap:id>1063422</tmap:id>    <name><![CDATA[/1063422/356941]]></name>    <description><![CDATA[ 에서  방면 정보없음 / 0]]></description>    <tmap:congestion>0</tmap:congestion>    <tmap:direction>null</tmap:direction>    <tmap:roadType>004</tmap:roadType>    <tmap:startNodeName><![CDATA[]]></tmap:startNodeName>    <tmap:endNodeName><![CDATA[]]></tmap:endNodeName>    <tmap:distance>525</tmap:distance>    <tmap:time>0.00</tmap:time>    <tmap:speed>0</tmap:speed>    <LineString>     <coordinates>126.923242,37.560637 126.922825,37.560356 126.922717,37.560282 126.921721,37.559596 126.920531,37.558782 126.91986,37.558331 126.919302,37.557956 126.918739,37.557567</coordinates>    </LineString>   </Placemark>   <Placemark>    <tmap:index>39</tmap:index>    <tmap:lineIndex>39</tmap:lineIndex>    <styleUrl>#style1</styleUrl>    <tmap:id>1052881</tmap:id>    <name><![CDATA[성암로(서울)/1052881/355467]]></name>    <description><![CDATA[연남교 에서 상암초교입구 방면 원활 / 39]]></description>    <tmap:congestion>1</tmap:congestion>    <tmap:direction>0</tmap:direction>    <tmap:roadType>004</tmap:roadType>    <tmap:startNodeName><![CDATA[연남교]]></tmap:startNodeName>    <tmap:endNodeName><![CDATA[상암초교입구]]></tmap:endNodeName>    <tmap:distance>2400</tmap:distance>    <tmap:time>221.53</tmap:time>    <tmap:speed>39</tmap:speed>    <LineString>     <coordinates>126.916845,37.567426 126.916036,37.567812 126.915851,37.567902 126.915404,37.568103 126.913105,37.569002 126.911436,37.569689 126.910459,37.570085 126.909212,37.570624 126.908823,37.57081 126.907932,37.57127 126.907108,37.571735 126.905732,37.572516 126.904156,37.573433 126.903226,37.573977 126.903063,37.574075 126.90259,37.574362 126.900916,37.575353 126.900237,37.575777 126.899495,37.576231 126.898672,37.576796 126.897762,37.577411 126.89682,37.578086 126.896356,37.578389 126.895577,37.578854 126.894654,37.579415</coordinates>    </LineString>   </Placemark>   <Placemark>    <tmap:index>40</tmap:index>    <tmap:lineIndex>40</tmap:lineIndex>    <styleUrl>#style1</styleUrl>    <tmap:id>1052882</tmap:id>    <name><![CDATA[성암로(서울)/1052882/355468]]></name>    <description><![CDATA[상암초교입구 에서 연남교 방면 원활 / 39]]></description>    <tmap:congestion>1</tmap:congestion>    <tmap:direction>1</tmap:direction>    <tmap:roadType>004</tmap:roadType>    <tmap:startNodeName><![CDATA[상암초교입구]]></tmap:startNodeName>    <tmap:endNodeName><![CDATA[연남교]]></tmap:endNodeName>    <tmap:distance>2400</tmap:distance>    <tmap:time>221.53</tmap:time>    <tmap:speed>39</tmap:speed>    <LineString>     <coordinates>126.894588,37.579347 126.895512,37.578786 126.896289,37.578322 126.896749,37.578022 126.89769,37.577347 126.898602,37.576732 126.899426,37.576165 126.900171,37.575709 126.90085,37.575285 126.902525,37.574294 126.902998,37.574007 126.903161,37.573908 126.904092,37.573364 126.905669,37.572446 126.907046,37.571666 126.907872,37.5712 126.908765,37.570738 126.909158,37.57055 126.910408,37.570009 126.911386,37.569613 126.913056,37.568926 126.915354,37.568027 126.915796,37.567829 126.91598,37.567739 126.916789,37.567352</coordinates>    </LineString>   </Placemark>  </Document> </kml> 