<?xml version="1.0" encoding="UTF-8"?> <kml xmlns="http://www.opengis.net/kml/2.2"  xmlns:xsi="http://www.w3.org/2001/XMLSchema-instance"  xsi:schemaLocation="http://schemas.opengis.net/kml/2.2.0/ogckml22.xsd"   xmlns:tmap="http://tlp.tmap.co.kr/">  <Document>   <Style id="accPoint">    <IconStyle>     <scale>1.5</scale>     <Icon>      <href>http://www.allnew2013altima.com/imggallery/134/icon-poi.png</href>     </Icon>    </IconStyle>   </Style>   <Style id="style0">    <LineStyle>     <color>FF828287</color>     <width>4</width>    </LineStyle>   </Style>   <Style id="style1">    <LineStyle>     <color>FF45D51D</color>     <width>4</width>    </LineStyle>   </Style>   <Style id="style2">    <LineStyle>     <color>FF01C6FF</color>     <width>4</width>    </LineStyle>   </Style>   <Style id="style3">    <LineStyle>     <color>FF0084FF</color>     <width>4</width>    </LineStyle>   </Style>   <Style id="style4">    <LineStyle>     <color>FF1E33FF</color>     <width>4</width>    </LineStyle>   </Style>  <tmap:updateTime>201707162340</tmap:updateTime>   <Placemark>    <tmap:index>0</tmap:index>    <tmap:lineIndex>0</tmap:lineIndex>    <styleUrl>#style1</styleUrl>    <tmap:id>1009171</tmap:id>    <name><![CDATA[증산로/1009171/352342]]></name>    <description><![CDATA[상암사거리 에서 월드컵경기장사거리 방면 원활 / 44]]></description>    <tmap:congestion>1</tmap:congestion>    <tmap:direction>0</tmap:direction>    <tmap:roadType>004</tmap:roadType>    <tmap:startNodeName><![CDATA[상암사거리]]></tmap:startNodeName>    <tmap:endNodeName><![CDATA[월드컵경기장사거리]]></tmap:endNodeName>    <tmap:distance>714</tmap:distance>    <tmap:time>58.41</tmap:time>    <tmap:speed>44</tmap:speed>    <LineString>     <coordinates>126.898787,37.573423 126.898606,37.573247 126.898588,37.573231 126.898557,37.573221 126.8985,37.57318 126.898435,37.57313 126.89813,37.572818 126.896972,37.571532 126.896159,37.570654 126.895412,37.569872 126.895202,37.569491 126.895101,37.569374 126.894558,37.568752 126.894458,37.568649 126.894008,37.568175 126.893579,37.567686</coordinates>    </LineString>   </Placemark>   <Placemark>    <tmap:index>1</tmap:index>    <tmap:lineIndex>1</tmap:lineIndex>    <styleUrl>#style1</styleUrl>    <tmap:id>1009172</tmap:id>    <name><![CDATA[증산로/1009172/352343]]></name>    <description><![CDATA[월드컵경기장사거리 에서 상암사거리 방면 원활 / 30]]></description>    <tmap:congestion>1</tmap:congestion>    <tmap:direction>1</tmap:direction>    <tmap:roadType>004</tmap:roadType>    <tmap:startNodeName><![CDATA[월드컵경기장사거리]]></tmap:startNodeName>    <tmap:endNodeName><![CDATA[상암사거리]]></tmap:endNodeName>    <tmap:distance>714</tmap:distance>    <tmap:time>85.68</tmap:time>    <tmap:speed>30</tmap:speed>    <LineString>     <coordinates>126.893667,37.567637 126.894095,37.568125 126.894543,37.568597 126.894645,37.568702 126.89519,37.569326 126.89529,37.569442 126.895679,37.569711 126.896406,37.570541 126.898371,37.572681 126.898623,37.573035 126.898648,37.573111 126.898664,37.573162 126.898669,37.573174 126.898688,37.573191 126.898871,37.573369</coordinates>    </LineString>   </Placemark>   <Placemark>    <tmap:index>2</tmap:index>    <tmap:lineIndex>2</tmap:lineIndex>    <styleUrl>#style1</styleUrl>    <tmap:id>1011301</tmap:id>    <name><![CDATA[1번국도/1011301/352637]]></name>    <description><![CDATA[상암교 에서 상암교입구 방면 원활 / 43]]></description>    <tmap:congestion>1</tmap:congestion>    <tmap:direction>0</tmap:direction>    <tmap:roadType>013</tmap:roadType>    <tmap:startNodeName><![CDATA[상암교]]></tmap:startNodeName>    <tmap:endNodeName><![CDATA[상암교입구]]></tmap:endNodeName>    <tmap:distance>533</tmap:distance>    <tmap:time>44.62</tmap:time>    <tmap:speed>43</tmap:speed>    <LineString>     <coordinates>126.899119,37.566255 126.89913,37.566019 126.899105,37.564029 126.898966,37.562312 126.898922,37.561828 126.898918,37.56176 126.898902,37.561617</coordinates>    </LineString>   </Placemark>   <Placemark>    <tmap:index>3</tmap:index>    <tmap:lineIndex>3</tmap:lineIndex>    <styleUrl>#style2</styleUrl>    <tmap:id>1011302</tmap:id>    <name><![CDATA[1번국도/1011302/352638]]></name>    <description><![CDATA[상암교입구 에서 상암교 방면 서행 / 29]]></description>    <tmap:congestion>2</tmap:congestion>    <tmap:direction>1</tmap:direction>    <tmap:roadType>013</tmap:roadType>    <tmap:startNodeName><![CDATA[상암교입구]]></tmap:startNodeName>    <tmap:endNodeName><![CDATA[상암교]]></tmap:endNodeName>    <tmap:distance>533</tmap:distance>    <tmap:time>66.16</tmap:time>    <tmap:speed>29</tmap:speed>    <LineString>     <coordinates>126.899009,37.561609 126.899026,37.561754 126.89903,37.561823 126.899074,37.562306 126.899212,37.564026 126.899237,37.56602 126.899226,37.566258</coordinates>    </LineString>   </Placemark>   <Placemark>    <tmap:index>4</tmap:index>    <tmap:lineIndex>4</tmap:lineIndex>    <styleUrl>#style1</styleUrl>    <tmap:id>1011701</tmap:id>    <name><![CDATA[/1011701/352693]]></name>    <description><![CDATA[ 에서  방면 원활 / 49]]></description>    <tmap:congestion>1</tmap:congestion>    <tmap:direction>null</tmap:direction>    <tmap:roadType>004</tmap:roadType>    <tmap:startNodeName><![CDATA[]]></tmap:startNodeName>    <tmap:endNodeName><![CDATA[]]></tmap:endNodeName>    <tmap:distance>892</tmap:distance>    <tmap:time>65.53</tmap:time>    <tmap:speed>49</tmap:speed>    <LineString>     <coordinates>126.891022,37.56491 126.889563,37.563405 126.888704,37.562445 126.887692,37.561167 126.887474,37.561021 126.887346,37.560968 126.887189,37.560928 126.887023,37.560911 126.886877,37.560924 126.886687,37.560966 126.886544,37.561019 126.886413,37.561082 126.886275,37.561167 126.886148,37.561268 126.886049,37.561374 126.885923,37.561537 126.885853,37.561671 126.885822,37.561779 126.885809,37.561875 126.885816,37.561955 126.885845,37.562034 126.885886,37.56211 126.885949,37.56219 126.886024,37.562255 126.88611,37.562308 126.886196,37.562343 126.886333,37.562378 126.886465,37.562396 126.886565,37.562393 126.886678,37.562369 126.886818,37.562323 126.886932,37.56227 126.887225,37.5621</coordinates>    </LineString>   </Placemark>   <Placemark>    <tmap:index>5</tmap:index>    <tmap:lineIndex>5</tmap:lineIndex>    <styleUrl>#style1</styleUrl>    <tmap:id>1011711</tmap:id>    <name><![CDATA[/1011711/352694]]></name>    <description><![CDATA[ 에서  방면 원활 / 55]]></description>    <tmap:congestion>1</tmap:congestion>    <tmap:direction>null</tmap:direction>    <tmap:roadType>004</tmap:roadType>    <tmap:startNodeName><![CDATA[]]></tmap:startNodeName>    <tmap:endNodeName><![CDATA[]]></tmap:endNodeName>    <tmap:distance>507</tmap:distance>    <tmap:time>33.18</tmap:time>    <tmap:speed>55</tmap:speed>    <LineString>     <coordinates>126.891027,37.564915 126.890725,37.564691 126.889786,37.563826 126.888957,37.563041 126.888704,37.562805 126.888366,37.562625 126.888172,37.562574 126.888023,37.562565 126.887859,37.562565 126.887704,37.562586 126.887542,37.562626 126.887152,37.562771 126.886344,37.563113</coordinates>    </LineString>   </Placemark>   <Placemark>    <tmap:index>6</tmap:index>    <tmap:lineIndex>6</tmap:lineIndex>    <styleUrl>#style1</styleUrl>    <tmap:id>1011722</tmap:id>    <name><![CDATA[/1011722/352695]]></name>    <description><![CDATA[ 에서  방면 원활 / 51]]></description>    <tmap:congestion>1</tmap:congestion>    <tmap:direction>null</tmap:direction>    <tmap:roadType>004</tmap:roadType>    <tmap:startNodeName><![CDATA[]]></tmap:startNodeName>    <tmap:endNodeName><![CDATA[]]></tmap:endNodeName>    <tmap:distance>498</tmap:distance>    <tmap:time>35.15</tmap:time>    <tmap:speed>51</tmap:speed>    <LineString>     <coordinates>126.889931,37.561053 126.889338,37.561632 126.889246,37.5618 126.889218,37.561907 126.889211,37.562015 126.889219,37.562103 126.889253,37.56223 126.889305,37.562327 126.889664,37.562801 126.889916,37.56305 126.890371,37.563584 126.890946,37.564502 126.891115,37.56487</coordinates>    </LineString>   </Placemark>   <Placemark>    <tmap:index>7</tmap:index>    <tmap:lineIndex>7</tmap:lineIndex>    <styleUrl>#style1</styleUrl>    <tmap:id>1011742</tmap:id>    <name><![CDATA[강변북로/1011742/352696]]></name>    <description><![CDATA[성산대교강변북로점(서) 에서 월드컵경기장IC일산방면 방면 원활 / 77]]></description>    <tmap:congestion>1</tmap:congestion>    <tmap:direction>1</tmap:direction>    <tmap:roadType>004</tmap:roadType>    <tmap:startNodeName><![CDATA[성산대교강변북로점(서)]]></tmap:startNodeName>    <tmap:endNodeName><![CDATA[월드컵경기장IC일산방면]]></tmap:endNodeName>    <tmap:distance>452</tmap:distance>    <tmap:time>21.13</tmap:time>    <tmap:speed>77</tmap:speed>    <LineString>     <coordinates>126.891387,37.5602 126.890301,37.560816 126.889922,37.56106 126.88635,37.56311</coordinates>    </LineString>   </Placemark>   <Placemark>    <tmap:index>8</tmap:index>    <tmap:lineIndex>8</tmap:lineIndex>    <styleUrl>#style1</styleUrl>    <tmap:id>1011751</tmap:id>    <name><![CDATA[강변북로/1011751/417720]]></name>    <description><![CDATA[월드컵경기장IC천호방면 에서 성산대교강변북로점(서) 방면 원활 / 56]]></description>    <tmap:congestion>1</tmap:congestion>    <tmap:direction>0</tmap:direction>    <tmap:roadType>004</tmap:roadType>    <tmap:startNodeName><![CDATA[월드컵경기장IC천호방면]]></tmap:startNodeName>    <tmap:endNodeName><![CDATA[성산대교강변북로점(서)]]></tmap:endNodeName>    <tmap:distance>395</tmap:distance>    <tmap:time>25.39</tmap:time>    <tmap:speed>56</tmap:speed>    <LineString>     <coordinates>126.88711,37.562346 126.89018,37.560555 126.890818,37.560175 126.891689,37.559623</coordinates>    </LineString>   </Placemark>   <Placemark>    <tmap:index>9</tmap:index>    <tmap:lineIndex>9</tmap:lineIndex>    <styleUrl>#style1</styleUrl>    <tmap:id>1011751</tmap:id>    <name><![CDATA[강변북로/1011751/417719]]></name>    <description><![CDATA[월드컵경기장IC천호방면 에서 성산대교강변북로점(서) 방면 원활 / 56]]></description>    <tmap:congestion>1</tmap:congestion>    <tmap:direction>0</tmap:direction>    <tmap:roadType>004</tmap:roadType>    <tmap:startNodeName><![CDATA[월드컵경기장IC천호방면]]></tmap:startNodeName>    <tmap:endNodeName><![CDATA[성산대교강변북로점(서)]]></tmap:endNodeName>    <tmap:distance>395</tmap:distance>    <tmap:time>25.39</tmap:time>    <tmap:speed>56</tmap:speed>    <LineString>     <coordinates>126.887217,37.5621 126.887487,37.56187099999999 126.888236,37.56139 126.888924,37.560948 126.889091,37.560854 126.88985,37.56053899999999 126.890274,37.560391 126.890568,37.560245 126.890966,37.56001 126.891435,37.559714 126.8917,37.559617</coordinates>    </LineString>   </Placemark>   <Placemark>    <tmap:index>10</tmap:index>    <tmap:lineIndex>10</tmap:lineIndex>    <styleUrl>#style1</styleUrl>    <tmap:id>1012902</tmap:id>    <name><![CDATA[강변북로/1012902/417745]]></name>    <description><![CDATA[성산대교강변북로점(동) 에서 성산대교강변북로점(서) 방면 원활 / 76]]></description>    <tmap:congestion>1</tmap:congestion>    <tmap:direction>1</tmap:direction>    <tmap:roadType>007</tmap:roadType>    <tmap:startNodeName><![CDATA[성산대교강변북로점(동)]]></tmap:startNodeName>    <tmap:endNodeName><![CDATA[성산대교강변북로점(서)]]></tmap:endNodeName>    <tmap:distance>700</tmap:distance>    <tmap:time>33.15</tmap:time>    <tmap:speed>76</tmap:speed>    <LineString>     <coordinates>126.891785,37.559961 126.891389,37.5602</coordinates>    </LineString>   </Placemark>   <Placemark>    <tmap:index>11</tmap:index>    <tmap:lineIndex>11</tmap:lineIndex>    <styleUrl>#style1</styleUrl>    <tmap:id>1012851</tmap:id>    <name><![CDATA[성산로(서울)/1012851/352817]]></name>    <description><![CDATA[성산대교북단입구 에서 성산대교북단 방면 원활 / 58]]></description>    <tmap:congestion>1</tmap:congestion>    <tmap:direction>0</tmap:direction>    <tmap:roadType>004</tmap:roadType>    <tmap:startNodeName><![CDATA[성산대교북단입구]]></tmap:startNodeName>    <tmap:endNodeName><![CDATA[성산대교북단]]></tmap:endNodeName>    <tmap:distance>419</tmap:distance>    <tmap:time>26.00</tmap:time>    <tmap:speed>58</tmap:speed>    <LineString>     <coordinates>126.896359,37.560267 126.896139,37.560148 126.89606,37.560096 126.895898,37.559951 126.895721,37.559741 126.894987,37.558605 126.894699,37.558061</coordinates>    </LineString>   </Placemark>   <Placemark>    <tmap:index>12</tmap:index>    <tmap:lineIndex>12</tmap:lineIndex>    <styleUrl>#style1</styleUrl>    <tmap:id>1012852</tmap:id>    <name><![CDATA[성산로(서울)/1012852/352818]]></name>    <description><![CDATA[성산대교북단 에서 성산대교북단입구 방면 원활 / 66]]></description>    <tmap:congestion>1</tmap:congestion>    <tmap:direction>1</tmap:direction>    <tmap:roadType>004</tmap:roadType>    <tmap:startNodeName><![CDATA[성산대교북단]]></tmap:startNodeName>    <tmap:endNodeName><![CDATA[성산대교북단입구]]></tmap:endNodeName>    <tmap:distance>419</tmap:distance>    <tmap:time>22.85</tmap:time>    <tmap:speed>66</tmap:speed>    <LineString>     <coordinates>126.894798,37.558028 126.895084,37.558569 126.895814,37.559698 126.895984,37.559899 126.896136,37.560035 126.896204,37.56008 126.89642,37.560197</coordinates>    </LineString>   </Placemark>   <Placemark>    <tmap:index>13</tmap:index>    <tmap:lineIndex>13</tmap:lineIndex>    <styleUrl>#style1</styleUrl>    <tmap:id>1012811</tmap:id>    <name><![CDATA[내부순환도로/1012811/352813]]></name>    <description><![CDATA[ 에서  방면 원활 / 72]]></description>    <tmap:congestion>1</tmap:congestion>    <tmap:direction>null</tmap:direction>    <tmap:roadType>004</tmap:roadType>    <tmap:startNodeName><![CDATA[]]></tmap:startNodeName>    <tmap:endNodeName><![CDATA[]]></tmap:endNodeName>    <tmap:distance>1017</tmap:distance>    <tmap:time>50.84</tmap:time>    <tmap:speed>72</tmap:speed>    <LineString>     <coordinates>126.898401,37.562026 126.897911,37.561886 126.897682,37.56182 126.896982,37.561631 126.896504,37.561496 126.89616,37.561377 126.895917,37.561264 126.895545,37.561072 126.895209,37.56082 126.895001,37.560641 126.894804,37.56043 126.894633,37.560211 126.894468,37.559932 126.894382,37.559747 126.894338,37.559608 126.894271,37.559348 126.89423,37.559029 126.894233,37.558742 126.894264,37.558481 126.894411,37.557899 126.894692,37.556918 126.894756,37.5567 126.894927,37.556329 126.895131,37.556025 126.8953,37.555827 126.895508,37.55562 126.896473,37.554905 126.899042,37.553058 126.900011,37.552463</coordinates>    </LineString>   </Placemark>   <Placemark>    <tmap:index>14</tmap:index>    <tmap:lineIndex>14</tmap:lineIndex>    <styleUrl>#style1</styleUrl>    <tmap:id>1012822</tmap:id>    <name><![CDATA[내부순환도로/1012822/352814]]></name>    <description><![CDATA[ 에서  방면 원활 / 70]]></description>    <tmap:congestion>1</tmap:congestion>    <tmap:direction>null</tmap:direction>    <tmap:roadType>004</tmap:roadType>    <tmap:startNodeName><![CDATA[]]></tmap:startNodeName>    <tmap:endNodeName><![CDATA[]]></tmap:endNodeName>    <tmap:distance>837</tmap:distance>    <tmap:time>43.04</tmap:time>    <tmap:speed>70</tmap:speed>    <LineString>     <coordinates>126.90061,37.552502 126.900474,37.552634 126.900105,37.553047 126.897782,37.554785 126.897268,37.555189 126.896969,37.555455 126.896507,37.555916 126.896107,37.55643 126.895842,37.556886 126.895703,37.55716 126.895492,37.55764 126.895285,37.558224 126.895209,37.558529 126.895193,37.558678 126.89519,37.559015 126.8952,37.55915 126.89526,37.559449 126.895342,37.559661 126.895537,37.560036 126.895737,37.560291 126.896275,37.560815 126.896461,37.560978 126.896682,37.561152 126.897065,37.561372 126.897304,37.56148 126.898029,37.561752</coordinates>    </LineString>   </Placemark>   <Placemark>    <tmap:index>15</tmap:index>    <tmap:lineIndex>15</tmap:lineIndex>    <styleUrl>#style3</styleUrl>    <tmap:id>1011291</tmap:id>    <name><![CDATA[월드컵로/1011291/352635]]></name>    <description><![CDATA[상암교 에서 성산교통안전공단 방면 지체 / 10]]></description>    <tmap:congestion>3</tmap:congestion>    <tmap:direction>0</tmap:direction>    <tmap:roadType>004</tmap:roadType>    <tmap:startNodeName><![CDATA[상암교]]></tmap:startNodeName>    <tmap:endNodeName><![CDATA[성산교통안전공단]]></tmap:endNodeName>    <tmap:distance>118</tmap:distance>    <tmap:time>42.48</tmap:time>    <tmap:speed>10</tmap:speed>    <LineString>     <coordinates>126.899155,37.566216 126.89931,37.566174 126.899965,37.565987 126.900095,37.565943 126.900138,37.565926 126.900571,37.565745 126.901418,37.565406</coordinates>    </LineString>   </Placemark>   <Placemark>    <tmap:index>16</tmap:index>    <tmap:lineIndex>16</tmap:lineIndex>    <styleUrl>#style1</styleUrl>    <tmap:id>1011292</tmap:id>    <name><![CDATA[월드컵로/1011292/352636]]></name>    <description><![CDATA[성산교통안전공단 에서 상암교 방면 원활 / 33]]></description>    <tmap:congestion>1</tmap:congestion>    <tmap:direction>1</tmap:direction>    <tmap:roadType>004</tmap:roadType>    <tmap:startNodeName><![CDATA[성산교통안전공단]]></tmap:startNodeName>    <tmap:endNodeName><![CDATA[상암교]]></tmap:endNodeName>    <tmap:distance>118</tmap:distance>    <tmap:time>12.87</tmap:time>    <tmap:speed>33</tmap:speed>    <LineString>     <coordinates>126.901467,37.565483 126.90062,37.565821 126.900187,37.566002 126.90014,37.566021 126.900004,37.566067 126.899346,37.566254 126.89919,37.566297</coordinates>    </LineString>   </Placemark>   <Placemark>    <tmap:index>17</tmap:index>    <tmap:lineIndex>17</tmap:lineIndex>    <styleUrl>#style1</styleUrl>    <tmap:id>1010871</tmap:id>    <name><![CDATA[월드컵로/1010871/352579]]></name>    <description><![CDATA[월드컵경기장사거리 에서 상암교 방면 원활 / 41]]></description>    <tmap:congestion>1</tmap:congestion>    <tmap:direction>0</tmap:direction>    <tmap:roadType>013</tmap:roadType>    <tmap:startNodeName><![CDATA[월드컵경기장사거리]]></tmap:startNodeName>    <tmap:endNodeName><![CDATA[상암교]]></tmap:endNodeName>    <tmap:distance>458</tmap:distance>    <tmap:time>40.21</tmap:time>    <tmap:speed>41</tmap:speed>    <LineString>     <coordinates>126.893588,37.567629 126.894024,37.567338 126.895309,37.566707 126.895971,37.566519 126.896476,37.566416 126.897398,37.566269 126.89743,37.566268 126.897762,37.566254 126.898433,37.566255 126.898819,37.566254 126.898939,37.566252 126.899161,37.566215</coordinates>    </LineString>   </Placemark>   <Placemark>    <tmap:index>18</tmap:index>    <tmap:lineIndex>18</tmap:lineIndex>    <styleUrl>#style1</styleUrl>    <tmap:id>1010872</tmap:id>    <name><![CDATA[월드컵로/1010872/352580]]></name>    <description><![CDATA[상암교 에서 월드컵경기장사거리 방면 원활 / 32]]></description>    <tmap:congestion>1</tmap:congestion>    <tmap:direction>1</tmap:direction>    <tmap:roadType>004</tmap:roadType>    <tmap:startNodeName><![CDATA[상암교]]></tmap:startNodeName>    <tmap:endNodeName><![CDATA[월드컵경기장사거리]]></tmap:endNodeName>    <tmap:distance>458</tmap:distance>    <tmap:time>51.52</tmap:time>    <tmap:speed>32</tmap:speed>    <LineString>     <coordinates>126.899184,37.566298 126.898951,37.566337 126.89882,37.56634 126.898433,37.566341 126.897764,37.56634 126.897435,37.566354 126.897411,37.566354 126.8965,37.566499 126.896002,37.566601 126.895356,37.566785 126.894087,37.567407 126.893658,37.567695</coordinates>    </LineString>   </Placemark>   <Placemark>    <tmap:index>19</tmap:index>    <tmap:lineIndex>19</tmap:lineIndex>    <styleUrl>#style1</styleUrl>    <tmap:id>1010881</tmap:id>    <name><![CDATA[증산로/1010881/352581]]></name>    <description><![CDATA[월드컵경기장사거리 에서 월드컵경기장입구 방면 원활 / 62]]></description>    <tmap:congestion>1</tmap:congestion>    <tmap:direction>0</tmap:direction>    <tmap:roadType>004</tmap:roadType>    <tmap:startNodeName><![CDATA[월드컵경기장사거리]]></tmap:startNodeName>    <tmap:endNodeName><![CDATA[월드컵경기장입구]]></tmap:endNodeName>    <tmap:distance>429</tmap:distance>    <tmap:time>24.90</tmap:time>    <tmap:speed>62</tmap:speed>    <LineString>     <coordinates>126.89358,37.567688 126.893136,37.567231 126.891021,37.564909</coordinates>    </LineString>   </Placemark>   <Placemark>    <tmap:index>20</tmap:index>    <tmap:lineIndex>20</tmap:lineIndex>    <styleUrl>#style1</styleUrl>    <tmap:id>1010882</tmap:id>    <name><![CDATA[증산로/1010882/352582]]></name>    <description><![CDATA[월드컵경기장입구 에서 월드컵경기장사거리 방면 원활 / 32]]></description>    <tmap:congestion>1</tmap:congestion>    <tmap:direction>1</tmap:direction>    <tmap:roadType>004</tmap:roadType>    <tmap:startNodeName><![CDATA[월드컵경기장입구]]></tmap:startNodeName>    <tmap:endNodeName><![CDATA[월드컵경기장사거리]]></tmap:endNodeName>    <tmap:distance>456</tmap:distance>    <tmap:time>51.30</tmap:time>    <tmap:speed>32</tmap:speed>    <LineString>     <coordinates>126.891108,37.564859 126.893222,37.56718 126.893666,37.567636</coordinates>    </LineString>   </Placemark>   <Placemark>    <tmap:index>21</tmap:index>    <tmap:lineIndex>21</tmap:lineIndex>    <styleUrl>#style2</styleUrl>    <tmap:id>1012292</tmap:id>    <name><![CDATA[성산로(서울)/1012292/352736]]></name>    <description><![CDATA[상암교입구 에서 마포구청역 방면 서행 / 21]]></description>    <tmap:congestion>2</tmap:congestion>    <tmap:direction>1</tmap:direction>    <tmap:roadType>004</tmap:roadType>    <tmap:startNodeName><![CDATA[상암교입구]]></tmap:startNodeName>    <tmap:endNodeName><![CDATA[마포구청역]]></tmap:endNodeName>    <tmap:distance>448</tmap:distance>    <tmap:time>76.80</tmap:time>    <tmap:speed>21</tmap:speed>    <LineString>     <coordinates>126.89893,37.561232 126.901694,37.562333 126.903888,37.562947</coordinates>    </LineString>   </Placemark>   <Placemark>    <tmap:index>22</tmap:index>    <tmap:lineIndex>22</tmap:lineIndex>    <styleUrl>#style1</styleUrl>    <tmap:id>1012422</tmap:id>    <name><![CDATA[내부순환로/1012422/352755]]></name>    <description><![CDATA[성산대교(내부순환진입) 에서 성산램프진입점 방면 원활 / 79]]></description>    <tmap:congestion>1</tmap:congestion>    <tmap:direction>0</tmap:direction>    <tmap:roadType>002</tmap:roadType>    <tmap:startNodeName><![CDATA[성산대교(내부순환진입)]]></tmap:startNodeName>    <tmap:endNodeName><![CDATA[성산램프진입점]]></tmap:endNodeName>    <tmap:distance>488</tmap:distance>    <tmap:time>22.23</tmap:time>    <tmap:speed>79</tmap:speed>    <LineString>     <coordinates>126.898022,37.56175 126.899401,37.562091 126.902345,37.562871</coordinates>    </LineString>   </Placemark>   <Placemark>    <tmap:index>23</tmap:index>    <tmap:lineIndex>23</tmap:lineIndex>    <styleUrl>#style1</styleUrl>    <tmap:id>1012571</tmap:id>    <name><![CDATA[성산로(서울)/1012571/417732]]></name>    <description><![CDATA[상암교입구 에서 성산대교북단입구 방면 원활 / 55]]></description>    <tmap:congestion>1</tmap:congestion>    <tmap:direction>0</tmap:direction>    <tmap:roadType>013</tmap:roadType>    <tmap:startNodeName><![CDATA[상암교입구]]></tmap:startNodeName>    <tmap:endNodeName><![CDATA[성산대교북단입구]]></tmap:endNodeName>    <tmap:distance>471</tmap:distance>    <tmap:time>30.82</tmap:time>    <tmap:speed>55</tmap:speed>    <LineString>     <coordinates>126.90095,37.562271 126.900352,37.56208399999999 126.899325,37.561684 126.898879,37.561495</coordinates>    </LineString>   </Placemark>   <Placemark>    <tmap:index>24</tmap:index>    <tmap:lineIndex>24</tmap:lineIndex>    <styleUrl>#style1</styleUrl>    <tmap:id>1012571</tmap:id>    <name><![CDATA[성산로(서울)/1012571/417731]]></name>    <description><![CDATA[상암교입구 에서 성산대교북단입구 방면 원활 / 55]]></description>    <tmap:congestion>1</tmap:congestion>    <tmap:direction>0</tmap:direction>    <tmap:roadType>013</tmap:roadType>    <tmap:startNodeName><![CDATA[상암교입구]]></tmap:startNodeName>    <tmap:endNodeName><![CDATA[성산대교북단입구]]></tmap:endNodeName>    <tmap:distance>471</tmap:distance>    <tmap:time>30.82</tmap:time>    <tmap:speed>55</tmap:speed>    <LineString>     <coordinates>126.898903,37.561624 126.898852,37.561468</coordinates>    </LineString>   </Placemark>   <Placemark>    <tmap:index>25</tmap:index>    <tmap:lineIndex>25</tmap:lineIndex>    <styleUrl>#style1</styleUrl>    <tmap:id>1012571</tmap:id>    <name><![CDATA[성산로(서울)/1012571/417727]]></name>    <description><![CDATA[상암교입구 에서 성산대교북단입구 방면 원활 / 55]]></description>    <tmap:congestion>1</tmap:congestion>    <tmap:direction>0</tmap:direction>    <tmap:roadType>013</tmap:roadType>    <tmap:startNodeName><![CDATA[상암교입구]]></tmap:startNodeName>    <tmap:endNodeName><![CDATA[성산대교북단입구]]></tmap:endNodeName>    <tmap:distance>471</tmap:distance>    <tmap:time>30.82</tmap:time>    <tmap:speed>55</tmap:speed>    <LineString>     <coordinates>126.8963,37.560371 126.896084,37.560292</coordinates>    </LineString>   </Placemark>   <Placemark>    <tmap:index>26</tmap:index>    <tmap:lineIndex>26</tmap:lineIndex>    <styleUrl>#style1</styleUrl>    <tmap:id>1012571</tmap:id>    <name><![CDATA[성산로(서울)/1012571/417729]]></name>    <description><![CDATA[상암교입구 에서 성산대교북단입구 방면 원활 / 55]]></description>    <tmap:congestion>1</tmap:congestion>    <tmap:direction>0</tmap:direction>    <tmap:roadType>013</tmap:roadType>    <tmap:startNodeName><![CDATA[상암교입구]]></tmap:startNodeName>    <tmap:endNodeName><![CDATA[성산대교북단입구]]></tmap:endNodeName>    <tmap:distance>471</tmap:distance>    <tmap:time>30.82</tmap:time>    <tmap:speed>55</tmap:speed>    <LineString>     <coordinates>126.898879,37.561495 126.898409,37.561297 126.896873,37.560673 126.896293,37.560367</coordinates>    </LineString>   </Placemark>   <Placemark>    <tmap:index>27</tmap:index>    <tmap:lineIndex>27</tmap:lineIndex>    <styleUrl>#style1</styleUrl>    <tmap:id>1012571</tmap:id>    <name><![CDATA[성산로(서울)/1012571/417728]]></name>    <description><![CDATA[상암교입구 에서 성산대교북단입구 방면 원활 / 55]]></description>    <tmap:congestion>1</tmap:congestion>    <tmap:direction>0</tmap:direction>    <tmap:roadType>013</tmap:roadType>    <tmap:startNodeName><![CDATA[상암교입구]]></tmap:startNodeName>    <tmap:endNodeName><![CDATA[성산대교북단입구]]></tmap:endNodeName>    <tmap:distance>471</tmap:distance>    <tmap:time>30.82</tmap:time>    <tmap:speed>55</tmap:speed>    <LineString>     <coordinates>126.896291,37.560366 126.896185,37.5603 126.896124,37.56025 126.896076,37.56019 126.896024,37.56011 126.895895,37.559947</coordinates>    </LineString>   </Placemark>   <Placemark>    <tmap:index>28</tmap:index>    <tmap:lineIndex>28</tmap:lineIndex>    <styleUrl>#style1</styleUrl>    <tmap:id>1012571</tmap:id>    <name><![CDATA[성산로(서울)/1012571/417730]]></name>    <description><![CDATA[상암교입구 에서 성산대교북단입구 방면 원활 / 55]]></description>    <tmap:congestion>1</tmap:congestion>    <tmap:direction>0</tmap:direction>    <tmap:roadType>013</tmap:roadType>    <tmap:startNodeName><![CDATA[상암교입구]]></tmap:startNodeName>    <tmap:endNodeName><![CDATA[성산대교북단입구]]></tmap:endNodeName>    <tmap:distance>471</tmap:distance>    <tmap:time>30.82</tmap:time>    <tmap:speed>55</tmap:speed>    <LineString>     <coordinates>126.898852,37.56146799999999 126.898825,37.56138599999999 126.898796,37.56131599999999 126.898766,37.561289 126.898729,37.561262 126.898661,37.56122299999999 126.896945,37.56054 126.896695,37.560431 126.896361,37.560268</coordinates>    </LineString>   </Placemark>   <Placemark>    <tmap:index>29</tmap:index>    <tmap:lineIndex>29</tmap:lineIndex>    <styleUrl>#style1</styleUrl>    <tmap:id>1012572</tmap:id>    <name><![CDATA[성산로(서울)/1012572/352782]]></name>    <description><![CDATA[성산대교북단입구 에서 상암교입구 방면 원활 / 40]]></description>    <tmap:congestion>1</tmap:congestion>    <tmap:direction>1</tmap:direction>    <tmap:roadType>013</tmap:roadType>    <tmap:startNodeName><![CDATA[성산대교북단입구]]></tmap:startNodeName>    <tmap:endNodeName><![CDATA[상암교입구]]></tmap:endNodeName>    <tmap:distance>471</tmap:distance>    <tmap:time>42.38</tmap:time>    <tmap:speed>40</tmap:speed>    <LineString>     <coordinates>126.896418,37.560196 126.896749,37.560358 126.896995,37.560464 126.898713,37.561148 126.89893,37.561232</coordinates>    </LineString>   </Placemark>   <Placemark>    <tmap:index>30</tmap:index>    <tmap:lineIndex>30</tmap:lineIndex>    <styleUrl>#style1</styleUrl>    <tmap:id>1011731</tmap:id>    <name><![CDATA[내부순환도로/1011731/417715]]></name>    <description><![CDATA[ 에서  방면 원활 / 55]]></description>    <tmap:congestion>1</tmap:congestion>    <tmap:direction>null</tmap:direction>    <tmap:roadType>004</tmap:roadType>    <tmap:startNodeName><![CDATA[]]></tmap:startNodeName>    <tmap:endNodeName><![CDATA[]]></tmap:endNodeName>    <tmap:distance>883</tmap:distance>    <tmap:time>57.79</tmap:time>    <tmap:speed>55</tmap:speed>    <LineString>     <coordinates>126.887575,37.56192399999999 126.888582,37.561343 126.888718,37.561244 126.889049,37.560958 126.889426,37.560591 126.889589,37.560448 126.889714,37.560349 126.890119,37.56011 126.890301,37.560021 126.890426,37.559969 126.890641,37.559892 126.890949,37.559803 126.891086,37.559774 126.891267,37.559746 126.891765,37.559708 126.892226,37.559722 126.892669,37.559784 126.892898,37.559831 126.893118,37.559894 126.894072,37.560298 126.895215,37.560792 126.89541,37.560886 126.895505,37.560933 126.895707,37.561013 126.896436,37.56129 126.896747,37.561386 126.897013,37.561463 126.897381,37.561579 126.898023,37.56175</coordinates>    </LineString>   </Placemark>   <Placemark>    <tmap:index>31</tmap:index>    <tmap:lineIndex>31</tmap:lineIndex>    <styleUrl>#style1</styleUrl>    <tmap:id>1012801</tmap:id>    <name><![CDATA[내부순환도로/1012801/352812]]></name>    <description><![CDATA[ 에서  방면 원활 / 53]]></description>    <tmap:congestion>1</tmap:congestion>    <tmap:direction>null</tmap:direction>    <tmap:roadType>004</tmap:roadType>    <tmap:startNodeName><![CDATA[]]></tmap:startNodeName>    <tmap:endNodeName><![CDATA[]]></tmap:endNodeName>    <tmap:distance>425</tmap:distance>    <tmap:time>28.86</tmap:time>    <tmap:speed>53</tmap:speed>    <LineString>     <coordinates>126.898408,37.562027 126.897736,37.561915 126.897667,37.561899 126.896386,37.561551 126.896062,37.561442 126.895766,37.561301 126.895171,37.560971 126.894742,37.560766 126.894443,37.560629 126.894071,37.560476 126.893147,37.560078 126.893,37.560022 126.892933,37.560003 126.89284,37.559983 126.892745,37.559972 126.892575,37.559955 126.892465,37.559962 126.892296,37.559972 126.892138,37.560004 126.892073,37.560022 126.891988,37.560049 126.891686,37.560169 126.891423,37.560287 126.890296,37.560819</coordinates>    </LineString>   </Placemark>   <Placemark>    <tmap:index>32</tmap:index>    <tmap:lineIndex>32</tmap:lineIndex>    <styleUrl>#style1</styleUrl>    <tmap:id>1012841</tmap:id>    <name><![CDATA[/1012841/352815]]></name>    <description><![CDATA[ 에서  방면 원활 / 50]]></description>    <tmap:congestion>1</tmap:congestion>    <tmap:direction>null</tmap:direction>    <tmap:roadType>004</tmap:roadType>    <tmap:startNodeName><![CDATA[]]></tmap:startNodeName>    <tmap:endNodeName><![CDATA[]]></tmap:endNodeName>    <tmap:distance>502</tmap:distance>    <tmap:time>36.14</tmap:time>    <tmap:speed>50</tmap:speed>    <LineString>     <coordinates>126.896075,37.560287 126.895926,37.5602 126.894367,37.559527 126.894088,37.559452 126.893875,37.559415 126.893615,37.559397 126.893467,37.5594 126.893235,37.559428 126.893079,37.559466 126.892831,37.559558 126.892658,37.559636 126.892319,37.559795 126.891382,37.560203</coordinates>    </LineString>   </Placemark>   <Placemark>    <tmap:index>33</tmap:index>    <tmap:lineIndex>33</tmap:lineIndex>    <styleUrl>#style1</styleUrl>    <tmap:id>1012881</tmap:id>    <name><![CDATA[/1012881/352820]]></name>    <description><![CDATA[ 에서  방면 원활 / 40]]></description>    <tmap:congestion>1</tmap:congestion>    <tmap:direction>null</tmap:direction>    <tmap:roadType>004</tmap:roadType>    <tmap:startNodeName><![CDATA[]]></tmap:startNodeName>    <tmap:endNodeName><![CDATA[]]></tmap:endNodeName>    <tmap:distance>466</tmap:distance>    <tmap:time>41.94</tmap:time>    <tmap:speed>40</tmap:speed>    <LineString>     <coordinates>126.890185,37.560553 126.891366,37.559997 126.891584,37.559861 126.891794,37.559708 126.892237,37.559362 126.893375,37.558261 126.89369,37.557969 126.893833,37.557824 126.893916,37.557703 126.893954,37.557625 126.893979,37.557545 126.893988,37.557504 126.894012,37.557337 126.894007,37.557191 126.89399,37.557071 126.893892,37.556788 126.89371,37.556423</coordinates>    </LineString>   </Placemark>   <Placemark>    <tmap:index>34</tmap:index>    <tmap:lineIndex>34</tmap:lineIndex>    <styleUrl>#style1</styleUrl>    <tmap:id>1011611</tmap:id>    <name><![CDATA[내부순환로/1011611/352679]]></name>    <description><![CDATA[성산램프진출점 에서 성산대교(강변북로진출) 방면 원활 / 77]]></description>    <tmap:congestion>1</tmap:congestion>    <tmap:direction>1</tmap:direction>    <tmap:roadType>004</tmap:roadType>    <tmap:startNodeName><![CDATA[성산램프진출점]]></tmap:startNodeName>    <tmap:endNodeName><![CDATA[성산대교(강변북로진출)]]></tmap:endNodeName>    <tmap:distance>1360</tmap:distance>    <tmap:time>63.58</tmap:time>    <tmap:speed>77</tmap:speed>    <LineString>     <coordinates>126.909075,37.564982 126.898401,37.562026</coordinates>    </LineString>   </Placemark>   <Placemark>    <tmap:index>35</tmap:index>    <tmap:lineIndex>35</tmap:lineIndex>    <styleUrl>#style2</styleUrl>    <tmap:id>1009231</tmap:id>    <name><![CDATA[월드컵로/1009231/352352]]></name>    <description><![CDATA[하늘공원 에서 월드컵경기장사거리 방면 서행 / 28]]></description>    <tmap:congestion>2</tmap:congestion>    <tmap:direction>0</tmap:direction>    <tmap:roadType>004</tmap:roadType>    <tmap:startNodeName><![CDATA[하늘공원]]></tmap:startNodeName>    <tmap:endNodeName><![CDATA[월드컵경기장사거리]]></tmap:endNodeName>    <tmap:distance>997</tmap:distance>    <tmap:time>128.18</tmap:time>    <tmap:speed>28</tmap:speed>    <LineString>     <coordinates>126.888126,37.573002 126.888355,37.572773 126.889413,37.57135 126.889699,37.570998 126.890681,37.569967 126.891201,37.569482 126.892018,37.568766 126.893146,37.567941 126.893587,37.56763</coordinates>    </LineString>   </Placemark>   <Placemark>    <tmap:index>36</tmap:index>    <tmap:lineIndex>36</tmap:lineIndex>    <styleUrl>#style1</styleUrl>    <tmap:id>1009232</tmap:id>    <name><![CDATA[월드컵로/1009232/352353]]></name>    <description><![CDATA[월드컵경기장사거리 에서 하늘공원 방면 원활 / 31]]></description>    <tmap:congestion>1</tmap:congestion>    <tmap:direction>1</tmap:direction>    <tmap:roadType>004</tmap:roadType>    <tmap:startNodeName><![CDATA[월드컵경기장사거리]]></tmap:startNodeName>    <tmap:endNodeName><![CDATA[하늘공원]]></tmap:endNodeName>    <tmap:distance>997</tmap:distance>    <tmap:time>115.78</tmap:time>    <tmap:speed>31</tmap:speed>    <LineString>     <coordinates>126.893659,37.567694 126.893218,37.568004 126.892094,37.568827 126.891282,37.569538 126.890765,37.570021 126.889787,37.571047 126.889505,37.571394 126.888444,37.572821 126.888211,37.573055</coordinates>    </LineString>   </Placemark>   <Placemark>    <tmap:index>37</tmap:index>    <tmap:lineIndex>37</tmap:lineIndex>    <styleUrl>#style1</styleUrl>    <tmap:id>1052881</tmap:id>    <name><![CDATA[성암로(서울)/1052881/355467]]></name>    <description><![CDATA[연남교 에서 상암초교입구 방면 원활 / 39]]></description>    <tmap:congestion>1</tmap:congestion>    <tmap:direction>0</tmap:direction>    <tmap:roadType>004</tmap:roadType>    <tmap:startNodeName><![CDATA[연남교]]></tmap:startNodeName>    <tmap:endNodeName><![CDATA[상암초교입구]]></tmap:endNodeName>    <tmap:distance>2400</tmap:distance>    <tmap:time>221.53</tmap:time>    <tmap:speed>39</tmap:speed>    <LineString>     <coordinates>126.916845,37.567426 126.916036,37.567812 126.915851,37.567902 126.915404,37.568103 126.913105,37.569002 126.911436,37.569689 126.910459,37.570085 126.909212,37.570624 126.908823,37.57081 126.907932,37.57127 126.907108,37.571735 126.905732,37.572516 126.904156,37.573433 126.903226,37.573977 126.903063,37.574075 126.90259,37.574362 126.900916,37.575353 126.900237,37.575777 126.899495,37.576231 126.898672,37.576796 126.897762,37.577411 126.89682,37.578086 126.896356,37.578389 126.895577,37.578854 126.894654,37.579415</coordinates>    </LineString>   </Placemark>   <Placemark>    <tmap:index>38</tmap:index>    <tmap:lineIndex>38</tmap:lineIndex>    <styleUrl>#style1</styleUrl>    <tmap:id>1052882</tmap:id>    <name><![CDATA[성암로(서울)/1052882/355468]]></name>    <description><![CDATA[상암초교입구 에서 연남교 방면 원활 / 39]]></description>    <tmap:congestion>1</tmap:congestion>    <tmap:direction>1</tmap:direction>    <tmap:roadType>004</tmap:roadType>    <tmap:startNodeName><![CDATA[상암초교입구]]></tmap:startNodeName>    <tmap:endNodeName><![CDATA[연남교]]></tmap:endNodeName>    <tmap:distance>2400</tmap:distance>    <tmap:time>221.53</tmap:time>    <tmap:speed>39</tmap:speed>    <LineString>     <coordinates>126.894588,37.579347 126.895512,37.578786 126.896289,37.578322 126.896749,37.578022 126.89769,37.577347 126.898602,37.576732 126.899426,37.576165 126.900171,37.575709 126.90085,37.575285 126.902525,37.574294 126.902998,37.574007 126.903161,37.573908 126.904092,37.573364 126.905669,37.572446 126.907046,37.571666 126.907872,37.5712 126.908765,37.570738 126.909158,37.57055 126.910408,37.570009 126.911386,37.569613 126.913056,37.568926 126.915354,37.568027 126.915796,37.567829 126.91598,37.567739 126.916789,37.567352</coordinates>    </LineString>   </Placemark>  </Document> </kml> 